id,name,neighbourhood,location,room_type,price,minimum_nights,number_of_reviews,city
958,"Bright, Modern Garden Unit - 1BR/1BTH",Western Addition,"(37.77028, -122.43317)",Entire home/apt,202,2,383,San Francisco
5858,Creative Sanctuary,Bernal Heights,"(37.74474, -122.42089)",Entire home/apt,235,30,111,San Francisco
8142,Friendly Room Apt. Style -UCSF/USF - San Francisco,Haight Ashbury,"(37.76555, -122.45213)",Private room,56,32,9,San Francisco
8339,Historic Alamo Square Victorian,Western Addition,"(37.77564, -122.43642)",Entire home/apt,575,9,28,San Francisco
8739,"Mission Sunshine, with Private Bath",Mission,"(37.7603, -122.42197)",Private room,110,1,770,San Francisco
10537,Elegant & Cozy w/City views. Private room: Purple,Bayview,"(37.7175, -122.39698)",Private room,95,1,19,San Francisco
142177,"Stylish, Spacious and Quiet Flat!",Outer Richmond,"(37.7844, -122.47932)",Entire home/apt,259,5,234,San Francisco
490931,"Mission's ""La Lengua",Bernal Heights,"(37.74766, -122.42041)",Private room,100,30,80,San Francisco
10578,Classic Nob Hill Studio - Roof Deck,Nob Hill,"(37.79249, -122.41499)",Entire home/apt,79,30,18,San Francisco
12041,Sunny/Sunset view room UCSF/USF - San Francisco,Haight Ashbury,"(37.76901, -122.44701)",Private room,65,32,7,San Francisco
491867,Central San Francisco Urban Dream,Western Addition,"(37.77196, -122.43477)",Entire home/apt,425,2,56,San Francisco
12042,Sunny/Sunset view room UCSF/USF - San Francisco*,Haight Ashbury,"(37.76932, -122.44723)",Private room,65,32,5,San Francisco
12522,Perfectly located Castro,Castro/Upper Market,"(37.76237, -122.42992)",Private room,99,3,446,San Francisco
144242,Lake Street Single Family Home,Inner Richmond,"(37.78546, -122.46148)",Entire home/apt,545,3,22,San Francisco
18231,Loft-like Apt./Garden,Noe Valley,"(37.74916, -122.42971)",Entire home/apt,95,30,69,San Francisco
144978,Prime Location - Small Basic Room,Pacific Heights,"(37.79233, -122.42431)",Private room,55,30,121,San Francisco
147443,Best Views in all of San Francisco,Diamond Heights,"(37.74633, -122.44591)",Entire home/apt,167,30,112,San Francisco
493889,Spacious 1brm w/ breathtaking view,Outer Mission,"(37.72833, -122.44125)",Entire home/apt,235,4,102,San Francisco
18904,Lower Haight Urban Zen With Private Bath,Western Addition,"(37.77247, -122.43301)",Private room,116,2,443,San Francisco
494111,Comfortable space of your own in SF,Outer Richmond,"(37.77988, -122.48488)",Entire home/apt,140,3,222,San Francisco
148627,Romantic Marina Garden Studio,Marina,"(37.79961, -122.42771)",Entire home/apt,85,30,118,San Francisco
21334,Studio loft on top of Russian Hill,Nob Hill,"(37.7962, -122.41562)",Entire home/apt,149,30,124,San Francisco
148769,Ground Floor Studio with Garage Parking,Twin Peaks,"(37.75045, -122.44956)",Entire home/apt,70,30,96,San Francisco
149108,Luxury UCSF Cole Valley Condo w/Tesla Charger,Haight Ashbury,"(37.76216, -122.45022)",Entire home/apt,180,30,3,San Francisco
501770,Contemporary Home with Mid-Century Modern Design,Haight Ashbury,"(37.77252, -122.43846)",Entire home/apt,220,30,110,San Francisco
23611,Lovely 1 Bedroom Bernal Condo with FAB Views !,Bernal Heights,"(37.74537, -122.41226)",Entire home/apt,286,5,261,San Francisco
503362,"Million Dollar Penthouse, Remodeled",Haight Ashbury,"(37.77265, -122.43857)",Entire home/apt,350,30,116,San Francisco
504146,★ Iconic Marina Waterfront ★ Walk/Bike Score 94+,Marina,"(37.80489, -122.43746)",Entire home/apt,295,2,111,San Francisco
505530,Come stay in Bernal Heights!!,Bernal Heights,"(37.74154, -122.4086)",Entire home/apt,240,30,13,San Francisco
150347,Cute Private 2Br Apt in the Mission with Parking!,Mission,"(37.75981, -122.4188)",Entire home/apt,158,30,131,San Francisco
166199,Castro Cottage w/ Secret Garden,Castro/Upper Market,"(37.76241, -122.43026)",Entire home/apt,170,30,159,San Francisco
166771,DOWNEY STREET - Victorian Flat,Haight Ashbury,"(37.76973, -122.44695)",Entire home/apt,150,30,170,San Francisco
24463,"Potrero Hill ""Nest"" Quiet, Comfy & Convenient",Potrero Hill,"(37.75565, -122.40125)",Private room,169,2,354,San Francisco
175090,FINANCIAL DIST:  near shops/dining. Rooftop deck.,Financial District,"(37.79203, -122.40284)",Entire home/apt,120,30,26,San Francisco
175102,FINANCIAL DIST:  near shops/dining. Rooftop deck.,Chinatown,"(37.79175, -122.4045)",Entire home/apt,130,30,54,San Francisco
511991,2bed2bath Lux Living awesome amenities,Financial District,"(37.79138, -122.39761)",Entire home/apt,390,31,1,San Francisco
24723,"Guest Suite in PacHeights, Japantown & Fillmore St",Pacific Heights,"(37.78897, -122.43376)",Entire home/apt,192,5,405,San Francisco
25094,San Francisco's Luxury Oasis Private Room On Noe,Glen Park,"(37.74159, -122.43159)",Private room,165,5,60,San Francisco
519796,Lrg Sunny Flat/1 Blk fr Lombard St,Russian Hill,"(37.801, -122.42436)",Entire home/apt,126,31,79,San Francisco
183859,"Family-Friendly Flat In San Francisco, CA. USA",Glen Park,"(37.73604, -122.43777)",Entire home/apt,249,3,320,San Francisco
27028,Secret Mission Garden,Mission,"(37.76005, -122.42208)",Private room,164,1,26,San Francisco
522273,Amazing Private Room w/View in Beautiful SF Flat,Bayview,"(37.73852, -122.39215)",Private room,62,30,11,San Francisco
29373,Sunny house with garden,Bernal Heights,"(37.73871, -122.41167)",Entire home/apt,160,7,18,San Francisco
530857,"Sunny, quiet private room with parking",Excelsior,"(37.71727, -122.43644)",Private room,85,2,38,San Francisco
531151,Sunny 4-Bedroom Family Home Central SF Location,Bernal Heights,"(37.73466, -122.41694)",Entire home/apt,423,3,24,San Francisco
193292,Nice Rooms With Private 1/2 Bath,Noe Valley,"(37.75117, -122.42567)",Private room,120,30,63,San Francisco
29557,gigi's bed and breakfast,Outer Richmond,"(37.77885, -122.50534)",Entire home/apt,175,2,112,San Francisco
201313,Fully Furnished 1 bedroom apartment,North Beach,"(37.80356, -122.40437)",Entire home/apt,175,30,3,San Francisco
32414,"Cozy, Sunny and Private Space",Bernal Heights,"(37.74038, -122.41327)",Entire home/apt,150,30,94,San Francisco
207980,"3 Bdrm City View Home w/Parking, deck,",Diamond Heights,"(37.74325, -122.43756)",Entire home/apt,295,2,556,San Francisco
533627,Potrero Paradise with Stunning Views and Hot Tub,Potrero Hill,"(37.7608, -122.40379)",Entire home/apt,696,30,35,San Francisco
537133,Unique unit w/loft. Serene outdoors. Dogs <20lbs.,Castro/Upper Market,"(37.75714, -122.43419)",Entire home/apt,97,30,7,San Francisco
33578,Potrero Hill Garden Lookout,Potrero Hill,"(37.76451, -122.39643)",Entire home/apt,290,1,710,San Francisco
545685,"Garden Suite by Golden Gate Park, Private Bathrm",Outer Richmond,"(37.77502, -122.48035)",Entire home/apt,79,2,1002,San Francisco
208714,Cozy fully furnished one bedroom apartment in SF,Downtown/Civic Center,"(37.78897, -122.41245)",Entire home/apt,148,30,78,San Francisco
39418,"Comfortable Home Base, Bernal Heights",Bernal Heights,"(37.741, -122.42018)",Entire home/apt,85,30,26,San Francisco
208831,Virtually Your Own Apt in Nth Beach,Russian Hill,"(37.80121, -122.41339)",Entire home/apt,164,3,568,San Francisco
209514,Haight Ashbury Experience Room 2,Haight Ashbury,"(37.77255, -122.44985)",Private room,69,1,585,San Francisco
555596,Charming Noe Valley Garden Oasis,Noe Valley,"(37.74402, -122.43729)",Entire home/apt,103,5,152,San Francisco
40092,Cute Private Apt in the hip Mission,Mission,"(37.7617, -122.41887)",Entire home/apt,116,30,104,San Francisco
561148,"Great Family Home, Quiet Street, Close to GG Park",Inner Richmond,"(37.77689, -122.45594)",Entire home/apt,468,3,37,San Francisco
212783,Haight Ashbury Experience Room 1,Haight Ashbury,"(37.77085, -122.44814)",Private room,69,1,562,San Francisco
41055,Quiet Cozy Castro Cottage,Castro/Upper Market,"(37.76123, -122.43326)",Entire home/apt,175,4,79,San Francisco
213532,Haight Ashbury Experience Room 4,Haight Ashbury,"(37.77175, -122.45012)",Private room,69,1,644,San Francisco
561602,"Great view in the Mission, 15 mins by bus downtown",Bernal Heights,"(37.74403, -122.41755)",Private room,80,4,246,San Francisco
41423,Guest Cottage - SF,Glen Park,"(37.7369, -122.43451)",Entire home/apt,125,30,155,San Francisco
563887,"Private Cole Valley Suite, quiet street, views",Haight Ashbury,"(37.7592, -122.44888)",Entire home/apt,275,5,16,San Francisco
218567,Balcony on Fillmore Street +Parking,Western Addition,"(37.78618, -122.43209)",Entire home/apt,250,30,89,San Francisco
41609,Spacious Quiet SF Downtown Work-From-Home Retreat,Downtown/Civic Center,"(37.78887, -122.41306)",Entire home/apt,165,30,27,San Francisco
568161,Comfortable Room in Glen Park (SF),Outer Mission,"(37.73218, -122.43726)",Private room,72,2,396,San Francisco
42060,Duboce park Edwardian apartment.,Western Addition,"(37.76962653931911, -122.4321040113865)",Entire home/apt,105,30,6,San Francisco
571042,Upscale View Cottage in San Francisco 3br/ 2.5ba.,Haight Ashbury,"(37.76829, -122.43968)",Entire home/apt,527,30,14,San Francisco
219438,"Super Lux View Pac Heights (3br/3.5 bath 2,600 sf)",Pacific Heights,"(37.79434, -122.43167)",Entire home/apt,649,60,0,San Francisco
220418,Haight Ashbury Experience Room 3,Haight Ashbury,"(37.77031, -122.44948)",Private room,69,1,534,San Francisco
44032,The Mission-100% Private,Mission,"(37.75158, -122.41158)",Entire home/apt,99,30,300,San Francisco
229319,Bernal pied-à-terre,Bernal Heights,"(37.73825, -122.41451)",Entire home/apt,239,5,27,San Francisco
571142,Top Rated San Francisco Airbnb! Sunny & Good Vibes,Inner Sunset,"(37.76459, -122.45483)",Entire home/apt,199,30,47,San Francisco
44680,Cute Noe/Mission Apartment,Mission,"(37.75131, -122.42167)",Entire home/apt,150,60,3,San Francisco
582335,"Luxurious, high end, modern, remodeled Victorian.",Marina,"(37.80144, -122.43865)",Entire home/apt,1149,4,11,San Francisco
231129,Nob Hill Mini Mansion,Nob Hill,"(37.79278, -122.41007)",Entire home/apt,1000,2,74,San Francisco
232060,Lovely Private Suite Near UCSF- Monthly Only,Inner Sunset,"(37.75893, -122.4664)",Entire home/apt,99,30,113,San Francisco
47682,One-bedroom apt.  Lafayette Park,Pacific Heights,"(37.79186, -122.42429)",Entire home/apt,125,30,34,San Francisco
238204,Spacious Getaway Near the Ocean,Parkside,"(37.74228, -122.50415)",Entire home/apt,140,2,278,San Francisco
585326,"Cozy Suite by Golden Gate Park, Private Bathrm",Outer Richmond,"(37.77547, -122.48116)",Entire home/apt,85,2,914,San Francisco
51557,Centrally Located Victorian Apartment,Western Addition,"(37.7714, -122.42935)",Entire home/apt,125,180,109,San Francisco
589767,Beautiful Nob Hill Apartment with Perfect Location,Russian Hill,"(37.79769, -122.41155)",Entire home/apt,275,7,27,San Francisco
251792,3 BR Family-Friendly Private Home with Hottub,Outer Sunset,"(37.75474, -122.48924)",Entire home/apt,511,2,12,San Francisco
51773,Prime Location - Small Cozy Room,Pacific Heights,"(37.79373, -122.42507)",Private room,57,30,166,San Francisco
256176,Private entrance bd/bath by GG Park,Inner Richmond,"(37.77713, -122.456)",Private room,102,2,437,San Francisco
53280,Large & sunny room with bath + yard,Bernal Heights,"(37.73805, -122.41165)",Private room,95,3,145,San Francisco
591431,Victorian home in the  ❤️ of The Mission,Mission,"(37.75, -122.4235)",Entire home/apt,450,1,18,San Francisco
54518,Downtown SF Living.,Financial District,"(37.79337, -122.40198)",Entire home/apt,132,30,21,San Francisco
592883,Quiet bedroom with private bathroom,Mission,"(37.75594, -122.41105)",Private room,90,7,73,San Francisco
258873,Stay in the heart of North Beach!,North Beach,"(37.80023, -122.40844)",Private room,100,2,417,San Francisco
269463,Elegant Victorian Flat in Haight,Haight Ashbury,"(37.76761, -122.45139)",Entire home/apt,250,2,173,San Francisco
54634,Studio Apartment Lafayette Park,Pacific Heights,"(37.79352, -122.42649)",Entire home/apt,95,30,49,San Francisco
55636,"❤️ Super luxury Apt, Great View,  5 Star Reviews",Twin Peaks,"(37.74778, -122.44566)",Entire home/apt,110,30,28,San Francisco
269756,Twin Peaks Home Available for 3+ Month Stays,Twin Peaks,"(37.75265, -122.45092)",Private room,115,90,7,San Francisco
56621,Prime Location - Large Private Room,Pacific Heights,"(37.79183, -122.42425)",Private room,60,30,127,San Francisco
593253,Lower Haight Victorian room,Western Addition,"(37.7699, -122.42917)",Private room,95,5,392,San Francisco
57561,"Bernal Heights Apartment, Patio + Parking",Bernal Heights,"(37.74684, -122.41548)",Entire home/apt,178,30,223,San Francisco
596042,Prime Location - Single Airy Room,Pacific Heights,"(37.79361, -122.42469)",Private room,60,30,101,San Francisco
271602,Luxury Condo Downtown/ SoMa,South of Market,"(37.77907, -122.40503)",Entire home/apt,103,30,117,San Francisco
57676,"Bartlett Gardens: Spacious, bright!",Mission,"(37.75758, -122.42043)",Private room,99,30,122,San Francisco
271647,"Private Room w/ 2 Queen Beds, Steps to Ocean Beach",Outer Sunset,"(37.75334, -122.50794)",Private room,60,30,135,San Francisco
273530,"Sunny Potrero Townhouse ""Nest",Potrero Hill,"(37.75533, -122.39927)",Entire home/apt,316,4,35,San Francisco
602535,Charming Victorian in Vibrant Noe,Noe Valley,"(37.74289, -122.42855)",Entire home/apt,511,2,8,San Francisco
59702,Garden Cottage Charming!,Bernal Heights,"(37.74188, -122.4127)",Private room,150,30,192,San Francisco
604221,(800Mbps) Sun Filled 2BR Downtown walk to BART,Downtown/Civic Center,"(37.78239, -122.41833)",Entire home/apt,76,30,23,San Francisco
274334,Clean Suite with private bath near Ocean Beach,Outer Sunset,"(37.7517, -122.5051)",Private room,87,3,138,San Francisco
59831,Lovely quiet private room in Home,Outer Sunset,"(37.75674, -122.49178)",Private room,100,60,1,San Francisco
279184,Stay in a historic apt in the heart of the Mission,Mission,"(37.75059, -122.41415)",Entire home/apt,550,4,13,San Francisco
607500,Newly Renovated - San Francisco in Style,Haight Ashbury,"(37.76864, -122.45267)",Entire home/apt,1169,4,68,San Francisco
60365,Charming Victorian 3-Bedrms-2Baths + Free Parking!,Western Addition,"(37.77034, -122.43594)",Entire home/apt,546,4,248,San Francisco
280549,Bungalow Rooms with Great Views,West of Twin Peaks,"(37.73948, -122.44947)",Private room,250,1,36,San Francisco
62519,Lovely Room in Charming Edwardian,Noe Valley,"(37.7422, -122.42996)",Private room,120,2,37,San Francisco
616204,Walker's Paradise - Heart of SF,Chinatown,"(37.79644, -122.40879)",Entire home/apt,550,7,77,San Francisco
62804,Lower Haight - Classic Victorian Home,Western Addition,"(37.7702, -122.42913)",Entire home/apt,300,3,4,San Francisco
616517,Beautiful and Spacious Loft - SOMA,South of Market,"(37.77459, -122.40768)",Entire home/apt,199,30,113,San Francisco
623906,Sweet Victorian Charmer with Views,Noe Valley,"(37.74551, -122.43723)",Entire home/apt,119,5,4,San Francisco
284117,"Cozy, Charming Cottage nestled in a Quiet Garden",Glen Park,"(37.74102, -122.42815)",Entire home/apt,80,30,221,San Francisco
64165,Great room in a fantastic location!,Marina,"(37.80284, -122.42839)",Private room,147,30,76,San Francisco
66119,Large garden studio  apt. near Golden Gate Park,Outer Richmond,"(37.77737, -122.47985)",Entire home/apt,95,30,101,San Francisco
308885,North Beach Best Location and View,Financial District,"(37.79739, -122.4052)",Entire home/apt,120,30,113,San Francisco
68239,Beautiful 1bdr apt by Dolores Park in Mission,Mission,"(37.75393, -122.42505)",Entire home/apt,326,30,46,San Francisco
626349,Sunny Modern Luxury Condo!,South of Market,"(37.78097, -122.40628)",Entire home/apt,107,30,52,San Francisco
69410,Private 1BR Inner Richmond Apt,Inner Richmond,"(37.77585, -122.46413)",Entire home/apt,90,30,65,San Francisco
628068,Contemporary Studio- Prime Location,Financial District,"(37.78724, -122.39825)",Entire home/apt,100,30,62,San Francisco
314248,Pacific Heights 3 bedroom home with garage,Pacific Heights,"(37.78946, -122.43538)",Entire home/apt,525,7,58,San Francisco
70139,Noe Valley Studio + Home Office,Bernal Heights,"(37.74544, -122.42271)",Entire home/apt,110,30,16,San Francisco
632303,"Cozy Stylish Apt in SF Hills. Trails, Bay Views",Glen Park,"(37.73932, -122.43337)",Entire home/apt,126,30,23,San Francisco
71645,"Northslope Studio in Bernal Heights with a Zen, Leafy Patio",Bernal Heights,"(37.74409, -122.40846)",Entire home/apt,119,3,272,San Francisco
314368,2BR North Beach - Perfect for Business or Leisure,North Beach,"(37.80333, -122.40962)",Entire home/apt,585,2,80,San Francisco
323635,Sleep in  ASHA BAY Retreat Room,Excelsior,"(37.72386, -122.4325)",Private room,70,2,79,San Francisco
77175,Private Studio with Kitchenette,Glen Park,"(37.73711, -122.43525)",Entire home/apt,115,3,361,San Francisco
325478,Spacious & artsy 2br Dolores Park flat,Mission,"(37.76122, -122.42319)",Entire home/apt,348,2,162,San Francisco
326650,Lovely beautiful Apt Pac Fillmore,Western Addition,"(37.78457, -122.43177)",Entire home/apt,189,30,32,San Francisco
635850,SF Penthouse right next to the Moscone Center,South of Market,"(37.78297, -122.39963)",Private room,304,2,21,San Francisco
642672,Gorgeous 1BR - heart of Noe Valley,Bernal Heights,"(37.74584, -122.42412)",Entire home/apt,99,30,6,San Francisco
78651,Heart of the Mission: Hot spot,Mission,"(37.75585, -122.42081)",Private room,85,30,92,San Francisco
80394,Hideaway in the Haight,Haight Ashbury,"(37.77065, -122.44433)",Entire home/apt,135,30,28,San Francisco
329020,The Clock Tower Loft circa 1907.,South of Market,"(37.78377, -122.39275)",Entire home/apt,250,30,6,San Francisco
81158,Sweet 1 br Garden Apartment -  Lewhit Cottage,Western Addition,"(37.78408, -122.44436)",Entire home/apt,83,30,29,San Francisco
646275,San Francisco Living Like A Local,Bernal Heights,"(37.74762, -122.41584)",Entire home/apt,164,4,132,San Francisco
83257,Charming Lower Pac Hts Private Room,Western Addition,"(37.78353, -122.44369)",Private room,90,7,107,San Francisco
647360,"Stylish, Comfortable Apartment Close to Twin Peaks",Lakeshore,"(37.73286, -122.47812)",Entire home/apt,267,2,451,San Francisco
330535,Victorian Flat amongst the Trees.,Haight Ashbury,"(37.76699, -122.44643)",Entire home/apt,150,30,116,San Francisco
338849,Best area Bright LARGE Beautiful,Western Addition,"(37.78599, -122.43232)",Private room,59,30,3,San Francisco
348714,Elegant Queen Ann Victorian,Haight Ashbury,"(37.77347, -122.44364)",Private room,136,3,395,San Francisco
91957,Sunny SF Flat with 5*s,Haight Ashbury,"(37.76114, -122.44929)",Entire home/apt,225,30,95,San Francisco
350479,"Sunny, garden view bedroom",Mission,"(37.75783, -122.41063)",Private room,66,30,57,San Francisco
648086,Private room and Private bath.,Bernal Heights,"(37.74189, -122.41902)",Private room,79,3,326,San Francisco
654279,Quiet Room in Our Friendly Home,Bayview,"(37.74444, -122.40408)",Private room,95,3,332,San Francisco
96383,Prime Location Bright Private Room,Pacific Heights,"(37.79359, -122.42421)",Private room,65,30,141,San Francisco
353292,"Mid-Century Modern Flat, Central Locale",Western Addition,"(37.77201, -122.4297)",Private room,90,30,23,San Francisco
99094,Spacious Edwardian Flat SF Mission,Mission,"(37.76945, -122.42456)",Entire home/apt,277,3,24,San Francisco
371595,"Private Garden Room- Near UCSF, Sutter Heath & DT",Presidio Heights,"(37.78146, -122.45619)",Entire home/apt,75,30,252,San Francisco
663623,Grand victorian flat in mission SF,Mission,"(37.7562, -122.40944)",Entire home/apt,240,2,43,San Francisco
105497,Private Room in San Francisco!,Outer Sunset,"(37.75699, -122.4973)",Private room,90,45,4,San Francisco
106025,Gorgeous French Flat Near Union Sq. Attractions,Downtown/Civic Center,"(37.78693, -122.41539)",Entire home/apt,113,30,65,San Francisco
664307,Private Room: Escape to the Mission,Mission,"(37.75292, -122.4186)",Private room,94,2,473,San Francisco
664315,Home in the Heart of the Mission,Mission,"(37.75502, -122.41889)",Entire home/apt,136,7,6,San Francisco
379349,Best location in San Francisco,Haight Ashbury,"(37.76646, -122.44425)",Entire home/apt,137,3,397,San Francisco
394575,Grand and Cozy 1920's SF Studio,Bernal Heights,"(37.74131, -122.41179)",Entire home/apt,146,6,499,San Francisco
109883,San Francisco Serenity/ lovely home,West of Twin Peaks,"(37.73241, -122.46432)",Entire home/apt,160,2,453,San Francisco
666620,Modern home in sunny Noe Valley,Noe Valley,"(37.75162, -122.4307)",Entire home/apt,534,3,55,San Francisco
110825,Charming Cottage with Bay View,Bayview,"(37.71664, -122.38981)",Entire home/apt,120,30,9,San Francisco
678556,"Cheerful, Private Garden Studio - Retreat from the City",Haight Ashbury,"(37.77426, -122.45376)",Entire home/apt,165,5,464,San Francisco
680288,Cozy Mission Garden Rooms,Mission,"(37.7523, -122.41395)",Entire home/apt,175,2,301,San Francisco
400433,"Stylish Mission Condo, steps to Dolores Park",Mission,"(37.76015, -122.42098)",Entire home/apt,385,2,51,San Francisco
114401,Room w/ a View in the Castro!,Castro/Upper Market,"(37.75939, -122.43051)",Private room,115,1,687,San Francisco
409549,Bernal Village Small Town San Fran,Bernal Heights,"(37.73812, -122.41807)",Entire home/apt,208,3,185,San Francisco
115242,Telegraph Hill-Full Bay View.Updated 1br++.Parking,North Beach,"(37.80599, -122.40943)",Entire home/apt,140,33,18,San Francisco
691023,Modern and Serene House on Dolores Park,Castro/Upper Market,"(37.75757, -122.42693)",Entire home/apt,500,4,48,San Francisco
121065,Victorian 1BR/1BA in Castro/Duboce,Western Addition,"(37.77117, -122.43292)",Entire home/apt,100,30,36,San Francisco
122829,"Ground level Studio Flat, City Center",South of Market,"(37.77341, -122.4208)",Entire home/apt,80,30,72,San Francisco
699723,2BR Penthouse with 4 sunny decks,Potrero Hill,"(37.76497, -122.39798)",Entire home/apt,414,4,77,San Francisco
409560,Clean Well-lighted Place to Stay,Ocean View,"(37.72034, -122.46745)",Private room,56,30,17,San Francisco
124011,Golden Gate Park/UCSF Family High-Tech Victorian,Inner Sunset,"(37.76317, -122.47029)",Entire home/apt,580,7,24,San Francisco
413663,Luxury PanoView NoeValley Penthouse,Noe Valley,"(37.7488, -122.44064)",Entire home/apt,300,30,72,San Francisco
715543,Marie's sunny spacious Mission loft,Mission,"(37.76196, -122.41361)",Entire home/apt,180,30,4,San Francisco
128230,Castro Sanctuary,Castro/Upper Market,"(37.75737, -122.43566)",Entire home/apt,350,3,174,San Francisco
719431,Garden live/work suite in safe area by Metro subwy,West of Twin Peaks,"(37.73993, -122.4686)",Entire home/apt,96,5,430,San Francisco
415498,Prime Location - Studio Apartment,Pacific Heights,"(37.79395, -122.42609)",Entire home/apt,86,30,29,San Francisco
423300,"Wild Garden unit  (coders' paradise, 1000 sq .ft.)",Mission,"(37.75686, -122.41019)",Entire home/apt,104,28,31,San Francisco
130775,Emergency happy room-sink  UCSF/USF-San Francisco,Haight Ashbury,"(37.76555, -122.45213)",Private room,56,32,11,San Francisco
132441,"Instill the Chill on Bernal Hill 
*LGBTQ-friendly*",Bernal Heights,"(37.73987, -122.4234)",Private room,82,1,180,San Francisco
424846,San Francisco Pied-à-terre,Inner Richmond,"(37.7835, -122.47445)",Private room,196,2,247,San Francisco
720811,Private Apartment in the Inner Richmond of SF,Inner Richmond,"(37.77739, -122.46161)",Entire home/apt,166,3,280,San Francisco
133910,Large Sunny California House,Visitacion Valley,"(37.72025, -122.40456)",Entire home/apt,150,30,31,San Francisco
137129,San Francisco Luxury Rental,Inner Richmond,"(37.78733, -122.46371)",Entire home/apt,695,7,2,San Francisco
727866,Outer Sunset Guest Suite Near SF Ocean Beach,Outer Sunset,"(37.747253, -122.504105)",Entire home/apt,158,1,563,San Francisco
727969,Spacious 1 Bedroom with Garden in Sunny Noe,Noe Valley,"(37.7527, -122.43294)",Entire home/apt,159,30,268,San Francisco
431862,Penthouse Studio w Rooftop Deck!,Downtown/Civic Center,"(37.78136, -122.42112)",Entire home/apt,120,30,17,San Francisco
138221,Lone Mountain Pied A Terre,Inner Richmond,"(37.77664, -122.45586)",Entire home/apt,140,30,81,San Francisco
437385,Restful Room in a Condo with a Wood Fire,Outer Richmond,"(37.77901881174357, -122.50375716429164)",Private room,113,2,304,San Francisco
728884,Spacious 2BR in Noe with Parking,Noe Valley,"(37.75277, -122.43517)",Entire home/apt,195,30,143,San Francisco
734801,"Luxurious, modern, beautiful A+view",Pacific Heights,"(37.78972, -122.43086)",Entire home/apt,255,31,34,San Francisco
138592,Modern Architectural Gem - 4 Bdrm,Noe Valley,"(37.75635, -122.42864)",Entire home/apt,1250,5,34,San Francisco
734839,Relax in a Charming Edwardian Flat in Russian Hill,North Beach,"(37.80074, -122.41048)",Entire home/apt,295,30,197,San Francisco
438940,Classic Room in the Heart of The Castro,Castro/Upper Market,"(37.758919, -122.434776)",Private room,82,2,119,San Francisco
781945,Huge Condo in the best Location,Financial District,"(37.78471, -122.39852)",Entire home/apt,350,183,3,San Francisco
442349,Right in the middle living,Western Addition,"(37.77528, -122.42706)",Entire home/apt,150,30,20,San Francisco
738547,Spectacular Bay View Russian Hill,Russian Hill,"(37.80601, -122.41901)",Entire home/apt,395,3,191,San Francisco
783821,"Exquisite Castro Jewel box, Laundry, Parking",Castro/Upper Market,"(37.75919, -122.43723)",Entire home/apt,395,30,23,San Francisco
784071,Elegant Spacious Flat with PARKING,Castro/Upper Market,"(37.7601, -122.42869)",Entire home/apt,300,30,98,San Francisco
741327,Stockton St #7 Furnished Nob Hill FiDi: Studio/1BA,Nob Hill,"(37.79102, -122.40921)",Entire home/apt,123,30,11,San Francisco
442397,OceanBeach 2bdrm2Bath FreeParking!,Outer Sunset,"(37.7587, -122.5088)",Entire home/apt,277,4,143,San Francisco
794626,Beautiful Bernal Heights Apartment,Excelsior,"(37.72882, -122.42539)",Entire home/apt,107,2,325,San Francisco
444675,"Lux Furnished 3-bed. Bay Views, Huge Yard & Patio",Glen Park,"(37.74088, -122.43251)",Entire home/apt,206,30,11,San Francisco
455783,Queen Size Bed in Private Room with Loft at Beach,Outer Sunset,"(37.7541, -122.50854)",Private room,44,30,99,San Francisco
795254,Attic Master Suite with Kitchenette,Western Addition,"(37.77099, -122.43355)",Entire home/apt,168,3,323,San Francisco
465723,Charming suite in West Portal area,Parkside,"(37.74033, -122.47144)",Entire home/apt,160,30,452,San Francisco
808919,Cozy Victorian in Alamo Square Area,Western Addition,"(37.77819, -122.43721)",Private room,140,3,142,San Francisco
467507,Gorgeous Bernal Heights Studio Apartment,Bernal Heights,"(37.74797, -122.41111)",Entire home/apt,164,3,326,San Francisco
745957,Micro-Private Single,Financial District,"(37.79492, -122.40312)",Private room,500,30,0,San Francisco
747167,Micro-Private Double,Chinatown,"(37.79495, -122.40515)",Private room,600,30,0,San Francisco
810315,Private Room With Best Location In city,Marina,"(37.80013, -122.42542)",Private room,32,30,24,San Francisco
749990,Remodeled Beauty in Haight Ashbury,Haight Ashbury,"(37.77174, -122.43831)",Entire home/apt,225,30,74,San Francisco
468490,Penthouse Panoramic View Home with Decks,Russian Hill,"(37.80109, -122.41385)",Entire home/apt,399,2,65,San Francisco
815183,Country in the City... (30-day min),Outer Mission,"(37.72979, -122.44791)",Private room,42,30,13,San Francisco
470686,Private bath/Queen bdrm/Super Location,Mission,"(37.76761, -122.42474)",Private room,125,1,308,San Francisco
752607,MIssion Charmer in Foodie Paradise - 3bd/1ba,Mission,"(37.76548, -122.42032)",Entire home/apt,325,5,374,San Francisco
819863,"Absolutely Private, Wi Fi, Laundry, Public Parking",Inner Sunset,"(37.75868, -122.46912)",Entire home/apt,88,2,120,San Francisco
754117,Amazing Flat in Haight Ashbury,Haight Ashbury,"(37.77234, -122.44622)",Entire home/apt,200,30,175,San Francisco
474107,Three cozy rooms in an SF Edwardian home!,Excelsior,"(37.72369, -122.42865)",Private room,70,2,131,San Francisco
829185,Gorgeously Renovated Coastal Victorian Home,Mission,"(37.76956, -122.42483)",Entire home/apt,600,3,134,San Francisco
487019,Spacious Bright 3 br/2ba in Potrero Hill,Potrero Hill,"(37.75622, -122.39821)",Entire home/apt,249,5,30,San Francisco
758815,Beautiful apartment with garden close to the water,Marina,"(37.80304, -122.44187)",Entire home/apt,137,30,27,San Francisco
830576,Sunny Pac Heights Studio w BAY VIEW,Pacific Heights,"(37.79644, -122.42546)",Entire home/apt,175,200,2,San Francisco
765914,Stunning Sunny Loft in Mission District,Mission,"(37.75778, -122.41316)",Entire home/apt,400,7,56,San Francisco
767506,Spacious Gem to Entertain or Relax,West of Twin Peaks,"(37.74412, -122.45273)",Entire home/apt,410,2,136,San Francisco
487499,Mission District - Perfect Location,Mission,"(37.75884, -122.42232)",Entire home/apt,125,30,192,San Francisco
837045,Kid friendly apt near Duboce Park,Western Addition,"(37.77028, -122.43156)",Entire home/apt,249,2,62,San Francisco
1141986,Lovely SF Studio & Location,South of Market,"(37.77995, -122.40178)",Entire home/apt,90,360,39,San Francisco
769734,Cottage in the Mission,Mission,"(37.75796, -122.40913)",Private room,83,2,124,San Francisco
774323,PrivateBath.    Hike/Bike/TransitScore97,Mission,"(37.76034, -122.42394)",Private room,127,2,444,San Francisco
838660,"Modern Luxury 1BR Near FiDi, #9",Chinatown,"(37.790672, -122.407249)",Entire home/apt,133,30,10,San Francisco
776239,Modern view 3+bed house above the Castro,Castro/Upper Market,"(37.75948, -122.44357)",Entire home/apt,338,5,46,San Francisco
1145582,"Charming apartment in the Fillmore, location!",Western Addition,"(37.78735, -122.43225)",Entire home/apt,210,50,0,San Francisco
845502,Historic SF Victorian,Western Addition,"(37.7735, -122.43643)",Entire home/apt,575,9,3,San Francisco
779109,Private Mission Rm w/ Modern Design,Mission,"(37.74869, -122.41935)",Private room,170,30,174,San Francisco
856123,Private Room in a Stunning Vegan Penthouse Apartment,Mission,"(37.76121, -122.41922)",Private room,144,1,223,San Francisco
779575,Room downtown one person,South of Market,"(37.77685, -122.41701)",Private room,120,30,7,San Francisco
1498953,Luxurious 3BR 3BA Dream VILLA & Garden Oasis,Bayview,"(37.73818, -122.38691)",Entire home/apt,368,5,84,San Francisco
1148370,"Convenient, Spacious, eateries ➕Parks & Ocean👌",Parkside,"(37.7435, -122.48473)",Entire home/apt,67,31,40,San Francisco
1148625,Haight Ashbury private room w/private half bath,Haight Ashbury,"(37.76848, -122.44556)",Private room,85,4,389,San Francisco
859310,Queen Bedroom with Full Bathroom,Mission,"(37.75661, -122.42067)",Private room,150,31,7,San Francisco
1150867,"Tranquil, Stylish Studio Combining Indoor with Outdoors",Castro/Upper Market,"(37.76658, -122.43825)",Entire home/apt,320,2,397,San Francisco
1506702,Spacious 3 BD Cow Hollow Flat,Marina,"(37.79849, -122.43022)",Entire home/apt,599,1,174,San Francisco
859336,Cozy & quiet room in bright apartment,Castro/Upper Market,"(37.76728, -122.43866)",Private room,102,2,433,San Francisco
1510363,Cozy 2 BR  Apt. In The Sunnyside,Outer Mission,"(37.72817, -122.45077)",Entire home/apt,160,3,353,San Francisco
1151109,Contemporary SF home with roofdeck,Marina,"(37.80022, -122.43953)",Entire home/apt,799,30,12,San Francisco
865873,HUGE Open Concept Living in A+ Location,Mission,"(37.76076, -122.4241)",Entire home/apt,290,30,36,San Francisco
1159284,"Telegraph Hill penthouse. Decks, views, parking.",North Beach,"(37.80521, -122.40579)",Entire home/apt,295,30,6,San Francisco
1511076,Private Sunny Living Room + Bedroom (2 RMS),Castro/Upper Market,"(37.76137, -122.42661)",Private room,142,2,454,San Francisco
867499,Gorgeously Renovated Coastal Victorian Share,Western Addition,"(37.77119, -122.42461)",Private room,199,2,27,San Francisco
867555,Oasis in the Mission District Beautiful 1908 Edwardian Home,Mission,"(37.76845, -122.41869)",Entire home/apt,499,7,31,San Francisco
1520929,Paradise in the Heart of the City,Potrero Hill,"(37.75991, -122.4048)",Entire home/apt,250,2,265,San Francisco
1525137,Modern Edwardian in Pacific Heights,Pacific Heights,"(37.78792, -122.44379)",Entire home/apt,180,30,211,San Francisco
1160508,Quiet and Close to everything SF,Ocean View,"(37.720842932586535, -122.45428913707552)",Entire home/apt,168,2,9,San Francisco
870532,Business-Friendly Charmer w/  Deck near The Castro,Castro/Upper Market,"(37.76467, -122.43571)",Entire home/apt,140,30,134,San Francisco
1163946,2 bedroom in the heart of the Mission,Mission,"(37.76111, -122.42082)",Entire home/apt,70,30,2,San Francisco
1525886,Unique Bernal Room&Private Jacuzzi,Bernal Heights,"(37.74794, -122.41629)",Private room,146,1,143,San Francisco
878935,"2BR: Clean, cozy, family friendly spot next to GGP",Inner Sunset,"(37.76354, -122.4673)",Entire home/apt,150,30,234,San Francisco
1531273,"Quiet Oasis, Heart of SF, Near Tech Shuttles",Western Addition,"(37.77156, -122.43365)",Entire home/apt,235,30,104,San Francisco
1178260,Charming North Beach Alley Hideaway,North Beach,"(37.80069, -122.40586)",Entire home/apt,160,30,120,San Francisco
884770,"Spare room in my colorful, cozy and zen apartment.",Russian Hill,"(37.80492, -122.41994)",Private room,120,3,258,San Francisco
1195173,Nob Hill-Walking Distance to Downtown!,Nob Hill,"(37.79104, -122.41551)",Private room,95,30,26,San Francisco
890875,"Sunny, modern apt in Lower Haight",Western Addition,"(37.77128, -122.43393)",Entire home/apt,269,2,10,San Francisco
1537497,Great Hayes Valley 1 BR (#10),South of Market,"(37.77329, -122.42053)",Entire home/apt,130,30,51,San Francisco
1547477,Great Hayes Valley Studio (#4),Western Addition,"(37.77965, -122.42432)",Entire home/apt,80,30,50,San Francisco
891728,San Francisco Stunning View Home,Castro/Upper Market,"(37.75879, -122.42922)",Entire home/apt,500,30,1,San Francisco
1550913,Modern townhouse a block from BART!,Mission,"(37.75141, -122.4198)",Entire home/apt,153,5,220,San Francisco
1195374,Stylish Condo in Desirable Mission Dolores,Castro/Upper Market,"(37.7689, -122.42765)",Entire home/apt,140,45,3,San Francisco
1198464,Fabulous Blue Safe+clean+Parking+OceanView 3 Bath,West of Twin Peaks,"(37.73386, -122.4638)",Private room,46,5,118,San Francisco
895381,Hayes Valley 1 BR with Private Deck,Downtown/Civic Center,"(37.7774, -122.42003)",Entire home/apt,114,30,12,San Francisco
1200068,"Private, quiet BR - Upscale Home",Outer Mission,"(37.73411, -122.44805)",Private room,55,30,20,San Francisco
1579304,"Artist Home Bernal Hts  garden, views, parking",Bernal Heights,"(37.73828, -122.41274)",Entire home/apt,465,4,8,San Francisco
900393,Comfortable Potrero Hill 2 BDR Home,Potrero Hill,"(37.7577, -122.39958)",Entire home/apt,295,30,94,San Francisco
900941,Stunning apartment with roof deck!,Castro/Upper Market,"(37.7568, -122.43698)",Entire home/apt,565,90,13,San Francisco
1584021,"Unwind with a BBQ at a Cozy, Stylish Mission Home",Mission,"(37.76559, -122.42126)",Entire home/apt,450,30,129,San Francisco
1589228,Newly Modernized Home from Home,Noe Valley,"(37.74442, -122.42525)",Entire home/apt,350,30,10,San Francisco
1201159,Modern Studio +View in SOMA!,South of Market,"(37.78242, -122.39963)",Entire home/apt,80,30,44,San Francisco
905399,The Mission Room in 1906 SF Victorian,Mission,"(37.75007, -122.41837)",Private room,80,5,175,San Francisco
1202686,"2Bed ""COZY CENTRAL""- quiet, priv yard, nr Valencia",Mission,"(37.76503, -122.42034)",Entire home/apt,122,110,24,San Francisco
915058,"Unique Home, Magical Garden, Amazing Views + Tub!",Bernal Heights,"(37.74332, -122.40942)",Entire home/apt,899,3,38,San Francisco
1212513,1 or 2 BR/Exclusive Bath/Central SF/Near transit,Castro/Upper Market,"(37.76067, -122.4389)",Private room,350,2,7,San Francisco
1589283,Top Floor Modern Studio in the heart of SoMa,South of Market,"(37.77944, -122.40333)",Entire home/apt,109,30,12,San Francisco
1598872,Charming Victorian Flat,Western Addition,"(37.77162, -122.43124)",Entire home/apt,235,5,39,San Francisco
918341,Potrero Hill Garden Getaway,Potrero Hill,"(37.76553, -122.39614)",Entire home/apt,290,1,562,San Francisco
1606292,Great Hayes Valley Studio (#3),Western Addition,"(37.77743, -122.42502)",Entire home/apt,120,30,61,San Francisco
1212746,Big Flat/3 BR/2-Bath/Great District/Near Subway,Castro/Upper Market,"(37.76018, -122.4402)",Entire home/apt,625,2,120,San Francisco
931313,Central apartment - Market Street with parking,Mission,"(37.77025, -122.42193)",Entire home/apt,87,30,41,San Francisco
932481,HUGE Home... BEST SF AREA!  ALL 5 ** reviews!,Pacific Heights,"(37.79303, -122.43416)",Entire home/apt,1500,7,16,San Francisco
1212822,"Designer  Showplace  Home""  in the Marina",Marina,"(37.80494, -122.44457)",Entire home/apt,310,30,42,San Francisco
1614453,Union Square Hotel/Timeshare Studio,Downtown/Civic Center,"(37.78908, -122.40915)",Private room,189,2,55,San Francisco
1620039,Perfect Timeshare/Hotel (Union Sq.),Downtown/Civic Center,"(37.78896, -122.4104)",Private room,193,1,69,San Francisco
934012,One block from Golden Gate Park!,Inner Richmond,"(37.77596, -122.46187)",Entire home/apt,100,30,80,San Francisco
1229606,SOMA Hideaway- Corporate Stays,South of Market,"(37.77658, -122.40887)",Entire home/apt,100,31,104,San Francisco
937842,Casa Quixote Mission flat,Mission,"(37.76044845581055, -122.4099578857422)",Entire home/apt,250,1,198,San Francisco
1623609,Private suite - in vibrant Mission,Mission,"(37.76023, -122.40916)",Private room,125,3,292,San Francisco
1624068,Wonderful SF Timeshare/Hotel,Downtown/Civic Center,"(37.78899, -122.40954)",Private room,189,2,48,San Francisco
943851,"Victorian top floor flat, Mission",Mission,"(37.75742, -122.40616)",Entire home/apt,130,30,7,San Francisco
1245838,Fantastic Family Home with Beautiful Backyard,Bernal Heights,"(37.73483, -122.41838)",Entire home/apt,411,3,44,San Francisco
945748,Luxury Interior Designer/Enjoy a SF neighborhood,Presidio Heights,"(37.78421, -122.45896)",Entire home/apt,232,2,189,San Francisco
1265074,Spacious SF Home with Garden and Sunset Views,Inner Sunset,"(37.75135, -122.47282)",Entire home/apt,215,30,5,San Francisco
1627455,Steps from Union Square,Downtown/Civic Center,"(37.78878, -122.41176)",Private room,129,30,38,San Francisco
948066,Studio Apt on Sunny Potrero Hill,Potrero Hill,"(37.76285, -122.40185)",Entire home/apt,221,30,52,San Francisco
950094,Knockout Panoramic View Suite,Bayview,"(37.73457, -122.39348)",Private room,56,30,51,San Francisco
1629330,Enjoy luxury condo in San Francisco,South of Market,"(37.78005, -122.39795)",Entire home/apt,214,60,29,San Francisco
1629740,Large Timeshare/Hotel Rm (Union Sq),Downtown/Civic Center,"(37.78888, -122.41072)",Private room,192,1,55,San Francisco
1267206,The Taupe Room & Santa Marie in SF,Glen Park,"(37.74184, -122.42423)",Private room,74,3,82,San Francisco
1273394,Fully Furnished flat with Parking,Presidio Heights,"(37.78754, -122.45868)",Private room,500,30,0,San Francisco
961900,Spacious Modern Loft in SOMA,South of Market,"(37.77784, -122.39412)",Entire home/apt,191,90,55,San Francisco
1276953,"Light-filled, Top Floor Flat on Quiet Street",Western Addition,"(37.77055, -122.4314)",Entire home/apt,296,4,53,San Francisco
1633173,Private San Francisco Suite,Excelsior,"(37.72686, -122.42014)",Private room,39,30,236,San Francisco
964751,Fully Private Garden Studio w/bath,Inner Richmond,"(37.77815, -122.45789)",Entire home/apt,103,30,285,San Francisco
1633225,Room with spectacular Bay views,Excelsior,"(37.72526, -122.4187)",Private room,69,30,145,San Francisco
1633933,"Sunny, Spacious and Modern Loft in Haight Ashbury!",Haight Ashbury,"(37.77206, -122.45181)",Entire home/apt,250,30,97,San Francisco
1277771,Home Away From Home,Inner Richmond,"(37.78528, -122.47445)",Entire home/apt,180,3,684,San Francisco
964952,Beautiful Modern 3BR/2BA in NOPA,Western Addition,"(37.77655, -122.43707)",Entire home/apt,614,3,63,San Francisco
1281167,Cool Timeshare/Hotel (Union Sq.),Downtown/Civic Center,"(37.78878, -122.4106)",Private room,196,1,166,San Francisco
968037,One BR in NB with Sweeping Bay View,North Beach,"(37.80017, -122.40334)",Entire home/apt,225,30,93,San Francisco
1291092,Gorgeous Marina Home near the Golden Gate Bridge,Marina,"(37.80497, -122.4369)",Entire home/apt,1295,4,35,San Francisco
1641060,West Portal Private Suite!,West of Twin Peaks,"(37.73875, -122.46224)",Entire home/apt,225,3,114,San Francisco
980397,3 bedroom plus awesome yoga studio,Bernal Heights,"(37.7334, -122.41832)",Entire home/apt,500,1,46,San Francisco
1645724,Private bed/bath: 5 min to metro,Ocean View,"(37.71762, -122.46577)",Private room,40,365,8,San Francisco
1292217,Luxurious Penthouse - Awesome Views,Western Addition,"(37.76965, -122.43532)",Entire home/apt,950,30,6,San Francisco
980783,Potrero Hill Retreat,Potrero Hill,"(37.76249, -122.40307)",Entire home/apt,181,30,168,San Francisco
1299242,"Bernal Heights Victorian Apt, Views, Spa, Garage",Bernal Heights,"(37.74296, -122.42148)",Entire home/apt,200,365,4,San Francisco
1665516,Explore Golden Gate Park from a Sunny Garden Guest Suite,Outer Richmond,"(37.77878, -122.48282)",Entire home/apt,206,3,264,San Francisco
982298,"Beachfront urban Oasis - 6 beds, hot tub",Outer Sunset,"(37.7516, -122.50727)",Entire home/apt,795,4,95,San Francisco
1672055,"❤️Fantastic Luxury Penthouse Apt, Panoramic Views",Twin Peaks,"(37.74725, -122.44512)",Entire home/apt,199,90,0,San Francisco
1673011,Stunning Home on Liberty St w Views-Business Ready,Castro/Upper Market,"(37.75853, -122.42777)",Entire home/apt,700,3,226,San Francisco
991765,Country living in the Mission!,Mission,"(37.75707, -122.4116)",Entire home/apt,350,4,48,San Francisco
1673777,Studio Apt in Alamo Square,Western Addition,"(37.77437, -122.43502)",Entire home/apt,105,30,4,San Francisco
1299759,Bright NOPA One Bedroom w/ Garden Access,Western Addition,"(37.77743, -122.44421)",Entire home/apt,98,30,40,San Francisco
1304068,Historic SF Residence on a park,Western Addition,"(37.77001, -122.43485)",Entire home/apt,425,3,20,San Francisco
992913,Great location in North Beach,North Beach,"(37.79959, -122.40639)",Private room,99,2,389,San Francisco
997382,Haight Ashbury Experience Room 5,Haight Ashbury,"(37.77082, -122.44825)",Private room,53,1,645,San Francisco
1684346,Studio Timeshare/Hotel (Union Sq.),Downtown/Civic Center,"(37.78843, -122.40916)",Private room,199,1,45,San Francisco
998701,Private Room in Ocean Beach Cottage,Outer Sunset,"(37.75939, -122.50664)",Private room,110,3,247,San Francisco
1687330,Home Away from Home,Inner Richmond,"(37.78451, -122.47585)",Entire home/apt,190,1,148,San Francisco
1309496,Meticulous Grand Edwardian Condo near Famous Parks,Western Addition,"(37.77717, -122.43993)",Entire home/apt,350,3,50,San Francisco
1317908,"Cozy Victorian, Hip Alamo Sq Area!",Western Addition,"(37.77937, -122.43752)",Private room,100,3,175,San Francisco
1001759,Spacious sunny room in the Castro,Castro/Upper Market,"(37.76138, -122.43853)",Private room,89,30,13,San Francisco
1323983,Sunny castro view room & private bath,Castro/Upper Market,"(37.7651, -122.43541)",Private room,70,1,338,San Francisco
1708917,Modern 2BD Condo with Golden Gate Views & Parking,Marina,"(37.80049, -122.43708)",Entire home/apt,300,5,25,San Francisco
1005642,Walk + Bike + Transit Score 97!,Mission,"(37.761097, -122.424545)",Private room,120,2,375,San Francisco
1007157,Rent Russian Hill,Nob Hill,"(37.79531, -122.41895)",Entire home/apt,230,30,93,San Francisco
1725833,"Sunny Waterfront Condo, South Beach",South of Market,"(37.78801727294922, -122.38972473144533)",Entire home/apt,180,30,32,San Francisco
1725853,Modern Luxury Private SanFran Casa,Outer Sunset,"(37.74711, -122.48927)",Entire home/apt,137,2,378,San Francisco
1728497,4-Bed Luxury Victorian,Western Addition,"(37.78785, -122.4319)",Entire home/apt,1342,7,11,San Francisco
1328186,Fabulous Victorian in the Castro,Castro/Upper Market,"(37.75655, -122.43645)",Entire home/apt,625,7,5,San Francisco
1016604,Entire 3br Beautiful Edwardian Home near GG Park,Inner Richmond,"(37.77838, -122.46124)",Entire home/apt,513,4,21,San Francisco
1336798,4 BR Victorian-1 blk from Shopping!,Haight Ashbury,"(37.76989, -122.44666)",Entire home/apt,215,30,101,San Francisco
1738415,Tranquil Updated Studio in Central Historic District,Western Addition,"(37.77311, -122.42651)",Entire home/apt,170,1,709,San Francisco
1018426,"SHARE Spacious Loft: Moscone, Ball Park & Downtown",South of Market,"(37.77543, -122.40575)",Shared room,150,30,120,San Francisco
1752371,"Large Private Peaceful w/Garden, Office & Wa/Dryr.",Bernal Heights,"(37.74043, -122.41299)",Entire home/apt,162,2,295,San Francisco
1336998,Beautiful room in San Francisco,Western Addition,"(37.77811, -122.43639)",Private room,91,2,419,San Francisco
1344243,"Sunny Garden Suite, Perfect Locale",Inner Richmond,"(37.78517, -122.46989)",Entire home/apt,169,5,118,San Francisco
1031899,Fabulous Charming & Sunny S.F Apt.,Noe Valley,"(37.74832, -122.42567)",Entire home/apt,110,30,7,San Francisco
1351626,"Upscale home/furnishings, private",Outer Mission,"(37.73232, -122.44834)",Private room,55,30,10,San Francisco
1762727,Sunny Garden Studio in the Castro,Castro/Upper Market,"(37.760288, -122.442162)",Entire home/apt,200,31,25,San Francisco
1036860,2bed-rm Suites at Fisherman's Wharf,Russian Hill,"(37.80463, -122.42012)",Entire home/apt,270,2,18,San Francisco
1351783,Private Room #1 and Breakfast Nook,Outer Sunset,"(37.75686, -122.485)",Private room,47,30,40,San Francisco
1037251,Cozy & Convenient easy fwy Access,Bernal Heights,"(37.74372, -122.40828)",Entire home/apt,80,30,90,San Francisco
1038324,Awesome Mission spot for travelers,Mission,"(37.75217, -122.40954)",Private room,75,30,96,San Francisco
1352111,Tranquil Pacific Heights Top Floor Duplex,Pacific Heights,"(37.78992, -122.43446)",Entire home/apt,150,30,135,San Francisco
1764449,Queen Bed Private Room in Convenient Flat - SOLO!,Western Addition,"(37.78426, -122.42657)",Private room,150,30,31,San Francisco
1041916,Cute Private Cottage w/a Dishwasher & Jacuzzi,Inner Sunset,"(37.76027, -122.46929)",Entire home/apt,101,30,2,San Francisco
1767543,Secret garden cottage - with parking,Western Addition,"(37.77985, -122.44126)",Entire home/apt,200,30,215,San Francisco
1355744,Period Carriage House with San Francisco Charm,Western Addition,"(37.77019, -122.43649)",Entire home/apt,185,30,18,San Francisco
1059961,KelSoMa 1 Bed & Bath in SoMa,South of Market,"(37.78008, -122.40936)",Shared room,10000,35,40,San Francisco
1356129,Private Garden Room in Victorian Home!,Mission,"(37.75252, -122.42474)",Entire home/apt,82,2,379,San Francisco
1768239,Stunning Views2 near Haight&Castro!,Haight Ashbury,"(37.7653, -122.44573)",Entire home/apt,160,30,43,San Francisco
1067031,Bright & Spacious Home 3bd/2ba with Yard,Outer Mission,"(37.7305, -122.45194)",Entire home/apt,398,2,23,San Francisco
1769688,Bright Sunny BR +Private Bath in Huge NOPA Flat,Western Addition,"(37.77848, -122.44118)",Private room,99,4,271,San Francisco
1364882,Elegant Designer Home with Yard in Cow Hollow,Marina,"(37.79735, -122.43879)",Entire home/apt,389,30,58,San Francisco
1080429,Private room in a rocking hood!,Western Addition,"(37.77813, -122.441269)",Private room,69,30,25,San Francisco
1774026,"The top of Liberty Hill, near BART",Castro/Upper Market,"(37.75759, -122.42569)",Entire home/apt,409,4,149,San Francisco
1785463,Safe+clean+Parking+Ocean View 3 Bath Burgundy Room,West of Twin Peaks,"(37.73545, -122.46474)",Private room,41,5,216,San Francisco
1083810,"Home, Backyard & Park with Free Parking",Noe Valley,"(37.75417, -122.43705)",Entire home/apt,495,1,37,San Francisco
1807493,"Flat in SoMa - Top Floor, comfy queen bed, 1bd/1ba",South of Market,"(37.77985, -122.40496)",Entire home/apt,180,30,115,San Francisco
1388523,Mission Dolores Noe Valley Studio 1 Month Minimum,Mission,"(37.75444, -122.42473)",Entire home/apt,120,30,43,San Francisco
1084068,Modern Sanctuary Abundance of Light,South of Market,"(37.77985, -122.40352)",Entire home/apt,180,365,40,San Francisco
1087427,Private furnished Rm near UCSF/22nd Ave in Sunset,Outer Sunset,"(37.75629, -122.47907)",Private room,65,30,2,San Francisco
1391982,Artsy 2000 sqft Valencia and 22nd,Mission,"(37.75415, -122.42263)",Entire home/apt,364,5,44,San Francisco
1814061,"Modern, central to everything; Noe Valley pvt flat",Noe Valley,"(37.75259, -122.42552)",Entire home/apt,150,30,24,San Francisco
1815551,Lovely apartment in Noe Valley!,Noe Valley,"(37.75212, -122.42721)",Entire home/apt,250,2,280,San Francisco
1087433,Masterbedrm w/ own Bath near Ucsf in Sunset 22ndAv,Outer Sunset,"(37.75761, -122.48117)",Private room,79,30,0,San Francisco
1094207,Extraordinary Furnished Junior 1br,Mission,"(37.7603, -122.42256)",Entire home/apt,90,30,51,San Francisco
1830541,Golden Gate Park Retreat,Inner Richmond,"(37.77643, -122.47035)",Entire home/apt,196,3,347,San Francisco
1392204,HISTORIC HOME Large Pvt Bedroom(s) & Bath PARKING,West of Twin Peaks,"(37.73222, -122.46171)",Private room,119,3,267,San Francisco
1094764,San Francisco Presidio Paradise!,Inner Richmond,"(37.78814, -122.46547)",Entire home/apt,150,30,1,San Francisco
1407881,Secluded Studio in Castro/Mission,Castro/Upper Market,"(37.76235, -122.4307)",Entire home/apt,160,30,197,San Francisco
1098003,"Lovely, Unique Home Near Everything",Western Addition,"(37.77025, -122.43231)",Entire home/apt,750,2,114,San Francisco
1409218,"Modern, Large & Luxurious SOMA Loft",South of Market,"(37.77593, -122.41064)",Entire home/apt,215,30,66,San Francisco
1841832,Beautiful Immaculate Nob Hill Condo,Nob Hill,"(37.79424, -122.41493)",Entire home/apt,93,113,199,San Francisco
1101403,"2b/2b modern condo, super location",Mission,"(37.76761, -122.42474)",Entire home/apt,275,2,38,San Francisco
1103797,Remodeled Victorian Flat w/ Garden,Western Addition,"(37.78456, -122.44327)",Entire home/apt,600,30,35,San Francisco
1844877,The apartment is awesome...,Potrero Hill,"(37.7615, -122.40283)",Entire home/apt,106,30,97,San Francisco
1421671,"People Love This Place! See Reviews, Best Location",Mission,"(37.77125549316406, -122.42398834228516)",Entire home/apt,207,2,366,San Francisco
1104912,"Sunny SF apt near Downtown,Golden Gate Park, beach",Outer Richmond,"(37.7774, -122.50255)",Entire home/apt,149,2,269,San Francisco
1421774,Charming Private Castro Studio,Castro/Upper Market,"(37.76669, -122.43626)",Entire home/apt,126,3,637,San Francisco
1421937,MAJESTIC VIEWS Historic Home SERENITY & PARKING,West of Twin Peaks,"(37.73217, -122.46167)",Private room,116,3,214,San Francisco
1847664,"Bright, Modern Garden Unit. Contact-Free. GG Park!",Inner Richmond,"(37.7766, -122.45534)",Entire home/apt,129,6,156,San Francisco
1851403,"Beautiful, modern and super located",Marina,"(37.79824, -122.43483)",Entire home/apt,205,30,7,San Francisco
1106534,Private Cottage in Noe Valley with parking!,Noe Valley,"(37.74498, -122.4367)",Entire home/apt,195,30,100,San Francisco
1428465,Modern Noe Valley Mid Century Home,Noe Valley,"(37.75005, -122.43078)",Entire home/apt,304,30,42,San Francisco
1110001,"Charming, Cozy, Beautiful Home w/lush garden patio",Glen Park,"(37.74178, -122.43014)",Entire home/apt,215,30,85,San Francisco
1428553,Sublet cozy sunny room in Castro!,Castro/Upper Market,"(37.75955, -122.43877)",Private room,89,30,26,San Francisco
1123125,Private Suite -Potrero Hill-San Francisco-2 guests,Potrero Hill,"(37.75995, -122.39668)",Private room,129,2,170,San Francisco
1429022,Modern Art Deco Marina Penthouse Flat,Marina,"(37.80461, -122.44627)",Entire home/apt,631,2,11,San Francisco
1855096,Fabulous Artist Flat in the Heart of Potrero Hill,Potrero Hill,"(37.76391, -122.3934)",Entire home/apt,265,2,433,San Francisco
1857226,San Fran 3 bedroom/3 bathroom/den/free parking,Glen Park,"(37.73536, -122.43907)",Entire home/apt,550,3,67,San Francisco
1138764,SF Penthouse right next to the Moscone Center,Financial District,"(37.78457, -122.39989)",Private room,350,2,20,San Francisco
1433011,"Location, location! Awesome place  in great area.",Russian Hill,"(37.80289, -122.41986)",Entire home/apt,180,3,13,San Francisco
1970756,Beautiful 1bedroom condo apartment home,Bernal Heights,"(37.74035, -122.42012)",Entire home/apt,125,30,33,San Francisco
1433917,Castro St Location Location Location,Castro/Upper Market,"(37.76006, -122.43424)",Entire home/apt,230,30,140,San Francisco
1979461,Walk to the Waterfront from a High-Tech Studio Flat,South of Market,"(37.78627, -122.39069)",Entire home/apt,144,30,23,San Francisco
1434314,Stylish Noe Valley View with Hot Tub & Sauna,Noe Valley,"(37.74859, -122.4318)",Entire home/apt,649,30,118,San Francisco
1861344,Cozy up at a Stylish South Beach High-rise Peppered with Art,South of Market,"(37.77799, -122.39805)",Entire home/apt,172,30,20,San Francisco
1864390,Fun & Artsy 2 bdrm 2 ba Hayes Valley Hidden Gem,Western Addition,"(37.7757, -122.42966)",Entire home/apt,142,30,153,San Francisco
1985338,Soak up the Botanical Vibe at a Garden Studio in Bernal,Bernal Heights,"(37.73963, -122.41492)",Private room,111,3,227,San Francisco
2022751,Modern 2 Bd 2 Bath Loft Style Condo,Potrero Hill,"(37.75697, -122.38851)",Entire home/apt,600,4,49,San Francisco
1865406,Alamo Square Studio with Jacuzzi and Steam room,Western Addition,"(37.7769, -122.43495)",Entire home/apt,92,45,35,San Francisco
1868880,Pac Heights Home w/ Parking Steps from Fillmore St,Pacific Heights,"(37.79082, -122.43561)",Entire home/apt,995,3,89,San Francisco
1887206,Amazing House on a Sunny Hillside,Bayview,"(37.71926, -122.39355)",Entire home/apt,90,30,16,San Francisco
1434425,"Castro, Large, Sunny, own dedicated bathroom",Castro/Upper Market,"(37.76581954956055, -122.43441772460938)",Private room,130,3,135,San Francisco
1438864,Noe Valley,Noe Valley,"(37.74584, -122.43292)",Private room,290,3,83,San Francisco
2023326,Perfectly Located Luxurious Home,Inner Richmond,"(37.78321, -122.47017)",Entire home/apt,550,7,7,San Francisco
1442027,Studio 1 Block from Hayes Valley,Downtown/Civic Center,"(37.77714, -122.4204)",Entire home/apt,117,30,30,San Francisco
2042095,Quiet Bedroom & Bath / 180 Deck View,Outer Mission,"(37.73234, -122.44256)",Private room,105,2,363,San Francisco
1450711,3 Bedroom 3 Bath House in the Mission,Mission,"(37.75246, -122.40831)",Entire home/apt,750,2,6,San Francisco
1892360,North Beach FIDI LUXE new designer flat for 6,North Beach,"(37.80126, -122.40576)",Entire home/apt,170,30,9,San Francisco
1892956,"Cozy Room for One or Two, Great Neighborhood",Mission,"(37.7539, -122.42339)",Private room,93,2,92,San Francisco
2048642,Luxury Modern Apartment with Bay Views,South of Market,"(37.77094, -122.39509)",Entire home/apt,350,30,0,San Francisco
1898486,Private Cottage in Noe Valley,Noe Valley,"(37.74231, -122.42687)",Entire home/apt,240,30,112,San Francisco
1450899,Dolores Park: Nested in the Sun APT,Castro/Upper Market,"(37.75672, -122.4276)",Entire home/apt,160,14,23,San Francisco
2049672,Spacious Mission Dolores House,Mission,"(37.76229, -122.42228)",Entire home/apt,486,4,24,San Francisco
1456153,The French Victorian House With Bay Views,Bernal Heights,"(37.74711, -122.40747)",Entire home/apt,228,30,57,San Francisco
2049955,"Private, Newly-Renovated 1-Br Apt",Inner Richmond,"(37.78006, -122.46116)",Entire home/apt,201,3,229,San Francisco
1460174,"Unique, Modern Apartment with Contemporary Art",Western Addition,"(37.77705, -122.43651)",Entire home/apt,520,3,64,San Francisco
1907229,Amazing Location + Space + Luxury,Western Addition,"(37.78645, -122.43827)",Entire home/apt,686,1,214,San Francisco
2058119,Private room in Dolores Park Apt,Mission,"(37.76155, -122.42443)",Private room,100,30,82,San Francisco
1914841,Garden Studio Apartment,Western Addition,"(37.77914, -122.43591)",Entire home/apt,85,30,124,San Francisco
1925206,Private Guest Suite with Private Bathroom and Entrance in SF,Excelsior,"(37.72253, -122.40874)",Private room,108,1,222,San Francisco
1460628,Private studio with a lush garden,Inner Richmond,"(37.77838, -122.46129)",Entire home/apt,155,1,343,San Francisco
2062696,Ocean Beach Rm Classic 1906 Mission Victorian,Mission,"(37.74948, -122.42253)",Private room,75,5,149,San Francisco
2072098,Peaceful urban views to inspire,Potrero Hill,"(37.76345, -122.39492)",Entire home/apt,160,30,27,San Francisco
1467857,"Perfect location. Convenient, safe and comfortable",Western Addition,"(37.78744, -122.44352)",Entire home/apt,95,30,37,San Francisco
1928125,"Sunny, Spacious Home with Garden & Parking",Mission,"(37.7548, -122.41119)",Entire home/apt,218,28,25,San Francisco
2077982,NOPA garden apartment,Western Addition,"(37.77996, -122.43837)",Entire home/apt,130,30,120,San Francisco
1470340,Beautiful Crocker Garden Suite near Mission street,Crocker Amazon,"(37.70942, -122.43542)",Entire home/apt,90,3,233,San Francisco
2093695,Light filled Garden Private room,Ocean View,"(37.72437, -122.47036)",Private room,75,30,53,San Francisco
1471683,Artful Comforts in the Lower Haight,Western Addition,"(37.77127, -122.42945)",Private room,140,3,507,San Francisco
1931763,Sunny Room Overlooking Charming Side Street,Mission,"(37.76081, -122.41894)",Private room,100,3,221,San Francisco
2105111,Beautiful Spacious City Retreat,Haight Ashbury,"(37.77493, -122.4422)",Entire home/apt,275,30,6,San Francisco
1474209,Great SF Hotel/Timeshare (Union Sq),Downtown/Civic Center,"(37.78743, -122.41104)",Private room,193,1,101,San Francisco
2111361,Civic Center Studio With Parking,Downtown/Civic Center,"(37.78133, -122.42135)",Entire home/apt,26,30,101,San Francisco
1480015,Vintage Modern Victorian Apartment,Haight Ashbury,"(37.76636, -122.44887)",Entire home/apt,265,3,245,San Francisco
1932019,Private garden guest duplex,Inner Sunset,"(37.75515, -122.46962)",Entire home/apt,95,2,189,San Francisco
2115503,Ocean Beach - Kelly's Cove,Outer Richmond,"(37.77428, -122.50759)",Entire home/apt,170,2,392,San Francisco
1944564,Super Clean Artist Loft above Sculpture Studio,Mission,"(37.76223, -122.41143)",Entire home/apt,186,1,427,San Francisco
1954263,Jr. BD w/ Guest Loft & Huge Kitchen,Pacific Heights,"(37.78956, -122.43224)",Entire home/apt,120,30,19,San Francisco
1482730,Bernal Heights 2 BD near 101/280 & Cute Main St,Bernal Heights,"(37.73863, -122.41713)",Entire home/apt,169,4,175,San Francisco
1483853,Super Hotel/Timeshare Union Sq.,Downtown/Civic Center,"(37.78726, -122.41109)",Private room,196,2,65,San Francisco
1484792,"Live Like a San Franciscan in Hayes Valley, with Parking",Western Addition,"(37.777439, -122.423988)",Entire home/apt,250,30,168,San Francisco
2124182,Modern Cottage perfect for work trip or long stay,Potrero Hill,"(37.75888, -122.39843)",Entire home/apt,126,30,121,San Francisco
1487849,Holladay Home (w/ parking),Bernal Heights,"(37.74778, -122.4045)",Entire home/apt,165,2,406,San Francisco
2130640,Family & Kids Friendly Spacious 3BR/2BA Victorian,Western Addition,"(37.7707, -122.43017)",Entire home/apt,350,3,33,San Francisco
1956312,"Historical Elegance 2BR Castro-Duboce, CPMC Davies",Castro/Upper Market,"(37.76573, -122.4326)",Entire home/apt,200,30,0,San Francisco
2134475,"Scenic Marina District, Free Parking, Breakfast",Presidio,"(37.801, -122.44779)",Private room,150,2,470,San Francisco
1970257,Classic Inner Mission Living in an Historic First-Floor Home,Mission,"(37.75081, -122.40897)",Entire home/apt,350,3,96,San Francisco
2611820,Prime Mission 2 Bedrm MCM Decor 4 Blocks to BART,Mission,"(37.75954, -122.4215)",Entire home/apt,390,4,40,San Francisco
2135298,Large Quiet Noe Valley Room,Noe Valley,"(37.75569, -122.4351)",Private room,55,30,1,San Francisco
3434710,DT VIEWS - Seeking Long Term Tenant,Mission,"(37.75782, -122.41877)",Entire home/apt,150,30,38,San Francisco
2135871,Nice Clean Furnished Room - Single Occupency,Excelsior,"(37.73123, -122.42182)",Private room,34,30,21,San Francisco
3442439,Spacious Bernal Heights In-law with private entry.,Bernal Heights,"(37.73606, -122.42367)",Entire home/apt,130,2,195,San Francisco
2614474,"Modern, sunny room in   loft in SOMA",South of Market,"(37.78085, -122.402)",Private room,120,30,52,San Francisco
2620371,Prime Location  1 Bedroom Apartment,Pacific Heights,"(37.79187, -122.4243)",Entire home/apt,149,30,20,San Francisco
2620499,"Spacious home w/ garden, garage, Bay & city views",Potrero Hill,"(37.76182, -122.40388)",Entire home/apt,274,30,3,San Francisco
2139562,PARADISE AT SAN FRANCISCO,West of Twin Peaks,"(37.72816, -122.45817)",Private room,156,4,157,San Francisco
2636716,Studio Apt- Close to Everything,Pacific Heights,"(37.7937, -122.42497)",Entire home/apt,160,30,21,San Francisco
3465396,Bright Sunny House Close to UCSF Mission Bay  2N,Potrero Hill,"(37.76307, -122.39585)",Private room,120,30,26,San Francisco
2145207,(800Mbps) 2BR@Center of San Fran,Downtown/Civic Center,"(37.78206, -122.41657)",Entire home/apt,84,40,11,San Francisco
3475515,Beautiful 2BR on Union St/Marina,Pacific Heights,"(37.79608, -122.43571)",Entire home/apt,182,30,4,San Francisco
2154122,House suitable for business and family travelers,West of Twin Peaks,"(37.73623, -122.45516)",Entire home/apt,483,3,26,San Francisco
3479568,Spacious Upper Haight Condo,Haight Ashbury,"(37.76787, -122.44961)",Entire home/apt,400,3,41,San Francisco
2658295,The Donatello Hotel (Union Square),Downtown/Civic Center,"(37.78907, -122.40965)",Private room,236,1,24,San Francisco
2677273,unique private getaway apartment,Inner Richmond,"(37.78611755371094, -122.47742462158205)",Entire home/apt,193,2,211,San Francisco
2683409,"Big, Bright & Central 2BR! GGP, GGB & Lands End!",Outer Richmond,"(37.77548, -122.48803)",Entire home/apt,198,2,65,San Francisco
2166428,Sunny 1BR Apt in Haight-Ashbury,Haight Ashbury,"(37.76726, -122.4453)",Entire home/apt,112,30,152,San Francisco
2683857,Charming S.F. Home Perfect for Small Family,Outer Richmond,"(37.77577, -122.49306)",Entire home/apt,235,7,40,San Francisco
3486460,Great Views on Potrero-Chase Center & Mission Bay,Potrero Hill,"(37.75713, -122.39694)",Private room,95,1,366,San Francisco
2172308,Cozy 3BR Cottage in Pacific Heights,Pacific Heights,"(37.79025, -122.43632)",Entire home/apt,483,2,201,San Francisco
3509878,"2-3 Bed ""HISTORIC MODERN"" nr Valencia & Dolores Pk",Mission,"(37.76048, -122.42223)",Entire home/apt,155,100,22,San Francisco
2702606,Murphy bed in startup office,South of Market,"(37.7766, -122.39674)",Entire home/apt,194,30,0,San Francisco
2175930,Garden Apt in Bernal,Bernal Heights,"(37.74707, -122.40607)",Entire home/apt,150,1,223,San Francisco
2702686,2 private rooms for the price of 1! Women only.,Mission,"(37.75725852459272, -122.4093966463744)",Private room,100,1,40,San Francisco
3512817,Room in Sunny Condo - Diamond Hts.,Diamond Heights,"(37.746113, -122.443748)",Private room,80,30,0,San Francisco
2178509,Bernal Heights Architect's Retreat,Bernal Heights,"(37.74038314819336, -122.42191314697266)",Private room,107,2,512,San Francisco
3519611,"Simply the City's Best Location, live like a local",Marina,"(37.80141, -122.44118)",Entire home/apt,595,5,41,San Francisco
2709883,Rebbeca Lane SF CA,Bayview,"(37.73799, -122.38184)",Private room,55,31,0,San Francisco
2182851,Spacious 1BR in Mission Victorian,Mission,"(37.76605, -122.41669)",Private room,98,1,309,San Francisco
2710372,Spacious 2bd w/ Work Space in Cow Hollow (Union),Pacific Heights,"(37.79559, -122.43778)",Entire home/apt,192,30,12,San Francisco
2188919,Large 1BR in Mission Victorian,Mission,"(37.7675, -122.41514)",Private room,94,1,238,San Francisco
2736358,Garden Retreat steps from Haight St,Haight Ashbury,"(37.76791, -122.44643)",Entire home/apt,185,2,440,San Francisco
3520817,Luxurious Home With Expansive Views,Castro/Upper Market,"(37.75651, -122.42785)",Entire home/apt,864,30,40,San Francisco
2188976,Private 1BR in Mission Victorian,Mission,"(37.76458, -122.41571)",Private room,100,1,269,San Francisco
3563261,Charming Noe Valley Flat w/ Terrace,Noe Valley,"(37.75333, -122.42661)",Entire home/apt,75,30,64,San Francisco
2198399,Roomy 1BR in Mission Victorian,Mission,"(37.76538, -122.41461)",Private room,95,1,297,San Francisco
2738331,1 bdrm Haight Ashbury apt w/ garden 30 to 90 days,Haight Ashbury,"(37.76841, -122.45009)",Entire home/apt,99,30,137,San Francisco
2203283,Quiet Harbor for your Journey in SF,Inner Richmond,"(37.77842, -122.46802)",Private room,69,1,455,San Francisco
2739477,Home in the Castro,Castro/Upper Market,"(37.7563, -122.43416)",Entire home/apt,450,3,245,San Francisco
3569985,"Top Floor View, Fully Furnished SF 3 BDR",Bernal Heights,"(37.74234, -122.42355)",Entire home/apt,170,30,1,San Francisco
3571735,*Updated - Bright Private Furnished Room Upstairs,Bernal Heights,"(37.73647, -122.42494)",Private room,41,30,27,San Francisco
2209751,"Clean, quiet and central, w/garden view",Western Addition,"(37.77432, -122.43644)",Private room,98,2,353,San Francisco
3583119,Nob Hill Gem,Downtown/Civic Center,"(37.78981, -122.41128)",Entire home/apt,193,31,1,San Francisco
2747383,Beach House,Outer Sunset,"(37.7587, -122.50819)",Entire home/apt,225,2,208,San Francisco
2221057,Private Beach Side 2 bedroom,Outer Sunset,"(37.7472, -122.50567)",Entire home/apt,200,4,143,San Francisco
3612236,BARTLETT QUEEN,Downtown/Civic Center,"(37.78687, -122.40789)",Private room,89,1,142,San Francisco
2234256,A quiet sunny  place with a view,Bayview,"(37.71093, -122.38713)",Entire home/apt,130,90,13,San Francisco
3655811,Furnished 1 Bedroom in the Best Location,Russian Hill,"(37.79941, -122.41859)",Entire home/apt,133,30,10,San Francisco
3664261,Quiet 2BR in Heart of SF,Castro/Upper Market,"(37.76714, -122.43748)",Entire home/apt,257,2,287,San Francisco
2771688,2BR Central Mission Quiet Street by BART/24TH,Mission,"(37.75079, -122.41825)",Entire home/apt,105,30,150,San Francisco
2236226,"N Beach/Tel Hill, Office Ready, Quiet, BBQs/GR1",North Beach,"(37.80008, -122.4056)",Entire home/apt,90,80,103,San Francisco
2783251,Russian Hill/ North Beach Garden Apartment,Russian Hill,"(37.80232, -122.41871)",Entire home/apt,159,5,337,San Francisco
2244652,"Fantastic Location, Inexpensive, Office Ready/GRA",North Beach,"(37.80008, -122.4056)",Entire home/apt,81,30,109,San Francisco
2802418,Comfortable Room With Private Bathroom,Outer Richmond,"(37.7751, -122.50099)",Private room,108,2,373,San Francisco
3672198,Bright 1-bedroom penthouse with great views,Russian Hill,"(37.79688, -122.42296)",Entire home/apt,126,30,128,San Francisco
2254431,Rooms with Spectacular Ocean View,Seacliff,"(37.77641, -122.50991)",Entire home/apt,535,1,50,San Francisco
2802480,Marina Modern 2BR (30 day min),Marina,"(37.80101, -122.44527)",Entire home/apt,285,30,42,San Francisco
2279254,"DONATELLO Hotel room, Union Square",Downtown/Civic Center,"(37.78747, -122.41127)",Private room,219,1,17,San Francisco
2890120,Beautiful sunny Victorian home for 4 with yard,Bernal Heights,"(37.74054, -122.41978)",Entire home/apt,175,2,54,San Francisco
2925557,Newly Remodeled Victorian Beauty,Western Addition,"(37.77302, -122.43647)",Entire home/apt,200,30,53,San Francisco
3689632,Union Square Luxury Suite 201,Downtown/Civic Center,"(37.78788, -122.41146)",Private room,225,30,20,San Francisco
2291164,"Large Cozy Studio, Hayes Valley.",Western Addition,"(37.77722, -122.42557)",Entire home/apt,100,30,25,San Francisco
3697738,Luxe Remodeled Victorian Home in Cole Valley,Haight Ashbury,"(37.7694, -122.44749)",Entire home/apt,270,30,19,San Francisco
2926901,Lovely Union Sq. Timeshare/Hotel,Downtown/Civic Center,"(37.78849, -122.40916)",Private room,179,2,44,San Francisco
2927781,"great modern space, great location!",Mission,"(37.76797, -122.41918)",Private room,189,2,192,San Francisco
2298930,Private Room in Large Cow Hollow Flat,Marina,"(37.79793, -122.4418)",Private room,207,1,57,San Francisco
2933899,Nice SF Hotel/Timeshare (Union Sq.),Downtown/Civic Center,"(37.78839, -122.40902)",Private room,180,1,24,San Francisco
2935400,Furnished Studio Short-Term FiDi Garden View,Nob Hill,"(37.79102, -122.40921)",Entire home/apt,97,30,8,San Francisco
2937902,Stellar Hotel/Timeshare (Union Sq.),Downtown/Civic Center,"(37.78724, -122.40931)",Private room,180,1,18,San Francisco
3712105,Union Square Luxury Suite 301,Nob Hill,"(37.78992, -122.41131)",Entire home/apt,354,30,21,San Francisco
3712976,"Quiet, Elegant, Everything You Need",Glen Park,"(37.73896, -122.42644)",Entire home/apt,199,30,34,San Francisco
2299196,Great Hayes Valley Studio (#9),Western Addition,"(37.77743, -122.42502)",Entire home/apt,120,30,41,San Francisco
3716504,The Buddha Room in 1906 SF Victorian,Mission,"(37.749, -122.42244)",Private room,95,5,161,San Francisco
2939849,Sublet in a great neighborhood!,Castro/Upper Market,"(37.75953, -122.44035)",Private room,89,30,20,San Francisco
2310765,Modern Studio in SoMA/Downtown SF,South of Market,"(37.78186, -122.39878)",Entire home/apt,149,30,24,San Francisco
2943327,Outstanding Hotel/TS (Union Square),Downtown/Civic Center,"(37.7888, -122.40988)",Private room,197,1,19,San Francisco
2959323,Fantastic Hotel/TS (Union Square),Downtown/Civic Center,"(37.78672, -122.41123)",Private room,180,1,10,San Francisco
2960229,Excellent Hotel/TS (Union Square),Downtown/Civic Center,"(37.78854, -122.41114)",Private room,200,1,24,San Francisco
3719923,The Gold Room & Santa Marie in SF,Noe Valley,"(37.74348, -122.4261)",Private room,84,3,60,San Francisco
2311428,Modern  One Bedroom in Bernal Heights,Bernal Heights,"(37.74567, -122.41328)",Entire home/apt,250,2,20,San Francisco
3720392,Golden Gate Apex Hideaway,Inner Sunset,"(37.75975, -122.46579)",Entire home/apt,137,3,415,San Francisco
2314849,"Marina Neighborhood Garden Studio, Dream Bathroom",Presidio,"(37.79802, -122.44742)",Entire home/apt,94,30,17,San Francisco
3721927,Upscale Golden Gate Park Master Kitchenless Studio,Inner Sunset,"(37.75893, -122.46496)",Entire home/apt,166,3,447,San Francisco
2965433,"Center North Beach w/stunning views, stylish decor",Russian Hill,"(37.79887, -122.41086)",Entire home/apt,345,4,82,San Francisco
2315086,"Pacific Heights, 2 rooms & parking!",Western Addition,"(37.78639, -122.44565)",Private room,155,3,412,San Francisco
2970253,Hillside Bernal Apartment w/ Easy Street Parking,Bernal Heights,"(37.74369, -122.4088)",Entire home/apt,99,30,7,San Francisco
3727061,Beautiful 3 bedroom apartment,Mission,"(37.75321, -122.41688)",Entire home/apt,425,30,122,San Francisco
2333128,Awesome Original San Francisco Victorian Flat,Western Addition,"(37.77882, -122.43754)",Entire home/apt,191,5,22,San Francisco
3743219,"Noe Valley Flat, Spacious and Sunny",Noe Valley,"(37.75113, -122.43925)",Entire home/apt,135,30,10,San Francisco
2980184,At Home in the Sunset,Outer Sunset,"(37.75369, -122.47782)",Entire home/apt,250,30,5,San Francisco
2980416,Furnished Bright Room Upstairs - Single Occupency,Bernal Heights,"(37.73281, -122.42668)",Private room,41,30,22,San Francisco
2340335,Private Bedroom Near Union Square,Downtown/Civic Center,"(37.78804, -122.40817)",Private room,120,30,12,San Francisco
2980482,Cozy Inner Furnished Room - Single Occupancy,Bernal Heights,"(37.73559, -122.42482)",Private room,32,30,26,San Francisco
3013427,San Francisco: City of Love,Western Addition,"(37.77727, -122.44638)",Private room,321,2,75,San Francisco
3755730,Week or month rate next to bus,Pacific Heights,"(37.78852, -122.44361)",Private room,114,30,6,San Francisco
2371394,"1886 VICTORIAN, QUIET & PRIVATE, BEST AREA in SF!",Western Addition,"(37.77112, -122.43306)",Entire home/apt,210,7,57,San Francisco
3757966,Cozy Quiet Gorgeous Cole Valley Apt,Haight Ashbury,"(37.76394, -122.45119)",Entire home/apt,208,30,47,San Francisco
3759368,"Charming, Private Castro Garden Apt",Castro/Upper Market,"(37.76685, -122.43499)",Entire home/apt,155,3,427,San Francisco
3015450,"Quiet, private entrance, street  parking/breakfast",Lakeshore,"(37.73343, -122.48879)",Private room,81,2,285,San Francisco
3068285,Fully Private Remodeled Sleek Studio in SOMA,Financial District,"(37.78376, -122.39998)",Entire home/apt,123,30,4,San Francisco
2371573,Pacific Heights Victorian,Pacific Heights,"(37.79114, -122.44209)",Entire home/apt,2000,5,2,San Francisco
3073038,Bright Castro Room: Great Location,Castro/Upper Market,"(37.75809, -122.44163)",Private room,145,3,126,San Francisco
2375006,Cute room near Golden Gate Park.,Outer Sunset,"(37.76335, -122.49566)",Private room,75,30,0,San Francisco
3079929,Centrally Located Two Bedroom Victorian Smart Home,Mission,"(37.76919, -122.42515)",Entire home/apt,999,3,63,San Francisco
3761446,Amazing Large Central Flat,Nob Hill,"(37.7904, -122.41357)",Entire home/apt,1168,2,81,San Francisco
2404647,Room with a View in Noe Valley,Noe Valley,"(37.74682, -122.43537)",Private room,65,30,12,San Francisco
3775090,Charming Marina Apt,Marina,"(37.80192, -122.43097)",Entire home/apt,224,30,16,San Francisco
3081324,"Spacious, Vibrant Top Floor Home Filled with Art",Glen Park,"(37.73389, -122.4324)",Entire home/apt,355,3,194,San Francisco
3093070,"2BR Suite, Magical Garden, Amazing Views +Tub!",Bernal Heights,"(37.74356, -122.4094)",Private room,298,3,76,San Francisco
3093543,Studio with own entrance and garden views.,Presidio,"(37.80954, -122.4767)",Private room,350,30,248,San Francisco
2412158,Spectacular View Home in Noe Valley,Noe Valley,"(37.74941, -122.43231)",Entire home/apt,170,30,45,San Francisco
3105998,Stay in a historic apt in the heart of the Mission,Mission,"(37.75127, -122.41377)",Entire home/apt,250,3,43,San Francisco
2432104,"Clean,Cozy, Garden private room",Ocean View,"(37.72813, -122.46919)",Private room,65,30,58,San Francisco
3112427,Star Studio in the Outer Sunset,Outer Sunset,"(37.75723, -122.50596)",Entire home/apt,150,2,316,San Francisco
3780418,Modern Studio w/Quiet Courtyard + Private Entrance,South of Market,"(37.77613, -122.41531)",Entire home/apt,139,2,447,San Francisco
2455313,Lovely upscale spacious 3BR+ walk to restaurants,Bernal Heights,"(37.74186, -122.41833)",Entire home/apt,336,30,75,San Francisco
3793678,Beautiful Garden 1BR Apartment,Outer Richmond,"(37.77551, -122.48725)",Entire home/apt,298,5,108,San Francisco
2455325,"AMAZING, CHIC & STYLISH SF HOME",Inner Richmond,"(37.78525, -122.46641)",Entire home/apt,175,30,192,San Francisco
3808193,Quiet Inner Sunset Apartment in Edwardian House,Inner Sunset,"(37.76315, -122.47293)",Entire home/apt,275,30,32,San Francisco
3115424,Sunny Apartment in Hayes Valley,Western Addition,"(37.78052, -122.42568)",Entire home/apt,125,30,19,San Francisco
2460904,Modern 1BR/1BA next to Waterfront. 1GB Internet.,South of Market,"(37.78444, -122.3938)",Entire home/apt,105,30,50,San Francisco
3116974,Amazing Location with Breathtaking Bay Views,Russian Hill,"(37.79825, -122.41366)",Entire home/apt,167,30,119,San Francisco
3122882,Friendly Inviting Room in NOPA,Haight Ashbury,"(37.77493, -122.44547)",Private room,150,2,188,San Francisco
3811916,Separate entrance Castro Studio,Noe Valley,"(37.7548, -122.43413)",Private room,117,3,331,San Francisco
2465870,"Temple Views, Zen Inspired, Designed by Feng Shui",Western Addition,"(37.78792, -122.43093)",Entire home/apt,114,30,2,San Francisco
2468125,DONATELLO near Moscone and Union Sq,Downtown/Civic Center,"(37.78929, -122.40931)",Private room,219,1,14,San Francisco
3124541,Super Clean Bedroom & Bath Suite w/ Private Entry,Castro/Upper Market,"(37.76448, -122.44312)",Private room,150,2,446,San Francisco
2469485,Remodeled Victorian. Luxury. Private Roof. Walk SF,Western Addition,"(37.77483135071088, -122.4344077563475)",Entire home/apt,178,30,8,San Francisco
3133266,Stylish Apartment near Historic Haight Ashbury,Haight Ashbury,"(37.76732, -122.44858)",Entire home/apt,260,30,69,San Francisco
3812931,Chic Urban Stay with View - Walk to Shops & Eats,Potrero Hill,"(37.7551, -122.40249)",Entire home/apt,107,30,119,San Francisco
2478558,"Donatello hotel, near Moscone/Union Sq, 2 dbl beds",Downtown/Civic Center,"(37.78711, -122.41076)",Private room,219,1,9,San Francisco
2483759,"Centrally-located, Walk Anywhere!",Western Addition,"(37.77703, -122.44039)",Private room,95,1,214,San Francisco
3826407,"Sunny, Spacious 3BR with a Great View",Bernal Heights,"(37.74427, -122.42386)",Entire home/apt,190,30,4,San Francisco
3862478,Spacious Penthouse 2bd/2ba with Gorgeous Views,Noe Valley,"(37.74439, -122.43164)",Entire home/apt,495,30,1,San Francisco
2486953,1906 Victorian in Noe Valley!,Noe Valley,"(37.75322, -122.43647)",Entire home/apt,307,3,165,San Francisco
3157463,Stylish Edwardian Family Home,Outer Richmond,"(37.78661, -122.48157)",Entire home/apt,450,7,22,San Francisco
2500662,Art House in Bernal Heights,Bernal Heights,"(37.73865, -122.41431)",Entire home/apt,265,30,4,San Francisco
3883252,Private studio in the sunny Mission w/Fast Wifi!,Mission,"(37.76837, -122.42465)",Entire home/apt,164,2,285,San Francisco
2516026,Marina gorgeous house 3 bdr all EN-Suite,Marina,"(37.80299, -122.43843)",Entire home/apt,711,2,61,San Francisco
3175769,3BR/2BA Luxury Condo w/Great Views!,Marina,"(37.79712, -122.44556)",Entire home/apt,375,30,6,San Francisco
2518781,Stylish Spacious Garden Master Bedroom w/ en Suite,Bernal Heights,"(37.74199, -122.42103)",Entire home/apt,180,5,470,San Francisco
3176619,Luxe Apartment in Victorian Home with Rooftop Deck,Russian Hill,"(37.80018, -122.41467)",Entire home/apt,850,7,23,San Francisco
3888294,Spacious Condo with City Views,Glen Park,"(37.74128, -122.42961)",Entire home/apt,375,5,1,San Francisco
3895335,Bright Beautiful Bernal Bedroom,Bernal Heights,"(37.7369, -122.41421)",Private room,90,30,8,San Francisco
2521327,1BR Unit with parking in San Francisco,Bayview,"(37.73024, -122.38769)",Entire home/apt,130,3,25,San Francisco
3896205,Pacific Heights Old World Studio-Pvt Entrance,Presidio Heights,"(37.78887, -122.44754)",Entire home/apt,176,3,97,San Francisco
3183280,Spacious double story modern loft with city view,South of Market,"(37.77829, -122.39674)",Entire home/apt,350,30,44,San Francisco
2538807,Cozy live/work suite in safe area by Metro subway,West of Twin Peaks,"(37.74193, -122.46531)",Entire home/apt,105,5,372,San Francisco
3200431,City of San Francisco: City of Love,Western Addition,"(37.77813, -122.44576)",Private room,360,4,15,San Francisco
2545771,"City Retreat with Patio, Firepit and Wooden Hottub",Bernal Heights,"(37.73418, -122.41104)",Entire home/apt,495,3,21,San Francisco
3201044,Stylish & Contemporary,Twin Peaks,"(37.74764, -122.44752)",Entire home/apt,513,2,39,San Francisco
3205059,Modern suite with private entrance,Potrero Hill,"(37.76054, -122.39221)",Entire home/apt,99,30,117,San Francisco
3907307,"Sweet spot in the Haight, central",Western Addition,"(37.77095, -122.43054)",Private room,117,30,0,San Francisco
3944915,.Amazing San Francisco Flat,Western Addition,"(37.77369, -122.4231)",Entire home/apt,125,30,22,San Francisco
2559297,Entire 2BR w/pkg centrally-located!,Western Addition,"(37.77698, -122.44192)",Entire home/apt,235,2,47,San Francisco
3946571,Historic Mission District Victorian,Mission,"(37.75698, -122.4195)",Private room,120,2,294,San Francisco
3230459,Garden Studio Apartment,Noe Valley,"(37.74248, -122.4251)",Private room,120,3,212,San Francisco
3240016,Great Duboce Park Garden Apartment (Downstairs),Haight Ashbury,"(37.77017, -122.43852)",Entire home/apt,100,30,184,San Francisco
2562034,"Walk to SF State, Parking, Quiet Neighborhood",Ocean View,"(37.72263, -122.46759)",Entire home/apt,165,30,51,San Francisco
3246879,Brand New 1 Bedroom in Hayes Valley,Castro/Upper Market,"(37.76896, -122.42769)",Entire home/apt,127,30,5,San Francisco
3992022,Safe+clean+Parking 3 Bath Hand-Painted Mural Room,West of Twin Peaks,"(37.73372, -122.46382)",Private room,41,5,124,San Francisco
3994686,Modern Potrero Hill Apartment with a Patio,Potrero Hill,"(37.76241, -122.3972)",Entire home/apt,385,3,98,San Francisco
2571453,4br 3ba 2nd floor Flat near GGP & Ocean Beach,Outer Richmond,"(37.77497, -122.49951)",Entire home/apt,400,4,29,San Francisco
4014209,"FUR 1 BDRM, DECK, W/D, WiFi, Dish, ALL UTIL",Outer Sunset,"(37.76411, -122.5038)",Entire home/apt,117,90,1,San Francisco
3257886,Golden Gate Park & Beach Getaway!,Outer Sunset,"(37.76359, -122.49762)",Entire home/apt,214,1,650,San Francisco
2578122,Sunny Victorian - Garden Guestroom,Castro/Upper Market,"(37.76864, -122.4283)",Private room,110,4,185,San Francisco
3263219,Sunny Bernal home w/ deck + garden,Bernal Heights,"(37.73639, -122.42036)",Entire home/apt,350,3,48,San Francisco
3265429,3BD Luxury SF Home 6+Month Rental Only,Nob Hill,"(37.791548, -122.418445)",Entire home/apt,800,30,0,San Francisco
4015985,SMART Downtown/ Soma Apartment,South of Market,"(37.78135, -122.40471)",Private room,148,30,2,San Francisco
2592518,Total Gem Two Bedroom Home,South of Market,"(37.77638, -122.40748)",Entire home/apt,257,3,301,San Francisco
4022209,Hotel Pac Hgts King Free Car Park#B,Pacific Heights,"(37.79727, -122.42396)",Private room,119,1,159,San Francisco
4022990,Hotel Pac Hgts 2 Bed Free Car ParkB,Pacific Heights,"(37.79702, -122.42433)",Private room,129,1,357,San Francisco
4277696,Centrally Located Victorian Smart Home Share,Mission,"(37.76931, -122.42319)",Private room,150,4,18,San Francisco
4023585,Warm cozy home near coast & easy access to all sf.,Ocean View,"(37.72046, -122.45773)",Entire home/apt,127,30,31,San Francisco
3290739,Marina Cow Hollow Queen Bdrm w/ Pvt Bath,Marina,"(37.79812, -122.43654)",Private room,130,1,404,San Francisco
4280408,"Oasis to relax, Sunny with Surrounding Views",Pacific Heights,"(37.79273, -122.43549)",Private room,160,3,65,San Francisco
3311711,Mission Bedroom w/ Private bath,Mission,"(37.7673, -122.41764)",Private room,126,2,443,San Francisco
4026354,Cozy 2 BR + Nice Ocean View+parking,Parkside,"(37.74486, -122.49064)",Entire home/apt,146,1,429,San Francisco
4282346,Marina 1 Bed Garden Apt Across Park,Marina,"(37.80181, -122.43301)",Entire home/apt,115,90,7,San Francisco
4033038,Grand 3-Level Painted Lady Victorian with Parking,Western Addition,"(37.78518, -122.44405)",Entire home/apt,1500,1,37,San Francisco
3319159,-Sunny Castro Flat.,Castro/Upper Market,"(37.76528, -122.42953)",Entire home/apt,110,30,33,San Francisco
4287481,"Spacious, Excellent Location,Free Parking",Outer Sunset,"(37.76134, -122.48304)",Entire home/apt,175,2,394,San Francisco
3325741,***Sparkling Clean***  Spacious Private Suite,Noe Valley,"(37.75575, -122.44029)",Entire home/apt,115,2,664,San Francisco
4302138,"Ultra-modern, luxury apt in Central Richmond Dist",Inner Richmond,"(37.78299, -122.47593)",Entire home/apt,125,30,6,San Francisco
3325856,2 bedroom Modern pied-a-terre in The Mission,Castro/Upper Market,"(37.75975, -122.4272)",Private room,313,4,12,San Francisco
4037590,NobHill Penthouse-Top View&Location,Nob Hill,"(37.79698, -122.4118)",Entire home/apt,550,30,2,San Francisco
4305042,Welcome Back To The Perfect San Francisco Getaway,West of Twin Peaks,"(37.74215, -122.4575)",Entire home/apt,199,3,253,San Francisco
4059549,Hotel Pac Hgts 2 Bed Free Car ParkC,Marina,"(37.7993, -122.42534)",Private room,129,1,335,San Francisco
3333870,Cole Valley Smart and Stylish En Suite,Haight Ashbury,"(37.76395, -122.44767)",Private room,165,3,235,San Francisco
4319230,Bright View Cottage with Spacious Peaceful Loft,Excelsior,"(37.71978, -122.43775)",Entire home/apt,88,30,9,San Francisco
3377936,Book and Save Fabulous in the Mission Accepting Offers.,Mission,"(37.7494, -122.4097)",Entire home/apt,155,30,30,San Francisco
4068598,San Francisco Mid Century Modern with Views,Bayview,"(37.73751, -122.38526)",Entire home/apt,200,30,163,San Francisco
4343722,1 Bedroom near Hayes Valley with Rooftop Deck,Downtown/Civic Center,"(37.77668, -122.42107)",Entire home/apt,158,30,14,San Francisco
4358868,Beautiful Victorian in Dogpatch,Potrero Hill,"(37.75999, -122.38898)",Entire home/apt,550,2,18,San Francisco
4077186,Modern 2BR Next to Golden Gate Park,Inner Richmond,"(37.77801, -122.45825)",Entire home/apt,99,30,170,San Francisco
3384413,Heart of the Mission - Modern 2BD,Mission,"(37.7597, -122.41839)",Entire home/apt,386,3,114,San Francisco
4359078,Hotel Pac Hgts 2 Bed Free Car ParkD,Pacific Heights,"(37.79702, -122.4241)",Private room,125,1,400,San Francisco
4372435,"Cozy, well furnished 1 bedroom",Parkside,"(37.74129, -122.47819)",Entire home/apt,138,3,40,San Francisco
3386658,Spacious Flat w/Garden Oasis & Easy Transit Access,Outer Mission,"(37.733749, -122.439713)",Entire home/apt,200,3,13,San Francisco
4093967,"Garden Room, Magical Garden, Amazing Views + Tub!",Bernal Heights,"(37.743557, -122.409401)",Private room,195,3,316,San Francisco
4402199,Chic Jr. Studio Pacific Heights Victorian Home-pvt,Western Addition,"(37.78736, -122.44512)",Private room,209,3,232,San Francisco
4097700,SWEET Suite BAKER Street hosted by Sweet Caroline,Marina,"(37.79717, -122.44547)",Entire home/apt,199,4,52,San Francisco
3390866,Penthouse with parking and amazing views,Noe Valley,"(37.75058, -122.4417)",Private room,55,30,6,San Francisco
4416566,Spacious 1BR w/ Panoramic Views and Terrace,Noe Valley,"(37.74567, -122.43227)",Entire home/apt,140,30,21,San Francisco
3402610,1BR in the heart of San Francisco,Downtown/Civic Center,"(37.78631, -122.4155)",Entire home/apt,150,4,185,San Francisco
4100473,Large Alamo Square One Bedroom apt,Western Addition,"(37.774849, -122.436317)",Entire home/apt,150,30,62,San Francisco
4105892,"Music Room, Magical Garden, Amazing Views + Tub!",Bernal Heights,"(37.743523, -122.409355)",Private room,195,3,245,San Francisco
4417901,Private Room @Fun & Social Hostel#1,North Beach,"(37.79939, -122.40576)",Private room,119,1,171,San Francisco
4987668,Petite room in Vegan Mission Penthouse,Mission,"(37.7612, -122.41914)",Private room,125,1,189,San Francisco
4418649,Cozy room in a Nice Neighborhood Near Bart,Ocean View,"(37.72226, -122.4519)",Private room,65,1,121,San Francisco
4106442,Cozy SF Garden Apt/ Private Patio 31 days +,Mission,"(37.75324, -122.41823)",Entire home/apt,73,30,161,San Francisco
4110344,Hotel Pac Hgts Queen Free Car ParkA,Pacific Heights,"(37.79737, -122.42382)",Private room,115,1,302,San Francisco
4422501,Lower Pac Heights Victorian Home,Western Addition,"(37.78863, -122.42882)",Entire home/apt,1450,2,16,San Francisco
4152054,Ocean Front Surf & Sandy Beach View,Outer Richmond,"(37.77314, -122.51246)",Entire home/apt,220,30,0,San Francisco
5005692,Nob Hill cozy single bedroom #1,Nob Hill,"(37.79061, -122.42111)",Private room,100,30,21,San Francisco
4429527,Cozy & quiet 1BR in West Portal,West of Twin Peaks,"(37.73772, -122.46597)",Entire home/apt,150,2,120,San Francisco
5025420,Nob Hill cozy single bedroom #5,Nob Hill,"(37.79089, -122.42153)",Private room,100,30,6,San Francisco
5027016,Cozy Studio by Beach & Golden Gate Park,Outer Sunset,"(37.7578, -122.50294)",Entire home/apt,90,30,109,San Francisco
4157192,Hilltop House Guest Suite with Stunning View,Bernal Heights,"(37.74429, -122.4084)",Entire home/apt,150,30,25,San Francisco
4445540,1 BD/1 BA Twin Peaks Lookout w/ City Views,Twin Peaks,"(37.75745, -122.44518)",Entire home/apt,123,30,49,San Francisco
5031660,Nob Hill cozy single bedroom #2,Nob Hill,"(37.79258, -122.42105)",Private room,120,30,17,San Francisco
5031745,Nob Hill cozy single bedroom #3,Nob Hill,"(37.79234, -122.42127)",Private room,130,30,18,San Francisco
5069984,The Bartlett QUEEN,Downtown/Civic Center,"(37.78541, -122.40934)",Private room,89,1,101,San Francisco
4461197,.Spacious Hayes Valley Flat,Western Addition,"(37.77311, -122.42431)",Entire home/apt,110,30,32,San Francisco
5070054,The Bartlett QUEEN,Downtown/Civic Center,"(37.78553, -122.40771)",Private room,89,1,125,San Francisco
5070924,The Bartlett QUEEN,Downtown/Civic Center,"(37.78564, -122.40825)",Private room,89,1,54,San Francisco
4157431,Spacious 1 BR / 1 BA Living in Russian Hill,Russian Hill,"(37.79767, -122.41866)",Entire home/apt,135,30,55,San Francisco
4464347,One Bed in Shared Dormitory at Social SF Hostel #1,North Beach,"(37.79821, -122.40521)",Shared room,46,1,680,San Francisco
4184406,Sunny Victorian - Bay Window Room,Castro/Upper Market,"(37.76866, -122.42858)",Private room,119,5,215,San Francisco
5070945,BARTLETT QUEEN,Downtown/Civic Center,"(37.78528, -122.40934)",Private room,89,1,62,San Francisco
4470873,Peace House In-Law,Western Addition,"(37.77725, -122.44567)",Private room,195,30,84,San Francisco
5070957,The Bartlett QUEEN,Downtown/Civic Center,"(37.78732, -122.40773)",Private room,89,1,85,San Francisco
5070973,BARTLETT QUEEN,Downtown/Civic Center,"(37.78678, -122.4078)",Private room,89,1,66,San Francisco
4476390,Executive Suite in Bernal Heights,Bernal Heights,"(37.73297, -122.42669)",Entire home/apt,100,31,43,San Francisco
4191242,"Top of the Telegraph Hill,  1 BR",North Beach,"(37.80021, -122.40509)",Entire home/apt,115,30,109,San Francisco
4477314,"Classic, grand 3 Br Victorian Appt in NOPA",Haight Ashbury,"(37.77462, -122.44242)",Entire home/apt,320,3,40,San Francisco
4227441,Private Bath & Entrance near UCSF,Haight Ashbury,"(37.76569, -122.4518)",Private room,130,1,286,San Francisco
5086367,Semi-Circle Modern Room / Private Street Entrance,Western Addition,"(37.78311, -122.44043)",Private room,69,30,12,San Francisco
4500244,Sunny Sweet Mission Dolores Apartment,Mission,"(37.75602, -122.42324)",Entire home/apt,180,30,37,San Francisco
5094146,Charming Sun-Room with Futon,Noe Valley,"(37.74238, -122.42959)",Private room,300,2,220,San Francisco
4243837,Beach Cottage,Outer Sunset,"(37.75714, -122.5082)",Entire home/apt,255,3,69,San Francisco
4525604,Cozy double in Mission Victorian,Mission,"(37.75064, -122.41012)",Private room,115,2,113,San Francisco
4250927,Peaceful Noe Home with Office and Patio by 24th Street,Noe Valley,"(37.7499, -122.43774)",Entire home/apt,198,30,74,San Francisco
5114942,WORLDMARK San Francisco,Chinatown,"(37.79111, -122.40585)",Private room,391,2,2,San Francisco
5117701,Go from City to Serenity in a Centrally Located Condo,Nob Hill,"(37.79483, -122.41032)",Entire home/apt,133,30,179,San Francisco
4527553,"Gorgeous Victorian, Trendy Mission",Mission,"(37.75512, -122.41522)",Entire home/apt,325,30,77,San Francisco
4252808,"Charming Garden Apartment, Steps From The Beach",Outer Sunset,"(37.75859, -122.50797)",Entire home/apt,157,2,500,San Francisco
4533440,Comfortable Room in Artistic Condo,Mission,"(37.7683, -122.42539)",Private room,111,4,144,San Francisco
4269254,Perfect getaway near Japantown,Western Addition,"(37.78355, -122.43062)",Entire home/apt,138,3,448,San Francisco
6105966,Edwardian Apartment but make it 2022,Noe Valley,"(37.75407, -122.42977)",Entire home/apt,600,2,9,San Francisco
5123765,"Historic Marina Flat with park view, playgrounds",Marina,"(37.80086064528769, -122.43113907298309)",Entire home/apt,112,30,0,San Francisco
4533652,Cool 2 Bedrooms in Bernal/Outer Mission,Bernal Heights,"(37.73906, -122.41275)",Entire home/apt,171,3,145,San Francisco
5136550,Sunny Central Castro Home Sleeps 4,Castro/Upper Market,"(37.76196, -122.43252)",Entire home/apt,271,30,6,San Francisco
6107258,3 Bed Pac Heights:Free Car ParkingB,Pacific Heights,"(37.79706, -122.425)",Private room,158,1,274,San Francisco
4549330,2 Bedroom apartment in NOPA,Haight Ashbury,"(37.7756, -122.44114)",Entire home/apt,267,3,102,San Francisco
6107359,Explore the Mission District from a Beautiful Edwardian Home,Mission,"(37.75625, -122.40951)",Entire home/apt,266,3,271,San Francisco
5144482,Gorgeous & stylish unit w/parking,West of Twin Peaks,"(37.74453, -122.46227)",Entire home/apt,130,2,418,San Francisco
4550843,Perfect Garden Apt - Laurel Heights,Presidio Heights,"(37.78361, -122.45416)",Entire home/apt,99,30,20,San Francisco
6117147,"cozy, private rental w/garden+deck",Outer Sunset,"(37.75443, -122.50115)",Entire home/apt,171,2,217,San Francisco
4558566,Stylish parkside Victorian in Mission District,Mission,"(37.74922, -122.41233)",Entire home/apt,300,3,67,San Francisco
5154242,Private room at San Francisco,Crocker Amazon,"(37.71186, -122.44505)",Private room,53,30,93,San Francisco
4558898,"Instagram Dream in the Clouds, 270°View",South of Market,"(37.77813, -122.41409)",Private room,204,1,194,San Francisco
5195922,Spacious Private Room in SF,Outer Mission,"(37.71144, -122.44691)",Private room,55,30,25,San Francisco
5196070,Private room inlaw in san francisco,Crocker Amazon,"(37.71156, -122.44494)",Private room,53,30,30,San Francisco
6119086,Mission Apartment,Mission,"(37.7578, -122.40686)",Entire home/apt,125,30,13,San Francisco
4575906,Cozy single bedroom #1,Nob Hill,"(37.79202, -122.42089)",Private room,60,30,8,San Francisco
6145605,"Comfortable, Stylish Studio with PARKING! Safe!",Visitacion Valley,"(37.71167, -122.39885)",Entire home/apt,120,1,240,San Francisco
5196116,Spacious inlaw in San Francisco,Crocker Amazon,"(37.70976, -122.44522)",Private room,55,30,54,San Francisco
5196233,San Francisco Private Studio,Crocker Amazon,"(37.71123, -122.4449)",Entire home/apt,56,30,61,San Francisco
4588670,Beautiful Top Floor Studio,Mission,"(37.75003, -122.4179)",Entire home/apt,180,30,16,San Francisco
4597675,* Spacious  Room / Private Bath & Deck*,Western Addition,"(37.78288, -122.44062)",Private room,89,30,11,San Francisco
5217164,Private and cozy 3 room In-Law Garden apartment.,Bayview,"(37.72823, -122.39253)",Private room,114,3,93,San Francisco
6154096,Luxury & Location: 5 Star San Francisco Experience,Russian Hill,"(37.8047, -122.4234)",Entire home/apt,619,1,25,San Francisco
4598364,* Beautifully Furnished Room with Private Deck*,Western Addition,"(37.78433, -122.44213)",Private room,69,60,3,San Francisco
6156195,Brand NEW - Prime Castro LOCATION,Castro/Upper Market,"(37.76019, -122.43663)",Entire home/apt,249,30,85,San Francisco
5222044,Jim and Suzanne's Garden Apartment,Haight Ashbury,"(37.77447, -122.44298)",Entire home/apt,291,5,126,San Francisco
4607282,SF 2 BDR 1.5 bath Flat w/Ocean Views parking,West of Twin Peaks,"(37.72917, -122.46299)",Entire home/apt,300,2,25,San Francisco
5229280,Apartment (2bed/ 1 bath) with yard and parking,Parkside,"(37.74031, -122.47744)",Entire home/apt,145,1,424,San Francisco
6163821,Studio Potrero Hill- great park across the street!,Potrero Hill,"(37.75724, -122.39907)",Entire home/apt,153,1,592,San Francisco
6169292,Hotel Pac Hgts 2 Bed Free Car ParkA,Pacific Heights,"(37.79696, -122.42539)",Hotel room,129,1,263,San Francisco
4614763,San Fran Zanadu: Private Garden Suite,Mission,"(37.75254, -122.40497)",Entire home/apt,209,3,513,San Francisco
6188428,Waterfront 2 Bdr Apt -Fishermans Wharf - Bay Views,North Beach,"(37.80698, -122.41344)",Private room,591,1,47,San Francisco
5242394,Private Cozy Studio Flat  4U!,Potrero Hill,"(37.758205, -122.399689)",Entire home/apt,113,3,214,San Francisco
4616040,Recent Remodeled Garden Studio Condo Home,Mission,"(37.75807847656964, -122.4211430093806)",Entire home/apt,85,30,26,San Francisco
5251589,VIEWS + LUXURY + LOCATION = Unforgettable Stay,North Beach,"(37.80339, -122.40855)",Entire home/apt,1178,3,44,San Francisco
6214853,.Sunny San Francisco Flat!,Western Addition,"(37.7731, -122.42439)",Entire home/apt,105,30,22,San Francisco
4616596,Relax in Style in Mission Victorian’s Serene Garden Studio,Mission,"(37.75044, -122.41588)",Entire home/apt,246,5,156,San Francisco
5253001,"South Beach Condo Loft, 2 Car Parking, Deck + AC",South of Market,"(37.78664, -122.39308)",Entire home/apt,111,30,1,San Francisco
4617719,2BR/1BA Modern w $25/day parking option cars <17ft,Excelsior,"(37.73074, -122.40882)",Entire home/apt,121,2,484,San Francisco
5272750,Triple Room @ Fun & Social Hostel#1,North Beach,"(37.79933, -122.40594)",Private room,106,1,357,San Francisco
6224858,Stylish Family Home near the Presidio,Inner Richmond,"(37.78571, -122.46154)",Entire home/apt,550,3,46,San Francisco
4631873,Hotel Pac Hgts Queen Free Car ParkB,Russian Hill,"(37.7992, -122.42358)",Hotel room,98,1,354,San Francisco
6238514,Noe Valley 2 bedroom retreat,Noe Valley,"(37.74648, -122.43035)",Entire home/apt,375,1,116,San Francisco
4632133,Hotel Pac Hgts King Free Car Park#A,Pacific Heights,"(37.79756, -122.42396)",Private room,119,1,192,San Francisco
4638678,BARTLETT QUEEN,Downtown/Civic Center,"(37.78533, -122.4094)",Private room,89,1,107,San Francisco
6245649,Blake & Sara's Ocean Beach Pad,Outer Sunset,"(37.75916, -122.50689)",Entire home/apt,98,30,126,San Francisco
5286047,Stylish NOPA Pad,Western Addition,"(37.77773, -122.44181)",Entire home/apt,264,3,51,San Francisco
4650391,Venetian Room in San Francisco,Excelsior,"(37.72729, -122.42926)",Private room,110,2,131,San Francisco
5327231,NEW! Stylish and Best Location In Pacific Heights,Western Addition,"(37.7879, -122.43821)",Entire home/apt,704,7,10,San Francisco
5338610,Pristine Pied-a-Terre in the Marina,Marina,"(37.79693, -122.43486)",Private room,80,30,196,San Francisco
5413930,Classic 2BR/1BA  Apt/Main Flat in House/Mission,Mission,"(37.76448, -122.42349)",Entire home/apt,172,4,247,San Francisco
6272183,Cozy Studio by Golden Gate Park,Inner Sunset,"(37.76284, -122.45487)",Entire home/apt,95,30,76,San Francisco
4653332,Sunny 1BR Apt in Noe w/ parking,Noe Valley,"(37.74509, -122.43105)",Entire home/apt,220,60,11,San Francisco
6272816,"Sunny, Full Apartment, 👍🏼 Designed, Best Location",Mission,"(37.76972, -122.41966)",Entire home/apt,180,1,188,San Francisco
6301675,Urban Oasis in the Heart of SF,Downtown/Civic Center,"(37.78931, -122.41158)",Entire home/apt,130,30,26,San Francisco
5433133,Bay Bridge Lights View South Beach,South of Market,"(37.78763, -122.3887)",Entire home/apt,290,30,23,San Francisco
4654218,Private furnished room with a great view,Excelsior,"(37.72626, -122.43233)",Private room,69,10,128,San Francisco
5436115,Private Bedroom in the Dogpatch!,Potrero Hill,"(37.75931, -122.38752)",Private room,85,30,0,San Francisco
5443493,"Beautiful Cottage, hot tub, in great neighborhood.",Castro/Upper Market,"(37.75852, -122.4356)",Entire home/apt,249,1,103,San Francisco
5480795,Hotel Pac Hgts 2 Bed Free Car ParkE,Marina,"(37.79901, -122.42511)",Private room,123,1,360,San Francisco
6316753,Female house easy parking laundry near market bus,Outer Mission,"(37.73119, -122.45014)",Private room,55,10,70,San Francisco
6324586,"Beautiful, Family-Friendly Flat in Sunny Mission",Mission,"(37.7503, -122.40985)",Entire home/apt,350,5,8,San Francisco
4663060,Peaceful Noe Valley private space near everything,Noe Valley,"(37.74551, -122.43283)",Entire home/apt,132,2,450,San Francisco
6329340,Beloved San Francisco,Western Addition,"(37.77817, -122.44604)",Entire home/apt,900,30,16,San Francisco
6329731,Love San Francisco,Western Addition,"(37.77822, -122.44544)",Private room,257,2,44,San Francisco
5505643,21st-Century Castro Bordering Apartment With Roof Deck,Castro/Upper Market,"(37.76614, -122.42709)",Entire home/apt,2036,30,61,San Francisco
4663132,Zen Noe Valley 3+ Bedroom Home w/ Dramatic Views,Noe Valley,"(37.74561, -122.43294)",Entire home/apt,795,4,22,San Francisco
4678599,"Sunny Victorian Home, Stylish, Family Friendly",Noe Valley,"(37.75114, -122.4377)",Entire home/apt,940,6,21,San Francisco
5537718,A Modern Architectural Home,Bernal Heights,"(37.74077, -122.4187)",Entire home/apt,675,5,13,San Francisco
5547500,"1 Private Bed, Renovated Bath, Castro & City Views",Twin Peaks,"(37.75811, -122.44439)",Private room,137,4,362,San Francisco
6335352,Beautiful Victorian Home in Noe Valley,Noe Valley,"(37.75165, -122.44043)",Entire home/apt,471,2,167,San Francisco
6336315,Edwardian Condo Centrally Located,South of Market,"(37.77184, -122.42287)",Private room,99,3,78,San Francisco
4695477,Private Studio UCSF separate entry and bath,Inner Sunset,"(37.76604, -122.45308)",Private room,112,2,377,San Francisco
4701489,SF Hotel Studio: Union Square Gem!,Downtown/Civic Center,"(37.78841, -122.40927)",Entire home/apt,328,2,56,San Francisco
6344096,"Large room, convenient location /w views, parking",Noe Valley,"(37.75197, -122.4426)",Private room,102,30,12,San Francisco
5548977,The Real San Francisco,Outer Richmond,"(37.78172, -122.49235)",Entire home/apt,201,2,555,San Francisco
5557316,Tri-Level 2BD/2.5BA SOMA Condo w/ City View,South of Market,"(37.77831, -122.41228)",Entire home/apt,180,31,22,San Francisco
5560256,Beautiful shared apartment,Mission,"(37.75533, -122.41465)",Private room,195,30,0,San Francisco
4713319,Dogpatch Gem Apt Parking Included!,Potrero Hill,"(37.76073, -122.39041)",Entire home/apt,210,60,18,San Francisco
5561787,Safe Clean Free Parking 3 Bath Exquisite Design,West of Twin Peaks,"(37.73519, -122.46446)",Private room,35,5,44,San Francisco
6348742,Comfortable Noe Valley Apartment (30+ Days),Noe Valley,"(37.75213, -122.43693)",Entire home/apt,115,30,97,San Francisco
4718629,Small private 1br 1ba no clean fee!,Outer Sunset,"(37.74631, -122.50614)",Entire home/apt,120,1,258,San Francisco
6365190,"Oasis Sunny Vibrant Mission, Mstr",Mission,"(37.7569, -122.41803)",Private room,49,30,112,San Francisco
6373849,"Modern 1BR near FiDi & Union Sq., Unit 1 Furnished",Nob Hill,"(37.79102, -122.40921)",Entire home/apt,123,30,6,San Francisco
5572169,Primary Suite Golden Gate Bridge view Private Deck,Marina,"(37.79812, -122.43654)",Private room,159,1,393,San Francisco
5577516,Beautiful Apartment with Green views,Inner Sunset,"(37.75488, -122.46541)",Entire home/apt,125,30,87,San Francisco
4728615,BARTLETT QUEEN,Downtown/Civic Center,"(37.78598, -122.40779)",Private room,89,1,97,San Francisco
4748287,Middle bedrm,Mission,"(37.75605, -122.4112)",Private room,68,28,60,San Francisco
4752666,Crescent Cottage in Bernal Heights,Bernal Heights,"(37.73397, -122.41443)",Entire home/apt,125,30,4,San Francisco
5581254,"Modern, Luxury 2BR/2BA New Backyard *Now Open!*",Parkside,"(37.74426, -122.48593)",Entire home/apt,164,3,208,San Francisco
6374167,Private Quiet Room,Haight Ashbury,"(37.7672, -122.44725)",Private room,80,7,114,San Francisco
6376338,San Francisco Mid-Century House - Two Car Parking,Inner Sunset,"(37.75646, -122.45623)",Entire home/apt,525,4,19,San Francisco
6378495,"Oasis Sunny Vibrant Mission, loft",Mission,"(37.75691, -122.4199)",Private room,49,30,121,San Francisco
4760192,Glen Park large family friendly home w/ garage,West of Twin Peaks,"(37.73505, -122.44953)",Entire home/apt,249,3,19,San Francisco
6423158,Mediterranean style private studio,West of Twin Peaks,"(37.73152, -122.46188)",Entire home/apt,145,2,438,San Francisco
5592675,"Marina apt w/ private garden, 1 block from Bay",Marina,"(37.8054, -122.44376)",Entire home/apt,125,30,16,San Francisco
4788133,Spacious furnished Rm on 22nd ave with Garden View,Outer Sunset,"(37.75763, -122.47958)",Private room,75,30,3,San Francisco
4794816,Bernal SF Family & Dog friendly 3bd 2ba + den,Bernal Heights,"(37.74029, -122.41982)",Entire home/apt,560,2,39,San Francisco
4807817,Best part of bernal,Bernal Heights,"(37.7407, -122.42001)",Entire home/apt,121,60,37,San Francisco
5616609,Serene Private Studio in Mount Davidson Home,West of Twin Peaks,"(37.74004, -122.45486)",Private room,139,1,214,San Francisco
5619003,One Bedroom available for rent,Marina,"(37.80227, -122.42691)",Private room,160,30,0,San Francisco
6430646,"Room in Elegant, Private, Serene House with Beautiful Furnishings",Twin Peaks,"(37.75914, -122.44684)",Private room,108,2,354,San Francisco
6435497,"Amazing views, Private Floor for Four. 2bd,2bth",Marina,"(37.79908, -122.43774)",Private room,310,1,32,San Francisco
4825026,Home + Office + Parking + 15 Minutes to Downtown!,Bernal Heights,"(37.74024, -122.41933)",Private room,64,30,4,San Francisco
6448545,Modern  ▲PENTHOUSE with Roofdeck + ☼Light☼ + VIEWS,Nob Hill,"(37.79501, -122.41232)",Entire home/apt,365,30,33,San Francisco
5632275,PRIVATE 1BR  FLAT w/ PATIO - heart of sunny Noe,Noe Valley,"(37.75244, -122.43127)",Entire home/apt,165,30,124,San Francisco
4832436,Stunning View Home Above SF!,Twin Peaks,"(37.75816, -122.44681)",Entire home/apt,285,3,82,San Francisco
5632452,Charming 1 bedroom in law Inner Sunset at UCSF,Inner Sunset,"(37.7548, -122.4591)",Entire home/apt,118,1,352,San Francisco
6453774,SF Hotel Studio: Union Square (1),Downtown/Civic Center,"(37.78712, -122.41103)",Entire home/apt,292,2,49,San Francisco
6472998,Potrero Hill Private BR in a 3BR,Potrero Hill,"(37.76, -122.40254)",Private room,500,500,7,San Francisco
6473013,Potrero Hill Private BR in a 3BR,Potrero Hill,"(37.76011, -122.40172)",Private room,500,500,9,San Francisco
4838843,"Large, Beautiful Flat in Cow Hollow",Marina,"(37.79802, -122.44187)",Entire home/apt,600,3,69,San Francisco
4855686,"Parking & Views! Sunny, Spacious 2-Bedroom, Safe!",Visitacion Valley,"(37.71142, -122.39825)",Entire home/apt,189,2,36,San Francisco
6473215,Potrero Hill 2 Private Bedrooms,Potrero Hill,"(37.7598, -122.4013)",Private room,500,500,10,San Francisco
5666413,Nob Hill Hideaway 1,Nob Hill,"(37.79214, -122.40937)",Entire home/apt,82,30,20,San Francisco
5666454,Nob Hill Hideaway 3,Chinatown,"(37.79072, -122.40796)",Entire home/apt,89,30,18,San Francisco
4867594,Classy Penthouse Russian Hill Apartment  市中心高當公寓,Russian Hill,"(37.79809, -122.41613)",Entire home/apt,175,90,3,San Francisco
5707532,Modern Charming Pacific Heights Home Best Location,Pacific Heights,"(37.790451, -122.440582)",Entire home/apt,515,4,18,San Francisco
4879719,Country Living in San Francisco,Glen Park,"(37.73708, -122.43535)",Entire home/apt,325,3,6,San Francisco
5849626,Charming Studio in the Heart of San Francisco,Western Addition,"(37.77617, -122.44376)",Entire home/apt,240,3,226,San Francisco
6494231,Exquisite Family Enclave,Bernal Heights,"(37.73672, -122.42238)",Entire home/apt,557,2,6,San Francisco
4880988,Gem in the Colorful Castro District,Castro/Upper Market,"(37.75892, -122.43691)",Entire home/apt,126,30,6,San Francisco
6494663,(A) Comfy Room with private bathroom ground level,Outer Sunset,"(37.74844, -122.49186)",Private room,60,1,437,San Francisco
6514826,Dolores Park Edwardian charmer,Castro/Upper Market,"(37.76166, -122.4267)",Entire home/apt,280,3,101,San Francisco
5863674,Bright and Spacious Studio in the Secluded Fairmount Heights,Glen Park,"(37.73837, -122.42693)",Private room,275,2,190,San Francisco
5882524,Noe Valley Modern View Home,Noe Valley,"(37.75023, -122.44145)",Entire home/apt,420,3,21,San Francisco
4887475,Private Bunk Bed Room @SF Hostel #1,Financial District,"(37.79738, -122.40479)",Private room,116,1,113,San Francisco
5918090,"Private, central, sunny, modern with deck& Peloton",Bernal Heights,"(37.7373, -122.42548)",Entire home/apt,336,3,152,San Francisco
6516295,Spacious SOMA Loft w/ Parking,South of Market,"(37.77432, -122.40726)",Entire home/apt,250,30,4,San Francisco
4892016,3 Bed Pac Heights:Free Car PrkingA,Pacific Heights,"(37.79702, -122.42575)",Private room,162,1,296,San Francisco
4896087,Charming Russian Hill - Junior 1BR Basement Apt.,Russian Hill,"(37.80201, -122.41891)",Entire home/apt,105,30,151,San Francisco
6522477,Mission/Noe Valley - Katz House Rm 3of3,Noe Valley,"(37.75007, -122.42532)",Private room,250,5,7,San Francisco
5933430,Beautiful 3 bedroom with garden and PARKING,Bernal Heights,"(37.73525, -122.41725)",Entire home/apt,600,3,23,San Francisco
5944989,Ritz-Carlton Club San Francisco 2BR,Financial District,"(37.78825, -122.40308)",Entire home/apt,1300,1,7,San Francisco
4907924,Beautiful Victorian: Bed/Bath,Noe Valley,"(37.75325, -122.4406)",Private room,125,30,51,San Francisco
5945396,3BD Ritz-Carlton Club San Francisco,Financial District,"(37.78825, -122.40308)",Entire home/apt,3500,1,2,San Francisco
4936887,Huge 2 BR Flat in Historic Victorian with Parking  / W/D,Western Addition,"(37.78514, -122.44361)",Entire home/apt,325,1,409,San Francisco
4948327,Cozy Room near Golden Gate Bridge w/ Guitar Piano,Inner Richmond,"(37.78265, -122.46815)",Private room,70,1,539,San Francisco
5945812,1BD Ritz-Carlton Club San Francisco,Financial District,"(37.78825, -122.40308)",Entire home/apt,2000,1,2,San Francisco
5955398,Remodeled 3 Bedroom In North Beach,Russian Hill,"(37.79971, -122.41362)",Entire home/apt,200,30,15,San Francisco
5970639,Knockout Panoramic View 1 Bedrm,Bayview,"(37.73616, -122.39354)",Entire home/apt,109,30,15,San Francisco
5978964,Classic Car Room ~ Excelsior Dist.,Excelsior,"(37.72862, -122.42703)",Private room,75,2,175,San Francisco
6523507,Hand Crafted Cottage,Noe Valley,"(37.74788, -122.43625)",Entire home/apt,275,4,165,San Francisco
6526129,BEST LOCATION SEPTEMBER Sublet FILLMORE ST,Pacific Heights,"(37.79002, -122.43503)",Entire home/apt,146,30,1,San Francisco
4949779,Gorgeous room w/SF city & bay views,Noe Valley,"(37.75384, -122.44114)",Private room,125,60,46,San Francisco
6526344,One bedroom in a 2/1 Mission Apt,Mission,"(37.76314, -122.42136)",Private room,50,60,2,San Francisco
6557736,(B) Comfy Room with private bathroom-ground level,Outer Sunset,"(37.74834, -122.4921)",Private room,61,1,425,San Francisco
4959980,"2BR Garden Suite w/Trampoline, free SF Zoo passes",Outer Sunset,"(37.75394, -122.48475)",Entire home/apt,155,2,447,San Francisco
6600081,CLOUD 9: Modern-Super Clean -Trendy Mission Area,Mission,"(37.75254, -122.40497)",Private room,92,3,325,San Francisco
5998790,Bright bdrm in lovely Bernal Home,Bernal Heights,"(37.73941, -122.42113)",Private room,100,1,208,San Francisco
4962043,"Sunny Home, garden, parking, close to airport",Bayview,"(37.73175, -122.39856)",Entire home/apt,95,1,71,San Francisco
6006768,Private Charming Garden Guest Suite Presidio Hts.,Presidio Heights,"(37.79129, -122.44901)",Entire home/apt,163,2,488,San Francisco
6604564,2BR/1B Modern Design Flat @ Mission,Bernal Heights,"(37.74727, -122.41823)",Entire home/apt,350,30,33,San Francisco
6885422,Lovely bright home in best location,Noe Valley,"(37.75024, -122.42752)",Entire home/apt,375,3,43,San Francisco
6609412,Sunny Noe Valley house with backyard,Noe Valley,"(37.74929, -122.42732)",Entire home/apt,750,2,37,San Francisco
6627450,Elegant Victorian With Beautiful Garden,Castro/Upper Market,"(37.76624, -122.43058)",Entire home/apt,235,30,31,San Francisco
6015077,Amazing Beachfront 3 bedroom/2 bath,Outer Sunset,"(37.74617, -122.5087)",Entire home/apt,218,30,145,San Francisco
6887043,"Spacious apartment with pkg, steps away from Muni",Castro/Upper Market,"(37.76171, -122.43746)",Entire home/apt,150,30,6,San Francisco
6887081,Collingwood Hill,Noe Valley,"(37.75404, -122.43649)",Entire home/apt,364,2,95,San Francisco
6042966,Mission Victorian with Hot Tub and Parking,Mission,"(37.7576, -122.41654)",Entire home/apt,550,4,28,San Francisco
6628985,Classic Studio in Lower Pac Height,Western Addition,"(37.78328, -122.44666)",Private room,102,3,325,San Francisco
6898334,Condo in Pacific Heights/Cow Hollow,Pacific Heights,"(37.79441, -122.4295)",Entire home/apt,225,30,4,San Francisco
6045869,Chic 1 BR flat in Bernal Heights,Bernal Heights,"(37.74581, -122.41758)",Entire home/apt,249,3,114,San Francisco
6911587,Convenient and Comfy Mission Pad,Mission,"(37.76691, -122.4216)",Entire home/apt,180,2,98,San Francisco
6072767,Beautiful in-law type unit with ocean views,Inner Sunset,"(37.75321, -122.47064)",Entire home/apt,175,2,157,San Francisco
6091945,Large Room in Residential SF Home,West of Twin Peaks,"(37.72415, -122.45676)",Private room,93,30,8,San Francisco
6641465,Modern luxury apt in central SF!,Western Addition,"(37.78108, -122.44051)",Entire home/apt,175,30,14,San Francisco
6648062,Modern View Home with a Private Deck,Bernal Heights,"(37.74267, -122.40745)",Private room,110,3,56,San Francisco
6915497,Lovely 3BR Mission Home with Garden,Mission,"(37.75323, -122.4075)",Entire home/apt,400,3,68,San Francisco
6649234,SF Hotel Studio: Union Square (5),Downtown/Civic Center,"(37.78698, -122.41125)",Entire home/apt,299,2,11,San Francisco
6653474,Beautiful Garden Studio in heart of Nopa,Haight Ashbury,"(37.77597, -122.44249)",Entire home/apt,149,2,202,San Francisco
6092049,Castro Oasis with Private Deck,Castro/Upper Market,"(37.75769, -122.43891)",Entire home/apt,232,1,535,San Francisco
6934867,Spacious 3BR Home by Beach and GG Park,Outer Sunset,"(37.75532, -122.50364)",Entire home/apt,219,30,15,San Francisco
6092596,Mission Dolores Suite,Castro/Upper Market,"(37.76297, -122.42696)",Entire home/apt,165,2,716,San Francisco
6684182,"Grand Victorian, Family-Friendly w/ Hot Tub",Mission,"(37.75553, -122.41424)",Entire home/apt,695,2,97,San Francisco
6934874,Beautiful SF 2BR w/ Ocean Views,Outer Sunset,"(37.75518, -122.50224)",Entire home/apt,157,30,86,San Francisco
7825894,Cozy Garden Getaway,Russian Hill,"(37.79722, -122.42019)",Entire home/apt,83,30,98,San Francisco
6938818,Best Secret in Town,Outer Richmond,"(37.78094, -122.50516)",Private room,82,3,164,San Francisco
7841744,"Elegant condo w/ office  near parks, museums",Inner Richmond,"(37.78441, -122.47231)",Entire home/apt,145,30,122,San Francisco
6688004,"Craftsman home, great neighborhood!",Bernal Heights,"(37.74109, -122.41436)",Private room,115,3,161,San Francisco
6957662,"Modern, private, separate apartment & garden.",Noe Valley,"(37.74955, -122.43591)",Entire home/apt,212,5,149,San Francisco
6691495,"Room in sunny 3br/1b townhouse w/ laundry, parking",Potrero Hill,"(37.75038, -122.40001)",Private room,52,30,4,San Francisco
7842771,"Sunny, Russian Hill Flat",Russian Hill,"(37.7995, -122.42172)",Entire home/apt,300,30,11,San Francisco
7845599,Slumber School @ The Dream Asylum,Western Addition,"(37.77395, -122.43641)",Entire home/apt,150,30,181,San Francisco
6970746,Serene Space near GG park and the Presidio.,Presidio Heights,"(37.782387, -122.455185)",Private room,145,2,177,San Francisco
7854509,Spacious & Original 2 Bedroom Victorian,Bernal Heights,"(37.74213, -122.41788)",Entire home/apt,208,3,66,San Francisco
7856443,The Real San Francisco #2,Outer Richmond,"(37.78065, -122.49428)",Entire home/apt,400,3,93,San Francisco
6701045,Bright Two-Bedroom @ Parc Telegraph,North Beach,"(37.80468, -122.40445)",Entire home/apt,375,30,2,San Francisco
6702058,Tranquil Cottage in Mission Gulch for Month-Long Stays,Mission,"(37.75896, -122.40721)",Entire home/apt,125,30,40,San Francisco
6973383,Female house Laminate floor spacious lockable,Outer Mission,"(37.7325, -122.44894)",Private room,55,7,33,San Francisco
6705522,"Spacious 4BR Flat,  in San Francisco",Parkside,"(37.743069, -122.495781)",Entire home/apt,230,3,174,San Francisco
7884875,"2BD/2BA Castro House w/ Views, Renovated Bath",Twin Peaks,"(37.75811, -122.444389)",Entire home/apt,426,6,58,San Francisco
6985131,"Cozy, Garden Secure Private Entrance Room & Bath.",Ocean View,"(37.72105, -122.45724)",Private room,110,3,183,San Francisco
7897391,Downtown SF Timeshare/Hotel Studio,Downtown/Civic Center,"(37.78884, -122.41137)",Private room,180,2,17,San Francisco
6713990,Comfortable Artistic Condo,Mission,"(37.76666, -122.42423)",Entire home/apt,200,14,14,San Francisco
7003729,"Cow Hollow Sunny, View Home",Marina,"(37.79696, -122.44491)",Entire home/apt,1500,30,2,San Francisco
6715383,"Sweet Stay 1 bedroom near BART, SFO",Ocean View,"(37.71942, -122.45134)",Entire home/apt,98,30,39,San Francisco
6730473,Penthouse apartment w skylights,Western Addition,"(37.77989, -122.43979)",Entire home/apt,86,30,78,San Francisco
6747672,"Quiet, Contemporary Castro 1BR",Castro/Upper Market,"(37.7653, -122.43638)",Entire home/apt,145,30,63,San Francisco
7004802,"2 br sunny apartment, heart of SF",Mission,"(37.76962, -122.42267)",Entire home/apt,195,5,48,San Francisco
6748645,Sunny Art-filled Noe Valley Views!,Noe Valley,"(37.75521, -122.43032)",Entire home/apt,400,4,68,San Francisco
7007759,Rooms with private entrance 独立一房一厅,Ocean View,"(37.71612, -122.45302)",Private room,222,3,15,San Francisco
7902505,Your Private Space in Potrero Hill,Potrero Hill,"(37.75459, -122.40114)",Entire home/apt,121,2,143,San Francisco
7007782,Steps away from the Castro - 1 bed/1 bath,Castro/Upper Market,"(37.7664692, -122.4308856)",Entire home/apt,281,3,13,San Francisco
7026287,Separate Entrance/Private Bathroom in Noe Valley!,Noe Valley,"(37.74922, -122.42895)",Private room,129,2,453,San Francisco
7921739,"Luxury 1 Bed Apt, Marina/GGB Views",Marina,"(37.80578, -122.43985)",Entire home/apt,399,30,55,San Francisco
6749412,"Beautiful Potrero Hill Apt, Parking",Potrero Hill,"(37.75861, -122.40381)",Entire home/apt,195,1,212,San Francisco
6762434,The Bartlett QUEEN,Downtown/Civic Center,"(37.78565, -122.40907)",Private room,89,1,67,San Francisco
6764986,The Bartlett QUEEN,Downtown/Civic Center,"(37.78715, -122.40945)",Private room,89,1,73,San Francisco
7027139,☆BEACHSIDE/PARKSIDE LUXURY SUITE☆,Outer Sunset,"(37.76334, -122.50747)",Private room,190,30,38,San Francisco
6798145,NEW! Stunning San Francisco Home ~ 5 Mi to Dtwn!,Bayview,"(37.72911, -122.37)",Entire home/apt,134,30,0,San Francisco
7923146,Sunny 2b/1b with great Bay views!!!,North Beach,"(37.80226, -122.40818)",Entire home/apt,399,2,137,San Francisco
7930461,Modern suite with private entrance & bathroom,West of Twin Peaks,"(37.74098, -122.46327)",Entire home/apt,136,2,333,San Francisco
7028127,2000sqft 4BR Mission Victorian Flat,Bernal Heights,"(37.7447, -122.41934)",Entire home/apt,250,5,67,San Francisco
7035672,"BnB of Bianca: Private Studio, View, & Parking",Parkside,"(37.74268, -122.47229)",Entire home/apt,199,3,106,San Francisco
7930685,Elle Decor Feature Single Family Home,Nob Hill,"(37.79499, -122.41298)",Entire home/apt,360,30,64,San Francisco
6822748,Large Nob Hill Apt with Balcony,Nob Hill,"(37.79174, -122.42082)",Entire home/apt,278,5,67,San Francisco
6836411,SF Hotel Studio: Union Square (4),Downtown/Civic Center,"(37.78687, -122.40961)",Entire home/apt,292,2,18,San Francisco
7055126,Sunny Potrero Hill Cottage,Potrero Hill,"(37.76002, -122.39667)",Entire home/apt,188,30,193,San Francisco
6836928,Huge & Sunny 3 Bedroom Loft w/ parking 30 day min,South of Market,"(37.77622, -122.40601)",Entire home/apt,1000,30,18,San Francisco
7933807,Like New 2 BR + 2 Bath + Free parking/Residential,Outer Sunset,"(37.74771, -122.49262)",Private room,123,1,204,San Francisco
7065694,San Francisco Beach House - Surf SF,Parkside,"(37.7386, -122.50684)",Entire home/apt,100,30,34,San Francisco
7958214,Downtown Spacious Hotel/TS Studio,Downtown/Civic Center,"(37.78662, -122.40972)",Private room,180,2,12,San Francisco
7958278,Downtown SF Large Hotel/TS Studio,Downtown/Civic Center,"(37.78851, -122.40911)",Private room,180,2,7,San Francisco
7958316,Downtown Timeshare/Hotel Studio USq,Downtown/Civic Center,"(37.78728, -122.41092)",Private room,180,2,6,San Francisco
6878780,Lux View Apartment/Spa Bath/Idyllic Garden,Noe Valley,"(37.74748, -122.43773)",Entire home/apt,178,366,15,San Francisco
7068804,Cheerful spot in Ingleside Terraces,Ocean View,"(37.7253, -122.46807)",Private room,80,60,204,San Francisco
6883183,Elegant Union Square hotel room,Downtown/Civic Center,"(37.78729, -122.40928)",Hotel room,250,2,34,San Francisco
7958349,Downtown Top U. Sq. Hotel/TS Studio,Downtown/Civic Center,"(37.78673, -122.41133)",Private room,180,2,9,San Francisco
7963103,SF Hotel Studio: Union Square (7),Downtown/Civic Center,"(37.78879, -122.41111)",Entire home/apt,306,2,15,San Francisco
7072662,1Br with Queen in Alamo Sq,Haight Ashbury,"(37.77429, -122.43781)",Entire home/apt,132,90,6,San Francisco
8653346,Remodeled Classic Condominium Comfort near Duboce Park,Western Addition,"(37.77159, -122.43103)",Entire home/apt,245,2,33,San Francisco
7073115,Queen Bed For Solo (1) NonSmokers Pvt Bath & Entry,Lakeshore,"(37.73256, -122.49149)",Private room,89,2,329,San Francisco
8684508,The Bartlett QUEEN,Downtown/Civic Center,"(37.78702, -122.40959)",Private room,89,1,105,San Francisco
8685570,BARTLETT QUEEN,Downtown/Civic Center,"(37.7875, -122.409)",Private room,89,1,72,San Francisco
7968749,We're Back!  Vacation? Business? Staycation?  Yes!,North Beach,"(37.80197, -122.40968)",Entire home/apt,620,3,110,San Francisco
7086626,Full Bed For Solo (1) NonSmokers  Pvt Bath & Entry,Lakeshore,"(37.73296, -122.49358)",Private room,79,2,274,San Francisco
7093018,Cute part of the city near Bart,Outer Mission,"(37.73136, -122.44022)",Private room,50,30,2,San Francisco
7973781,Classic 2 Bedrm Victorian Near the Mission in SF,Bernal Heights,"(37.74473, -122.41788)",Entire home/apt,125,30,65,San Francisco
8685652,The Bartlett QUEEN,Downtown/Civic Center,"(37.78745, -122.40936)",Private room,89,1,76,San Francisco
8685716,The Bartlett QUEEN,Downtown/Civic Center,"(37.78533, -122.40792)",Private room,89,1,110,San Francisco
7143032,BARTLETT QUEEN,Downtown/Civic Center,"(37.78553, -122.40933)",Private room,89,1,96,San Francisco
7162627,Great Hayes Valley 1 BR (#5),Western Addition,"(37.77743, -122.42502)",Entire home/apt,140,30,27,San Francisco
8685766,The Bartlett QUEEN,Downtown/Civic Center,"(37.78737, -122.40753)",Private room,89,1,93,San Francisco
7180020,"Near Moscone Ctr, Privacy with Style the SoMa Loft",South of Market,"(37.77874, -122.40215)",Entire home/apt,298,3,310,San Francisco
8685817,The Bartlett QUEEN,Downtown/Civic Center,"(37.78571, -122.40754)",Private room,89,1,44,San Francisco
8685898,The Bartlett QUEEN,Downtown/Civic Center,"(37.78569, -122.40761)",Private room,89,1,98,San Francisco
7983070,Spacious & Sunny 4BR / 2.5BA Home,Presidio Heights,"(37.78323, -122.4548)",Entire home/apt,711,2,67,San Francisco
7181655,Spacious 3Parking 4BR House in the best location,Castro/Upper Market,"(37.76466, -122.43177)",Entire home/apt,800,3,34,San Francisco
7997011,"Come enjoy this Beautiful Home, Sunsets Optional !",Parkside,"(37.74151, -122.47584)",Entire home/apt,245,1,2,San Francisco
8713608,Luxury Furnished Studio - shared,South of Market,"(37.78427, -122.4053)",Shared room,177,30,0,San Francisco
7182761,Private Suite in stunning Potrero Hill,Potrero Hill,"(37.75896, -122.39513)",Private room,141,3,274,San Francisco
8717641,Beautiful Private Garden Apt. Nr. Golden Gate Park,Inner Richmond,"(37.77676, -122.46874)",Entire home/apt,189,4,311,San Francisco
8735636,Beautiful Russian Hill Flat,Russian Hill,"(37.79932, -122.41973)",Entire home/apt,550,30,5,San Francisco
8005452,Noe Valley 2 BR top floor Victorian,Noe Valley,"(37.75232, -122.43193)",Entire home/apt,144,30,59,San Francisco
8033268,Downtown Union Sq TS/Hotel Studio,Downtown/Civic Center,"(37.78838, -122.41132)",Private room,180,2,5,San Francisco
7202063,Warehouse-Style Condominium on Mint Plaza,South of Market,"(37.78291, -122.40786)",Entire home/apt,129,30,41,San Francisco
8033975,Downtown SF Hotel/TS Union Square,Downtown/Civic Center,"(37.78824, -122.4092)",Private room,180,2,2,San Francisco
8760949,1920s Modern - Sunny 2 Bedroom on Valencia Street,South of Market,"(37.77114, -122.42096)",Entire home/apt,400,30,22,San Francisco
7220035,"Quiet, secluded walkway to your full suite stay...",Nob Hill,"(37.79437, -122.41736)",Entire home/apt,177,3,156,San Francisco
8041262,Super Castro location w/ stunning City views!,Castro/Upper Market,"(37.75916, -122.43302)",Entire home/apt,495,4,16,San Francisco
8068539,Modern 3Bd Edwardian Renovated Flat,Mission,"(37.75803, -122.42347)",Entire home/apt,195,30,14,San Francisco
7226592,Bay Window Queen w/ Fireplace | 94 walking score,Noe Valley,"(37.75265, -122.43733)",Private room,295,2,7,San Francisco
8762967,Mission Hideaway with Outdoor patio,Mission,"(37.75208, -122.40881)",Entire home/apt,199,2,198,San Francisco
7227910,Pacific Heights View Penthouse with Terrace,Pacific Heights,"(37.79255, -122.4252)",Entire home/apt,1150,5,32,San Francisco
8082364,Upgraded 2BR nestled in Back Garden,North Beach,"(37.7986, -122.40598)",Entire home/apt,170,30,71,San Francisco
7240598,THE BARTLETT QUEEN,Downtown/Civic Center,"(37.78567, -122.40828)",Private room,89,1,92,San Francisco
8084285,Downtown SF USq Hotel/TS Studio,Downtown/Civic Center,"(37.78668, -122.41081)",Private room,190,2,8,San Francisco
8084290,Downtown SF Un. Sq. Hotel/TS Studio,Downtown/Civic Center,"(37.78873, -122.41088)",Private room,190,2,1,San Francisco
7292878,Bernal Heights Nest -Top Location!-,Bernal Heights,"(37.74119, -122.41347)",Entire home/apt,155,2,123,San Francisco
8089051,Downtown Hotel/TS Studio Union Sq,Downtown/Civic Center,"(37.78659, -122.40931)",Private room,250,2,6,San Francisco
8799100,Private Victorian Home · Mission Dolores Park,Mission,"(37.76077, -122.42561)",Entire home/apt,493,5,33,San Francisco
