AppID,Name,Release date,Price,Publishers,Positive,Negative,Metacritic score,Achievements
20200,Galactic Bowling,"Oct 21, 2008",19.99,Perpetual FX Creative,0,6,False,0
655370,Train Bandit,"Oct 12, 2017",0.99,Rusty Moyher,0,53,False,0
1732930,Jolt Project,"Nov 17, 2021",4.99,Campião Games,0,0,False,0
1355720,Henosis™,"Jul 23, 2020",5.99,Odd Critter Games,0,3,True,0
1139950,Two Weeks in Painland,"Feb 3, 2020",0.0,Unusual Games,0,50,False,0
1469160,Wartune Reborn,"Feb 26, 2021",0.0,7Road,0,87,False,0
1659180,TD Worlds,"Jan 9, 2022",10.99,MAKSIM VOLKAU,0,21,False,0
1968760,Legend of Rome - The Wrath of Mars,"May 5, 2022",9.99,magnussoft,0,0,False,0
1178150,MazM: Jekyll and Hyde,"Apr 2, 2020",14.99,Growing Seeds,0,76,False,0
320150,Deadlings: Rotten Edition,"Nov 11, 2014",3.99,ONE MORE LEVEL,0,225,True,0
1026420,WARSAW,"Oct 2, 2019",23.99,Pixelated Milk,0,589,False,0
485000,Cthulhu Realms,"Jul 1, 2016",0.0,"Wise Wizard Games, LLC",0,147,False,0
1620060,Clockwork Dungeon,"Aug 27, 2021",1.99,Beardlings LLC,0,5,False,0
825930,Royal Battleships,"Apr 6, 2018",2.99,Educational Games,0,36,True,0
1454010,Diary of Lucie,"Nov 25, 2020",12.99,Parange Project,0,100,False,0
22670,Alien Breed 3: Descent,"Nov 17, 2010",9.99,Team17 Digital Ltd,0,349,False,0
1330820,Hunting Unlimited 3,"Nov 6, 2020",9.99,SCS Software,0,17,False,0
346560,Hero of the Kingdom II,"Feb 20, 2015",7.99,Lonely Troops,0,2046,True,0
1097880,Super Naughty Maid 2,"Jun 20, 2019",9.59,KENZsoft,0,0,False,0
1362670,KHIO,"Jul 24, 2020",9.99,Necavare,0,3,False,0
290870,Steam Squad,"Jul 28, 2016",17.99,Bretwalda Games,0,61,True,0
575760,Project: R.E.B.O.O.T 2,"Jan 27, 2017",2.99,Volens Nolens Games,0,29,False,0
434030,Aerofly FS 2 Flight Simulator,"Nov 20, 2017",37.49,IPACS,0,1490,True,0
810740,Turtle Lu,"Mar 22, 2018",2.99,Falco Software,0,4,False,0
2073470,Kanjozoku Game レーサー,"Jul 16, 2022",5.99,SGデベロッパー,0,392,False,0
589250,PowersVR,"Oct 10, 2020",9.99,PseudoGames,0,37,False,0
677880,Draw Your Game,"Aug 10, 2017",4.99,Zero One,0,18,False,0
1294780,Pathfinders: Memories,"Feb 16, 2021",2.99,Mens Sana Interactive,0,38,False,0
1342850,Bright Days in Quarantine,"Jul 18, 2020",1.99,Delta Arcade,0,24,False,0
1177420,邻居大叔/UncleNeighbor:uncle Dating Simulator,"Jun 19, 2020",13.99,GameUncle,0,0,False,0
793990,Dupio,"Mar 6, 2018",11.99,NedoStudio,0,23,False,0
1727670,Home Office Tasker,"Sep 8, 2021",0.99,lonch.me,0,11,False,0
955490,Terror In The Atomic Desert,"Mar 22, 2019",2.99,TensionSplice,0,8,False,0
552350,Unhappy Ever After,"Jan 20, 2017",0.99,Warped Tales,0,16,True,0
42500,DogFighter,"Jun 14, 2010",0.99,Dark Water Studios Ltd,0,258,False,0
1195610,March Of Soldiers,"Jul 1, 2020",1.99,"FAYEZ ALRASHEEDI,WADE AIZOUKY,KHALED ALRASHEEDI",0,1,False,0
1095380,Bepuzzled Kittens Jigsaw Puzzle,"Jun 11, 2019",1.99,Team Spikkeee,0,7,True,0
1158910,Dream Detective,"Dec 4, 2019",7.99,Century Game,0,16,False,0
1194940,Tower of Shades,"Jan 15, 2020",1.99,Lame Jam,0,35,False,0
262150,Vanguard Princess,"Mar 3, 2014",2.49,Tomoaki Sugeno,0,2014,True,0
1192900,IRON REBELLION,"Nov 9, 2021",11.99,Black Beach Studio,0,168,False,0
866150,Treasures of the Ancients: Egypt,"Jun 6, 2018",0.99,"Garage Games,Jan Hess",0,55,False,0
231330,Deadfall Adventures,"Nov 15, 2013",19.99,The Farm 51,0,1716,True,0
1056520,Who We Are Now,"May 7, 2019",14.99,Chroma Field Games,0,0,True,0
897820,Reigns: Game of Thrones,"Oct 18, 2018",3.99,Nerial,0,698,True,0
658970,CasinoRPG,"Jan 16, 2018",0.0,GoldFire Studios,0,138,False,0
1777550,Fuyu no Tsuma,"Oct 15, 2021",1.99,玫瑰工作室,0,2,False,0
552520,Far Cry® 5,"Mar 26, 2018",59.99,"Ubisoft Montreal,Red Storm,Ubisoft Shanghai,Ubisoft Toronto,Ubisoft Kiev",0,100620,False,0
718350,Loot Collection: Mahjong,"Oct 5, 2017",0.55,Boogygames Studios,0,2,False,0
433450,INFERNO CLIMBER,"Sep 8, 2016",14.99,Arc System Works,0,60,False,0
1709450,Grim Tales: The Heir Collector's Edition,"Jul 30, 2021",9.99,Elephant Games,0,7,False,0
1431470,Mythos Ever After: A Cthulhu Dating Sim,"Oct 28, 2020",4.99,Stegalosaurus Game Development,0,1,True,0
1794920,Pool Adventure,"Nov 7, 2021",0.99,Uintani,0,0,False,0
1959480,Eternal Edge+ Prologue,"May 5, 2022",0.0,"Righteous Weasel Games,Ignatios Prouctions LLC",0,0,False,0
763550,A Journey Through Valhalla,"Sep 12, 2021",5.99,Team Sämst,0,3,False,0
1445370,COUNTDOWN,"Jan 10, 2021",0.99,Hello Friend LLC,0,6,False,0
464230,Colours of Magic: Aqua Teeter,"Apr 25, 2016",0.99,RunServer,0,69,True,0
1293830,Forza Horizon 4,"Mar 9, 2021",59.99,Playground Games,0,122539,False,0
1509640,Viking Warrior,"Jan 19, 2021",3.99,VikingWarrior,0,2,False,0
1135380,不可思议佣兵团,"Oct 3, 2019",3.99,折凳工作室,0,6,False,0
1944730,Square Keeper,"Jun 9, 2022",4.99,KanakStudio,0,10,False,0
1144900,Pension Day,"Sep 3, 2019",0.99,Julian Henley,0,0,False,0
306350,Slipstream 5000,"Oct 9, 2015",2.99,"Gremlin Interactive,The Software Refinery",0,283,False,0
1684530,100 Doors: Escape from Work,"Mar 1, 2022",9.99,Peaksel,0,7,False,0
1557480,Project MIKHAIL: A Muv-Luv War Story,"Nov 1, 2021",19.99,"aNCHOR Inc.,fuzz, Inc.",0,328,False,0
1128520,Rezist: Tower Defense,"Sep 26, 2019",0.99,SparkGames,0,8,False,0
12140,Max Payne,"Jan 6, 2011",3.49,Remedy Entertainment,0,9516,False,0
1647430,Black Mansion,"Jun 15, 2021",6.99,PICTOLOGI,0,1,False,0
1845050,Mirrorama,"Jan 12, 2022",7.49,Berry Berry Niceu,0,17,True,0
1163340,Carrier Battles 4 Guadalcanal - Pacific War Naval Warfare,"Jun 5, 2020",29.99,"Avalon Digital,Cyril Jarnot",0,180,False,0
1608620,Ballistic Machines,"Jun 11, 2021",1.99,Ballistic Machine,0,0,False,0
541570,Sally Face - Episode One,"Dec 14, 2016",2.99,Portable Moose,0,11739,True,0
1119070,Shibui Coliseum,"Oct 29, 2019",5.99,Soiree Games,0,0,False,0
1292520,Crimson Spires,"Oct 27, 2020",19.99,Woodsy Studio,0,51,False,0
1467330,Endline,"Mar 29, 2021",4.99,Miniced,0,1,True,0
1624600,Realms VR,"Sep 30, 2021",4.24,"Madman Games,RattlerCreed",0,7,False,0
870000,AmazeD 3D,"Jul 14, 2018",0.0,Retrover Games,0,4,False,0
1621490,MagicShop3D,"Jun 19, 2022",9.99,FireArmGames,0,0,False,0
768060,The Warrior Of Treasures,"Jan 3, 2018",0.49,"Tero Lunkka,BlackThug",0,31,False,0
1746130,Onmyoji in the Otherworld: Sayaka's Story,"Sep 21, 2021",19.99,Debonosu Works,0,0,False,0
1281400,Good Knight,"Sep 17, 2021",14.99,Team Good Knight,0,69,True,0
372890,Red Crow Mysteries: Legion,"May 28, 2015",3.99,Cateia Games,0,10,False,0
1023420,四国志でらっくす ～酒池肉うどん戦記～,"Jul 31, 2020",24.99,Flying Panjandrum / ふらいんぐパンジャンドラム,0,0,False,0
1141880,Crazy Critters - Combat Cats,"May 22, 2020",3.99,Aligned Games,0,15,False,0
1022840,The Adventures of Jason and the Argonauts,"Feb 8, 2019",4.99,PixQuake,0,20,False,0
652160,DC Wonder: Unlimited,"Jun 14, 2017",4.99,Nucleax,0,1,False,0
968580,Halloween Puzzles,"Nov 6, 2018",0.49,Boogygames Studios,0,1,False,0
1131550,I Walk Among Zombies Vol. 3,"Dec 15, 2020",14.99,Seacoxx,0,168,False,0
1729790,Escape From School,"Sep 7, 2021",0.0,Tudor Sandru,0,102,False,0
368080,Aurion: Legacy of the Kori-Odan,"Apr 14, 2016",14.99,Kiro'o Games,0,207,False,0
572510,Superola Champion Edition,"Jul 14, 2022",4.99,Undercoders,0,12,False,0
1225870,Hentai Girlfriend Simulator,"Jan 31, 2020",1.19,Slippy Floor,0,0,False,0
1232510,Teleporter: World of Gamers (Alpha),May 2020,0.0,Teleporter Realities Inc.,0,44,False,0
1066890,Automobilista 2,"Jun 30, 2020",23.99,Reiza Studios,0,4278,False,0
817370,Marching Simulator,"Jul 29, 2018",0.0,Marching Simulator,0,35,False,0
1662060,Moon Farming - Prologue,"Jan 6, 2022",0.0,SimulaM,0,0,False,0
457140,Oxygen Not Included,"Jul 30, 2019",24.99,Klei Entertainment,0,82902,True,0
1774810,Laruaville 10 Match 3 Puzzle,"Oct 17, 2021",6.99,LGT SIA,0,1,False,0
1886290,Slot Shots Pinball Collection,"Jun 21, 2022",9.99,Pinblend Studios,0,12,False,0
1514360,Laid-Back Camp - Virtual - Lake Motosu,"Mar 3, 2021",13.99,"Gemdrops, Inc.",0,245,False,0
1374280,Kor,"Dec 23, 2021",9.99,Goadstool,0,50,False,0
863490,Bighead Runner,"Jun 7, 2018",0.99,NukGames,0,82,False,0
396640,TowerClimb,"Sep 22, 2015",14.99,Davioware and Quazi,0,288,False,0
726020,Mission Ammunition,"Oct 27, 2017",0.49,Quantized Bit,0,61,True,0
424060,The Glow,"Dec 10, 2015",3.99,Brainwashing games,0,8,False,0
1943590,溪风谷之战 Playtest,"Mar 24, 2022",0.0,Unknown,0,0,False,0
1995240,Deer Journey,"Jul 21, 2022",5.39,Pablo Picazo,0,0,False,0
514870,Fat City,"Oct 22, 2018",9.99,Heavy Iron Studios,0,3,False,0
548290,Dark Eden,"Nov 28, 2016",0.0,SOFTON ENTERTAINMENT,0,124,False,0
695420,Hex: Origins,"Sep 23, 2017",1.99,Pretty Bat Games,0,8,True,0
1241110,ANARCHY,"May 7, 2020",0.0,NewProjekt,0,12,False,0
587490,Dark Throne,"Mar 3, 2017",0.99,Marcin Mikołajczyk,0,17,False,0
546050,Puyo Puyo™Tetris®,"Feb 27, 2018",19.99,"Sonic Team,Bitbaboon",0,4181,False,0
301700,Numba Deluxe,"May 23, 2014",2.99,Cobra Mobile,0,164,False,0
2004200,Pickup One,"Jun 3, 2022",19.99,seagull home,0,0,False,0
1588070,DuckMan,"Apr 17, 2021",3.99,Reforged Group,0,2,False,0
730310,DYNASTY WARRIORS 9,"Feb 13, 2018",44.99,"KOEI TECMO GAMES CO., LTD.",0,3075,False,0
242530,The Chaos Engine,"Aug 29, 2013",9.99,"Abstraction Games,The Bitmap Brothers",0,245,True,0
1372570,Domino House,"Oct 28, 2020",7.99,Purple Cable,0,21,True,0
1345820,Ragnarock,"Jul 15, 2021",16.24,WanadevStudio,0,2108,False,0
420270,Into the Void,"Dec 4, 2015",1.99,Mozg Labs,0,80,True,0
435790,10 Second Ninja X,"Jul 19, 2016",0.99,Four Circle Interactive,0,2083,False,0
926310,咕啾！文鸟恋爱物语 Love Story of Sparrow,"Feb 1, 2019",0.99,豆干叠叠木,0,242,False,0
788020,Critical Gravity,"Dec 16, 2019",9.99,MOGA Creative,0,6,False,0
467400,Go For Launch: Mercury,"Jul 4, 2021",9.99,Joe Chisholm,0,53,False,0
856730,ARENA 8,"May 16, 2018",0.49,Artur Rezende,0,1,False,0
1106950,Furries & Scalies: Friendswood,"Jan 31, 2020",9.99,Stegalosaurus Game Development,0,1,True,0
1274570,DEVOUR,"Jan 28, 2021",3.99,Straight Back Games,0,41425,False,0
1470790,Doug Flutie's Maximum Football 2020,"Dec 29, 2020",29.99,Canuck Play Inc,0,26,False,0
1087620,Life In Yima / 依玛村生活,"Apr 5, 2021",5.99,Yima VLG.,0,14,False,0
1348430,Chicken Bomb,"Jul 29, 2020",0.99,GoesSoft,0,68,True,0
1547580,Welcome To... Chichester 2 - Part II : No Extra Regrets For The Future,"Sep 30, 2021",9.99,Triority Interactive Novels,0,6,True,0
1253680,Super Soccer Blast,"Jun 19, 2020",7.99,Unfinished Pixel,0,79,False,0
1881210,The Masters: Survival,"Mar 29, 2022",9.99,Royal Flush Studioz,0,0,False,0
497670,Line/Dash,"Jul 11, 2016",1.99,Gamera Interactive,0,25,True,0
850040,PuzzGun,"May 9, 2018",2.99,"Aleksi Rajamäki,Matias Rajamäki",0,15,False,0
7940,Call of Duty® 4: Modern Warfare®,"Nov 12, 2007",9.99,Infinity Ward,0,16788,False,0
741770,Santa's vacation,"Nov 22, 2017",1.99,ElZzap Software,0,9,False,0
110630,Mutant Storm: Reloaded,"Mar 21, 2012",4.99,PomPom Games,0,33,False,0
572330,The Fan,"May 10, 2017",5.99,Ezhaac Studio,0,72,False,0
1683240,Misha Adventures,"Jul 25, 2021",10.99,RecordRecordsGame,0,10,False,0
567150,Mosaics Galore,"Jul 27, 2018",0.49,Creobit,0,68,False,0
700880,Kingdom: The Far Reaches,"Sep 8, 2017",9.99,Interplay,0,2,True,0
1413090,Yoli TD,"Sep 28, 2021",4.99,My Oldschool Console,0,26,False,0
1610860,Merek's Market,"Sep 15, 2021",19.99,Big Village Games Ltd,0,16,False,0
1302840,Kooring VR Coding Adventure,Aug 2020,8.49,VRANI inc.,0,8,False,0
1305570,BRAVE PINBALL,"Nov 26, 2020",9.99,"POWER UNIT,APOLLOSOFT",0,11,False,0
1609730,Aliens vs. Ghosts,"Jul 6, 2022",4.99,Sayan,0,69,False,0
717980,伏雨录：少年篇,"May 11, 2018",6.99,祥,0,72,False,0
1417450,Grilled,"Nov 12, 2020",2.99,Andorf Games,0,1,False,0
778900,Magical Star Pillars,"Apr 27, 2018",0.0,Toolkitz Games,0,1,False,0
1004200,Biathlon Battle VR,"Feb 13, 2020",9.99,Academtech LLC,0,15,False,0
1506230,Bigfoot Forest,"Jan 8, 2021",0.99,Bisquit Play,0,73,False,0
638230,Journey,"Jun 11, 2020",14.99,thatgamecompany,0,20432,False,0
1839080,The Pointless Car Chase: Refueled,"Feb 22, 2022",0.74,"R.E.M. Studios,NullReferenceException",0,26,False,0
907460,Girlfriend Cards,"Sep 20, 2018",0.99,meokigame,0,11,False,0
1307070,Vetrix,"May 20, 2020",2.99,Pixel Racers,0,41,False,0
1221640,Ultra Foodmess,"Feb 20, 2020",3.99,Riftpoint Entertainment,0,65,False,0
703120,Keeplanet,"Apr 6, 2018",0.99,BigGame Studio,0,14,False,0
328710,One Last Day,"Apr 28, 2015",12.99,Bloodwolf Studio,0,65,False,0
926140,CHANGE: A Homeless Survival Experience,"May 1, 2020",14.99,Delve Interactive,0,1640,True,0
1700630,天下镖局,"May 24, 2022",17.99,有杕之杜,0,79,False,0
845290,Destructions,"Jul 3, 2018",1.99,LUXO Interactive,0,24,False,0
739720,Penkura,"Dec 19, 2018",9.99,Lionsart,0,37,False,0
1776800,KarmaCrown,"Nov 2, 2021",2.99,Furyface,0,2,False,0
873970,Virtual Families 2: Our Dream House,"Jun 25, 2018",7.99,Last Day Of Work,0,14,False,0
1238130,禁忌,"Feb 16, 2020",0.99,Unknown,0,0,False,0
1593100,Earth Marines,"Jul 13, 2021",10.99,"HugePixel, Diedemor studio",0,13,False,0
1365900,Mystika 4 : Dark Omens,"Aug 8, 2020",9.99,Unikgame,0,10,False,0
962950,执行人 Executor,"Nov 6, 2018",1.99,GuGong,0,14,False,0
778120,Hyperbolic Ignition,"Feb 12, 2018",0.99,Kevin Nguyen,0,3,False,0
1187910,Third Rule of Universe.,"Nov 15, 2019",3.99,Mifos Games,0,2,False,0
763350,Slime Sports,"Feb 21, 2018",2.99,Dribble Games,0,8,False,0
1537410,Twilight Drive,"Jun 16, 2021",7.99,Eponymouse,0,5,False,0
761910,Worbital,"Jan 31, 2019",12.99,Team Jolly Roger,0,332,False,0
975470,Silver Chains,"Aug 6, 2019",24.99,Cracked Heads Games,0,420,False,0
990900,Neon Noodles - Cyberpunk Kitchen Automation,"Nov 29, 2019",14.99,Vivid Helix,0,33,True,0
372770,Floors of Discomfort,"May 26, 2015",1.99,Three Prong Productions,0,5,True,0
462580,New Yankee in Santa's Service,"May 12, 2016",0.74,Rionix,0,12,False,0
926870,Twin Synth,"Oct 15, 2018",9.99,Joe Chatfield,0,1,False,0
1966960,Burial Stone Playtest,"Apr 13, 2022",0.0,Unknown,0,0,False,0
848720,Z.W!,"May 15, 2018",0.99,S. Khasanov,0,3,False,0
1343040,Blocky Ball,"Mar 26, 2021",0.0,Lange Studios LLC,0,58,True,0
519140,Minds Eyes,"Aug 31, 2016",0.0,Stanislaw Truchowski,0,1078,False,0
1987030,Heroes of Time,"May 19, 2022",3.99,Metthink,0,0,False,0
821260,LIGHT,"Apr 5, 2018",0.99,Indie Light,0,5,False,0
1565720,To Save Humanity From Virus,"Apr 9, 2021",3.99,Tomas Daugela,0,5,False,0
748490,The Legend of Heroes: Trails of Cold Steel II,"Feb 14, 2018",39.99,Nihon Falcom,0,2113,False,0
545000,Aoki Ookami to Shiroki Mejika,"Dec 13, 2016",12.99,"KOEI TECMO GAMES CO., LTD.",0,2,False,0
1623720,BrainTeaser,"May 16, 2021",0.99,INFINITE BRIDGE,0,1,False,0
544220,Damage: Sadistic Butchering of Humanity,"Dec 11, 2016",4.2,Suomi-Peli,0,5,False,0
338190,Just Get Through,"Jan 30, 2015",4.99,Retrific,0,185,False,0
1375270,Shape,"Sep 18, 2020",3.99,Igor Neiman,0,8,False,0
551680,Bad birthday,"Nov 11, 2016",0.0,Strong Cube,0,14,False,0
1874510,Knightlife,"Jul 14, 2022",11.99,Leturs Labs,0,0,False,0
1693780,Orbital Combat,"May 14, 2022",4.99,Dodo Digital,0,7,False,0
1466930,Survival Quiz CITY,"Mar 4, 2022",19.99,Bandai Namco Studios Inc.,0,115,False,0
1748070,Storage Chase,"Sep 28, 2021",0.99,NikiGames,0,0,False,0
1755120,Ghosts of War: Battle Royale WW2 Shooting games,"Oct 26, 2021",0.0,XDEVS LTD,0,0,False,0
964920,Space Tycoon | 星际大亨,"Jan 4, 2019",16.99,Space Driver,0,7,False,0
1085570,Fables of Talumos,"Sep 1, 2019",6.99,Cheesemaster Games,0,8,False,0
1528020,Afterlife VR,"May 13, 2022",12.59,Split Light Studio,0,71,False,0
1796350,R.E.A.C.T,"Mar 21, 2022",5.99,Adaptive Game,0,0,False,0
1444320,Cat Saves Halloween,"Oct 26, 2020",7.99,LetMeowt Games LLC,0,20,False,0
906050,Hentai Case Opening,"Sep 27, 2018",0.99,RewindApp,63,54,False,98
351910,Valhalla Hills,"Dec 2, 2015",0.69,Funatics Software,0,646,True,0
513480,Geo,"Jan 31, 2017",8.99,Windybeard,0,138,False,0
2010700,Hunter Survivors,"Jul 21, 2022",2.39,LuCapy Studio,0,0,False,0
1089830,Monster Energy Supercross - The Official Videogame 3,"Feb 4, 2020",29.99,Milestone S.r.l.,0,900,False,0
403070,Silver Creek Falls: Chapter 2,"Sep 30, 2015",4.99,Sapphire Dragon Productions,0,41,False,0
811440,Gripper's Adventure,"Mar 21, 2018",10.99,Albash Bokhari,0,1,False,0
491010,IN-VERT: Definitive Edition,"Mar 2, 2018",4.99,TERNOX,0,61,True,0
681290,Hare,"Sep 27, 2017",0.99,"zelun,tio_jolo",0,11,False,0
1233460,Star Escape,"May 22, 2020",4.99,Ampersand Game Studios,0,1,False,0
1688630,Emperial Knights Playtest,"Nov 14, 2021",0.0,Unknown,0,0,False,0
350530,Airport Firefighters - The Simulation,"May 13, 2015",17.99,Visual Imagination Software GbR,0,94,False,0
2026860,Maria Blanchard Virtual Gallery,"Jul 1, 2022",0.0,Virtual Video,0,0,False,0
1481840,Frisbros,"Mar 18, 2022",9.99,Nicholas Evelson,0,7,False,0
1444890,Crazy Mafioso,"Nov 16, 2020",1.99,Rabotiagi games,0,13,False,0
1217340,Anime Studio Tycoon,"Nov 12, 2020",9.99,True Seria,0,16,False,0
1478660,Slotracers VR Playtest,"Dec 17, 2020",0.0,Unknown,0,0,False,0
872340,Bunny Battle Arena,"Sep 12, 2018",2.99,DCF Studios,0,5,False,0
523680,Honey Rose: Underdog Fighter Extraordinaire,"Sep 29, 2016",0.0,Pehesse,0,32,False,0
439460,Ships 2017,"Oct 19, 2016",14.99,FragOut,0,63,False,0
1308880,FORECLOSED,"Aug 12, 2021",16.99,Antab Studio,0,46,False,0
296650,The Great Jitters: Pudding Panic,"May 22, 2014",4.99,kunst-stoff GmbH,0,48,False,0
1549420,メンヘラフレシア　フラワリングアビス,"Jun 24, 2021",19.99,CHARON,0,25,False,0
418270,Draw Slasher,"Oct 13, 2016",1.99,Mass Creation,0,388,True,0
390220,Toilet Tycoon,"Sep 17, 2015",4.99,Anvil-Soft,0,102,False,0
549860,One Night Stand,"Nov 7, 2016",2.99,Kinmoku,0,546,True,0
612380,Cryptocracy,"Apr 11, 2017",0.99,Dozen Minds OU,0,5,False,0
1559340,Qubie: Invader of Worlds,"Nov 14, 2021",1.99,Error 404,0,0,False,0
1632640,Bouncing Traveler,"May 24, 2021",9.99,Neatan Games,0,7,False,0
350480,Tales of Cosmos,"Oct 20, 2016",14.99,Red Dwarf Games,0,41,False,0
220900,Jack Lumber,"Apr 30, 2013",4.99,Owlchemy Labs,0,225,True,0
1768260,Killer Worm 2,"Jan 18, 2022",0.0,"JOZGamer,RFL Art,Hatus Quemuel",0,0,False,0
539090,Clazer,"Dec 27, 2016",29.99,"SynapticSwitch, LLC",0,23,False,0
908500,crazy maze ~疯狂迷宫 ~ 狂った迷路 ~ Laberinto loco ~ Labyrinthe fou ~ Verrücktes Labyrinth,"Nov 1, 2018",0.0,liuguowang,0,12,False,0
1852760,Memory Puzzle - Sexy Fairies,"Dec 25, 2021",0.59,DIG Publishing,0,0,False,0
809890,Shining Resonance Refrain,"Jul 9, 2018",29.99,SEGA,0,770,False,0
570770,古剑奇谭二(GuJian2),"Sep 7, 2017",15.99,"上海烛龙信息科技有限公司,Aurogon Shanghai",0,1802,False,0
448500,Little Walker,"Apr 6, 2016",3.99,Blake Fix,0,34,False,0
854160,Dino Dawn,"May 11, 2018",19.99,neonboxgames,0,10,False,0
1359170,Killer Dog,"Jul 16, 2020",3.99,Riba Plus,0,8,False,0
897010,Surface: Return to Another World Collector's Edition,"Aug 6, 2018",9.99,Elephant Games,0,2,False,0
1607870,Cub Gym,"May 5, 2021",3.99,Luiz Otávio da Silva,0,1,False,0
553260,Realpolitiks,"Feb 16, 2017",14.99,Jujubee S.A.,0,671,True,0
453130,Powargrid,"Oct 5, 2016",9.99,Wee Free Studio,0,27,True,0
1508890,Desirable: Dream Hotel,"Jan 10, 2021",1.99,Lieon Games,0,0,False,0
3010,Xpand Rally,"Aug 24, 2006",4.99,Techland,0,293,False,0
1297480,Isorropia,"May 16, 2020",0.0,Christian Slater,0,1,False,0
1217830,Khimera: Puzzle Island,"Nov 29, 2020",6.99,Suits & Sandals,0,116,False,0
628830,Ultra Hat Dimension,"Jul 16, 2020",4.99,Kitsune Games,0,24,True,0
686440,Hard Time,"Aug 16, 2017",4.99,MDickie,0,152,False,0
521710,Romance of the Three Kingdoms III,"Feb 21, 2017",19.99,"KOEI TECMO GAMES CO., LTD.",0,9,False,0
1986310,猎魔战纪,"May 25, 2022",0.0,水狗工作室,0,0,False,0
1259660,NETABOKU -A robot girl changes my life as a bedridden boy-,"Dec 17, 2020",9.99,Atelier ATIC,0,3,False,0
108200,Ticket to Ride,"May 24, 2012",9.99,Days of Wonder,0,3942,False,0
614150,Train Harder,"Apr 21, 2017",7.99,2Frogs Software,0,10,False,0
1570340,Dawn of the Falkonir,"May 5, 2021",0.0,Fowl Play Studios,0,0,False,0
304970,SolidFace Parametric CAD Modeler 2D/3D,"Dec 22, 2014",0.0,"SolidFace Technology Inc.,Oscar L.",0,1,False,0
1630940,HUMBLE ZOMBIE,"May 27, 2021",1.99,SHIBO GAMES,0,5,False,0
878520,Sally's Salon: Kiss & Make-Up,"Jun 28, 2018",12.99,GameHouse,0,66,False,0
1927300,Yin Yang Space,"Apr 22, 2022",1.99,PanGuoJun,0,0,False,0
340630,Ninja Guy,"Jan 5, 2015",1.99,Immunity Studios,0,42,True,0
704310,Lumberjack VR,"Oct 13, 2017",0.0,Erik Brunnström,0,10,False,0
619150,while True: learn(),"Jan 17, 2019",12.99,Luden.io,0,5491,True,0
1373890,Fight N' Fall,"Nov 26, 2021",9.99,Piloto Studio,0,1,False,0
1869200,The Adventures of Mr. Hat,"Feb 24, 2022",2.99,AX-GAME,0,14,False,0
392030,Murasaki,"May 12, 2016",4.99,Katatema,0,85,False,0
605850,Pinball Inside: A VR Arcade Game,"Mar 8, 2017",0.0,Reality Reflection,0,47,False,0
441670,Jelly Killer,"Mar 24, 2016",3.99,Immortal Game Studio,0,237,True,0
962150,Tactics V: Obsidian Brigade,"Aug 8, 2019",19.99,From Nothing Game Studios,0,20,True,0
50990,Mystery Case Files: Ravenhearst®,"Apr 21, 2010",9.99,Big Fish Games,0,68,False,0
648510,Choice of the Star Captain,"Jun 16, 2017",3.99,Choice of Games,0,8,True,0
1071070,Adventure of Great Wolf,"May 31, 2019",2.99,Claudius Keigfron,0,2,False,0
2011540,Blue Star Mobile Team,"Jun 28, 2022",0.0,BT Games,0,0,False,0
1761740,My Cashy Side Job at Lost&Found in the Subway of Million-Person City,"Nov 25, 2021",2.99,Unusual Meaning,0,25,True,0
538700,TURGUL: RAPID FIGHTING,"Dec 19, 2016",0.99,dynamicsoulworks,0,1,True,0
1564150,Lost in Blindness,"May 17, 2021",9.99,Unseen Interactive,0,24,True,0
726870,Anchorhead,"Jan 31, 2018",9.99,Michael Gentry,0,35,False,0
1074390,Scikor - Final Scale,"Feb 28, 2020",3.99,Rob Scikōr,0,5,False,0
1554780,Trekking and Camping | 远足与露营,"May 4, 2021",1.99,Hont,0,14,False,0
1065750,Spark and The Digital Daydream,"May 7, 2019",0.0,Luminescence Interactive,0,57,False,0
714780,Google Spotlight Stories: Special Delivery,"Dec 14, 2017",0.0,Google Inc.,0,35,False,0
1321040,Memory Note,"Dec 25, 2020",1.99,CupcakeTime Team,0,47,True,0
1204930,Hop Step Sing! Astral Piece,"Dec 12, 2019",6.99,"Kodansha,Kodansha VR Lab",0,83,False,0
1588760,Switchball HD - Puzzle Platformer,"May 17, 2021",2.69,Atomic Elbow,0,59,False,0
924740,Beyond Senses,"Jan 6, 2020",7.99,Sky Haubrich,0,22,False,0
416340,Viking Saga: New World,"Nov 5, 2015",3.99,Realore,0,25,False,0
242610,Grappledrome,"Feb 13, 2017",0.0,800 North,0,17,False,0
1613340,Pirates of the Asteroid Belt Playtest,"Apr 23, 2021",0.0,Unknown,0,0,False,0
1168980,Buried Alive: The Annihilation VR,"Jan 19, 2021",14.99,The Two Ravens,0,6,False,0
1277340,Sunset fighter,"Apr 18, 2020",11.99,torumees.games,0,2,False,0
1233610,Tactical Warfare Simulator,"Dec 21, 2020",49.99,Hollow World Games llc,0,1,False,0
302610,Boson X,"Sep 15, 2014",2.99,"Ian MacLarty,Jon Kerney",0,1426,True,0
1638730,Bear Soul,"Aug 7, 2021",1.99,Rockus Games,0,0,False,0
1484150,VR Museum Tour Grand Collection,"Dec 8, 2020",4.99,William at Oxford,0,1,False,0
1850710,Crossfire: Legion Playtest,"Jan 18, 2022",0.0,Unknown,0,0,False,0
922520,Blood City,"Aug 28, 2018",2.99,WJLEGAME,0,18,False,0
1743770,Propnight Playtest,"Oct 15, 2021",0.0,Unknown,0,0,False,0
1157200,Magnesium_173,"Aug 19, 2021",14.99,"Mark Graham Johnson,Marikat Software Corp",0,3,False,0
1862100,Quest for Cathay Kingdom Mah Jong,"Mar 18, 2022",2.99,Deborah Vellozo,0,5,True,0
2022020,Hidden Desert War Top-Down 3D,"Jun 17, 2022",9.99,Top-Down Games,0,11,True,0
1099400,唤境引擎 Evkworld,"Jul 14, 2019",0.0,星飞游戏,0,29,False,0
1604610,Space Tek,"Oct 21, 2021",0.0,Raw Orange Studios Limited,0,0,False,0
503060,The Agency of Anomalies: Mystic Hospital Collector's Edition,"Jul 18, 2016",9.99,Orneon,0,14,False,0
1275970,Digital Dungeon Tiles,"Apr 13, 2020",29.99,HMM,0,3,False,0
847490,Star Speeder,"May 11, 2018",0.99,Synthetic Games,0,5,False,0
1101580,Spooky Starlets: Movie Monsters,"Jun 23, 2022",9.99,MogWallop Games,0,0,False,0
201010,Geneforge 5: Overthrow,"Nov 1, 2008",19.99,Spiderweb Software,0,95,False,0
837610,Mary Skelter: Nightmares,"Jul 19, 2018",24.99,Idea Factory,0,421,False,0
1029870,Unsung Heroes: The Golden Mask,"Jan 28, 2020",12.99,"Threaks,GameHouse",0,54,False,0
205690,1000 Amps,"Feb 22, 2012",4.99,Brandon Brizzi,0,250,False,0
632240,Gunball,"Jun 28, 2017",1.99,REDspace,0,2,False,0
1774150,Stack Gun Heroes Playtest,"Oct 8, 2021",0.0,Unknown,0,0,False,0
898910,DASH: Danger Action Speed Heroes,"Jun 6, 2019",9.99,"Baby Duka,Schubell IT",0,15,True,0
1042930,Trackmaster,"Dec 11, 2020",11.99,Master Technologies,0,16,False,0
109500,Fowl Space,"Mar 21, 2012",4.99,Pixelante Game Studios,0,106,False,0
539290,Brick Breaker,"Feb 20, 2017",9.99,Sanuk Games,0,35,False,0
1603600,Daldos,"Apr 18, 2022",7.99,Vanaheim Team,0,3,False,0
489100,MachRace,"Jun 30, 2016",9.99,enko,0,9,False,0
1310620,The Sight in a mirror,"May 31, 2020",1.99,Nilz,0,1,False,0
740450,Alien Planet,"Dec 4, 2017",0.99,Falkrus,0,2,True,0
1646090,Tokyo Rogue,"Jul 15, 2022",12.99,Lunacy Labs Ltd.,0,12,True,0
448670,Pinball HD Collection,"Aug 3, 2016",19.99,OOO Gameprom,0,52,True,0
1956110,LandPort,"May 19, 2022",0.0,Prairie Game,0,0,False,0
542740,Balloon Blowout,"Oct 28, 2016",0.99,EnsenaSoft,0,57,False,0
687980,Mothlight,"Aug 25, 2017",0.0,Samu,0,351,False,0
612120,Darwin's bots: Episode 1,"Mar 27, 2017",7.99,Duplicator Studio,0,9,False,0
1259000,Damascus,"May 15, 2020",0.0,Team Teal,0,189,True,0
1380060,Urban Trial Tricky™ Deluxe Edition,"Jul 22, 2021",19.99,Tate Multimedia,0,15,False,0
814560,Eat my Shuriken and Die!,"Jun 3, 2020",2.99,FlowersFX,0,1,False,0
701100,Amoreon NightClub,"Sep 6, 2017",0.0,Citor3,0,49,False,0
1407060,Crimson Ranch,"Sep 24, 2020",2.99,Aiaz Marx,0,19,False,0
1495860,What The Dub?!,"Apr 8, 2021",7.99,"Wide Right Interactive,Mark Zorn,Kurt Wojda",0,205,False,0
1126970,Strazeal,"Aug 26, 2019",1.99,"Tradosoft,Michiel Pater",0,1,True,0
1639530,Bitten! Someone has to be a villain,"Jun 3, 2021",2.99,Uladzislau Basin,0,5,False,0
1995420,Flora and Sauna,"Jun 6, 2022",12.99,EnroAndOz,0,0,False,0
358000,The Curse of Nordic Cove,"Apr 23, 2015",0.99,On The Level Game Studios,0,15,False,0
1856080,Ambushed,"Feb 5, 2022",1.49,FakeBamboo,0,0,False,0
239430,Q.U.B.E: Director's Cut,"May 21, 2014",2.49,Toxic Games,0,1438,True,0
961490,Travis Strikes Again: No More Heroes Complete Edition,"Oct 17, 2019",39.99,GRASSHOPPER MANUFACTURE INC.,0,298,False,0
363500,Ossuary,"May 27, 2015",9.99,"Gregory Avery-Weir,Melissa Avery-Weir",0,33,False,0
286750,Zoo Empire,"Sep 3, 2015",6.99,Enlight Software Limited,0,98,False,0
388080,Borderless Gaming,"Jul 23, 2015",3.99,"AndrewMD5,Codeusa",0,2461,False,0
1565630,Doge to the Moon,"Mar 19, 2021",2.0,The Wilburnness,0,4,False,0
1751800,Ibatic,"Jan 17, 2022",0.0,Moonfish Studio,0,0,False,0
925360,Ape Hit,"Aug 31, 2018",0.99,"Malika K. LLC,Zombie's Delight Studio",0,5,False,0
482300,Investigator,"Jun 1, 2016",4.99,AdroVGames,0,654,False,0
964910,Sunshine & Overcast,"Oct 15, 2021",0.0,SunshineOvercast,0,3,False,0
16130,Fish Tycoon,"May 12, 2008",9.99,Last Day of Work,0,58,False,0
1716950,Gra&Vity,"Oct 7, 2021",0.99,Company Not Found,0,14,True,0
411530,Roads of Rome 3,"Oct 19, 2015",3.99,Whiterra,0,27,False,0
237430,Expeditions: Conquistador,"May 30, 2013",19.99,Logic Artists,0,1079,True,0
1843720,Skullborn Playtest,"Dec 28, 2021",0.0,Unknown,0,0,False,0
485120,Frog Climbers,"Oct 6, 2016",6.99,TeamCrew,0,131,False,0
1907570,Hot Milf 4,"Mar 5, 2022",0.99,Cyber Keks,0,0,False,0
528670,Elems,"Nov 11, 2016",0.99,Fifth Dimension Company,0,11,False,0
417540,Gamefuel Driver Control,"Dec 10, 2015",29.99,Auslogics Software,0,9,False,0
1496530,Cinders Of Hades,"Jan 26, 2021",2.99,Holon Studios Inc.,0,1,False,0
465070,TRIZEAL Remix,"Jul 7, 2016",11.99,TRIANGLE SERVICE,0,22,False,0
448010,RePete,"Mar 9, 2016",1.99,Luke Godfrey,0,31,True,0
782630,Twisted Sails,"Mar 26, 2018",0.0,Heatwave Studios,0,12,False,0
1162170,Below Sunshade,"Nov 19, 2019",5.99,Arvus Games,0,0,False,0
1941850,Goddess Of War Essa,"Apr 6, 2022",3.99,Small Game,0,1,False,0
1467740,Pocket Plants,"Dec 7, 2020",0.0,Studio Sprouts,0,15,False,0
1212930,Doler,"Jan 17, 2020",2.99,Sokpop Collective,0,5,False,0
1580990,Manipulator I:The Hand Behind,"Apr 24, 2021",9.99,GuoQiangQiang,0,0,False,0
1975670,White Lavender,"Jun 20, 2022",4.99,Sokpop Collective,0,30,False,0
1808480,Poly Puzzle: Cats,"Nov 17, 2021",1.99,Cute Hannah's Games,0,3,False,0
818070,Draoi,"Sep 27, 2018",19.99,Avenal Investments Ltd,0,0,False,0
1271190,Queen's Glory,"May 1, 2020",9.99,"BananaKing,台灣香蕉王",0,0,False,0
944590,Thunder Kid,"Oct 22, 2018",7.99,Renegade Sector Games,0,29,False,0
1299400,Understand,"Oct 30, 2020",3.99,Artless Games,0,409,False,0
958090,School of the Dead: Anastasia,"Nov 27, 2018",0.99,"NOINDEX GAMES,Maksim Streicher",0,30,False,0
607040,Grimoire Chronicles,"Apr 20, 2017",0.51,Warfare Studios,0,44,False,0
1301850,Meditation VR,"Jul 31, 2020",0.0,Better Than Life,0,49,False,0
299380,Masquerade: The Baubles of Doom,"Apr 20, 2016",14.99,Big Ant Studios,0,15,False,0
1626950,The Case of Maneki,"Mar 20, 2022",9.99,Zmakesgames,0,3,False,0
342260,Nevermind,"Sep 29, 2015",19.99,Flying Mollusk,0,319,False,0
1684920,Dungless 2,"Jul 27, 2021",2.99,ImperiumGame,0,8,False,0
888010,Tango: The Adventure Game,"Nov 16, 2018",2.99,Gualicho Games,0,50,False,0
538950,Plenty: Skyhearth,"Oct 20, 2016",0.0,Tiny Lions,0,48,False,0
293520,Carnivores: Dinosaur Hunter Reborn,"May 27, 2015",14.99,Digital Dreams Entertainment LLC,0,573,False,0
502940,"Calm Down, Stalin","Sep 8, 2016",3.99,Cartboard Games,0,846,False,0
1395560,Kandidatos,"Sep 1, 2020",0.99,Shaikonina Games,0,2535,False,0
1038680,凯旋岛,"Apr 4, 2019",0.0,悦艺工作室,0,11,False,0
291690,Empathy: Path of Whispers,"May 16, 2017",19.99,Pixel Night,0,110,False,0
1246200,Super Toxicboy,"Feb 25, 2020",0.99,Pixel Harmony Studio,0,1,False,0
1581010,Haunted House - The Murder,"Sep 21, 2021",1.99,Yannik Leuenberger,0,0,False,0
1690250,Wet Waifu,"Aug 25, 2021",0.99,Sweet Games,0,0,False,0
653210,Prisoner,"Jul 17, 2017",2.99,Polovey Alexander,0,22,False,0
267360,MURI,"Dec 6, 2013",4.99,"Ludosity,Remar Games",0,427,False,0
1694430,Dynamic Dungeons Editor,"Oct 31, 2021",29.99,Dynamic Dungeons,0,55,False,0
1886850,Horror In Valkeala,"Mar 3, 2022",0.99,"Tero Lunkka,Valkeala Software",0,17,False,0
1378490,Total War: Elysium Playtest,"Jul 24, 2020",0.0,Unknown,0,0,False,0
499910,SHINRAI - Broken Beyond Despair,"Aug 26, 2016",14.99,Gosatsu Visual Novels,0,98,True,0
1863170,From Dusk To Dawn,"Jan 21, 2022",6.99,3P Studios,0,6,False,0
1644840,Kittens and Yarn,"Jun 17, 2021",1.99,Pinel Games,0,108,False,0
1422880,Frisbee For Fun,"Nov 21, 2020",2.99,Caio Flavio,0,17,False,0
12460,BC Kings,"Jun 16, 2009",4.99,Mascot Entertainment,0,113,False,0
410320,EARTH DEFENSE FORCE 4.1 The Shadow of New Despair,"Jul 18, 2016",19.99,SANDLOT,0,7129,False,0
1345440,Toy Tanks,"May 12, 2022",11.99,Rodney Luck,0,33,True,0
757600,Hotel Transylvania 3: Monsters Overboard,"Jul 10, 2018",24.99,Torus Games,0,10,False,0
952000,Be Vigilant!,"Jan 23, 2022",15.0,Zero Thorn Studios,0,4,False,0
1735930,SICK,"Apr 30, 2022",9.99,Michael Derek,0,13,True,0
336670,HIT,"Feb 9, 2015",0.0,Shifty Chair Games,0,181,False,0
1828410,Survive The Island,"Dec 14, 2021",0.0,XO GAMES,0,0,False,0
733420,Fragments,"Nov 9, 2017",0.0,Pulsarium,0,3,False,0
1528770,RoadPunk,"Feb 20, 2021",0.99,ChangeMe,0,4,False,0
542260,The Herbalist,"Nov 15, 2016",5.99,Moonworks,0,559,True,0
369560,The Story Goes On,"Mar 2, 2018",4.99,Scarecrow Arts,0,102,True,0
1494400,VR JAPAN,"Jan 8, 2021",6.99,Kraftmaru,0,40,False,0
394850,Square Brawl,"Oct 22, 2015",4.99,Landfall,0,117,True,0
953900,Pantsu Hunter: Back to the 90s,"Jan 17, 2019",1.79,Golden Wave Games,0,148,True,0
299480,Rogue Stormers,"Apr 21, 2016",19.99,Black Forest Games,0,656,True,0
1696230,Peblito: Rock and Roll,"Aug 9, 2021",0.0,Studio Half-,0,0,False,0
1530670,Buyhads,"Feb 5, 2021",9.99,Amfich,0,11,False,0
1260220,Hentai Two Girls,"Mar 19, 2020",3.99,Snkl Studio,0,0,False,0
1503530,Minit Fun Racer,"Feb 18, 2021",2.99,"JW,Kitty,Jukio,Dom",0,184,False,0
750960,Yissa Deep Realms,"Nov 23, 2017",4.99,PixelGreeds,0,67,False,0
1898130,Memory Novel - The Threesome,"Feb 10, 2022",1.99,DIG Publishing,0,0,False,0
523210,A Normal Lost Phone,"Jan 26, 2017",2.99,Accidental Queens,0,1845,True,0
1278170,Big Rumble Boxing: Creed Champions,"Sep 3, 2021",39.99,Survios,0,52,False,0
950400,Blame Him,"Jun 2, 2019",14.99,Chilla's Art,0,59,False,0
766570,Russian Fishing 4,"Nov 10, 2021",0.0,"FishSoft, LLC",0,19370,False,0
1694450,Mix Hentai Girls,"Aug 30, 2021",0.99,Lory Studios,0,0,True,0
1343220,LINGERING,"Jul 7, 2020",12.99,Ceylon Entertainment,0,0,True,0
1672700,Tiny Hunter,"Jul 6, 2021",7.99,Nojigames,0,6,False,0
1860120,Fractal Fly,"Feb 10, 2022",0.0,Tectrid,0,0,False,0
1338020,Super Glitter Rush,"Jun 30, 2021",3.99,"tiny cactus studio,Tsuyomi",0,58,False,0
1213420,Texas Holdem Poker: Solo King,"Mar 4, 2020",12.99,sun xiaodong,0,24,False,0
1385820,Ninja Kunoichi,"Sep 3, 2020",7.99,Nacks Soft,0,1,False,0
848460,Aurum Kings,"Jul 23, 2018",0.0,Bull Horn Games LLC,0,0,True,0
735650,One More Night: BiO Clinic,"Nov 6, 2017",4.99,Stephen Wu,0,4,False,0
1048100,Peekaboo,"Aug 7, 2019",1.49,Redaster Studio,0,2509,False,0
345700,Echo Tokyo: An Intro,"Jan 27, 2016",4.99,Echo Games,0,94,False,0
1873830,Bouldeurdache,"Feb 5, 2022",0.0,Blackbird Studios,0,0,False,0
65600,Gothic 3: Forsaken Gods Enhanced Edition,"Mar 22, 2011",9.99,"Trine Studios,G3 Community Patch Team,Mad Vulture Games",0,474,False,0
674250,Resurgence: Earth United,"Sep 29, 2017",8.99,Pixel by Pixel Studios Inc.,0,23,False,0
439250,Space Pilgrim Episode III: Delta Pavonis,"Feb 4, 2016",1.13,"Pilgrim Adventures,GrabTheGames Studios",0,291,False,0
1788650,Alchera,"Jul 16, 2022",19.99,Unisclord Game Studio,0,2,False,0
1239710,Draco VR Dragon Sim,"Mar 19, 2020",0.99,Benjamin Pierce,0,0,False,0
1275060,Farm Builder,"Jun 12, 2020",3.99,LAN - GAMES LTD,0,7,False,0
940350,Snakest,"Dec 7, 2018",0.49,Softwaves Mini,0,5,False,0
868060,Immortal Darkness: Curse of The Pale King,"Oct 17, 2018",7.99,Giant Space Monster,0,39,False,0
1284550,Geometric Feel the Beats,"Aug 19, 2020",1.99,YAW Studios,0,32,False,0
924670,Need for Spirit: Drink & Drive Simulator/醉驾模拟器,"Sep 5, 2018",0.99,"Atomic Fabrik,Cristian Manolachi,Gamesforgames",0,70,False,0
598590,Escape 2042 - The Truth Defenders,"Mar 31, 2017",5.99,OrionSoft,0,9,False,0
620050,Start10,"May 11, 2017",4.99,Stardock,0,38,False,0
211208,VectorMan 2,"May 2, 2012",0.99,Unknown,0,0,True,0
454330,A Room Beyond,"Jun 13, 2017",7.99,René Bühling,0,18,False,0
1723050,Escape Ninja,"Sep 29, 2021",15.99,MBA International,0,1,False,0
763230,Fruity Smoothie,"Dec 21, 2017",0.0,Wooden Shoes Games,0,175,True,0
959710,the earth is a better person than me,"Nov 7, 2018",6.99,Kara Stone,0,0,False,0
1140060,War Ghost,"Sep 6, 2019",0.99,Luiz Felipe Da Silva Marian,0,1,False,0
1644920,Love in Belarus,"Jun 21, 2021",1.99,Taxincrease,0,42,False,0
957070,iB Cricket,"Oct 25, 2020",29.99,ProYuga Advanced Technologies Ltd,0,93,False,0
1270780,Elemental Defenders TD,"Apr 2, 2020",1.64,Wa Tran,0,1,False,0
1702210,Piecewise: build chat bots with blocks,"Nov 2, 2021",14.99,Piecewise Labs,0,12,True,0
1302270,F29 Retaliator,"Jul 3, 2020",6.99,Digital Image Design Ltd.,0,7,False,0
974930,Eternal Realm II: Dark Matter,"Nov 21, 2018",3.99,Omega Games,0,0,False,0
1017480,WarGround,"Feb 2, 2019",0.0,GamersUnit,0,11,False,0
676030,Eternal Starlight VR,"Jun 17, 2021",11.99,White Noise Games,0,44,False,0
1728410,THORN DEMON HUNTER,"May 12, 2022",5.99,LIN YUANHUI,0,3,False,0
1165280,Shuffle World,"Oct 9, 2019",0.99,NanningsGames,0,7,True,0
1095120,Helheim Hassle,"Aug 18, 2020",19.99,Perfectly Paranormal,0,136,True,0
818390,The Deer,"Dec 16, 2019",0.0,Dodo Digital,0,22,False,0
1245470,Ultimate Ski Jumping 2020,"Apr 3, 2020",0.99,Blue Sunset Games,0,44,False,0
839770,Phoenix Point,"Dec 3, 2020",24.99,Snapshot Games Inc.,0,3087,False,0
1874660,浮生箓 Floating Life,"Feb 17, 2022",2.99,心流工作室（Heart Stream Studio）,0,69,False,0
562640,Introvert Quest,"Mar 15, 2017",0.5,Amaterasu Software,0,74,False,0
360840,Lumini,"Sep 3, 2015",12.99,Speelbaars,0,128,True,0
1007890,VR Paper Star,"Jan 21, 2019",19.99,North Breeze Entertainment Ltd,0,0,False,0
1030840,Mafia: Definitive Edition,"Sep 24, 2020",39.99,Hangar 13,0,37900,False,0
1234450,EDGE OF DAWN,"Jul 17, 2020",14.99,Western Werks,0,15,False,0
890130,Pawn of the Dead,"Feb 19, 2021",7.99,Aslan Game Studio,0,46,True,0
1908060,The Curse Of Grimsey Island Playtest,"Feb 18, 2022",0.0,Unknown,0,0,False,0
1093880,XWallpaper,"Oct 15, 2019",2.79,XDesktop,0,72,False,0
1896980,The Chronicles of Hercules II - Wrath of Kronos,"Feb 21, 2022",5.99,EfunSoft Games,0,4,False,0
368730,No Time To Explain Remastered,"Jul 17, 2015",14.99,tinyBuild,0,1852,True,0
1041300,Human Sacrifice,"Mar 19, 2019",0.79,"Tricol Co., Ltd.",0,3,False,0
572620,Pierhead Arcade 2,"Aug 5, 2021",7.49,Mechabit,0,104,False,0
1581500,Dragon Drop,"Jun 10, 2022",4.99,Cloudy Games LLC,0,25,True,0
318260,Supreme: Pizza Empire,"Jan 9, 2015",9.99,Nexeon Studios,0,70,True,0
821880,Idol Manager,"Jul 26, 2021",19.99,Glitch Pitch,0,2479,True,0
886360,Casino Mega Collection,"Jul 2, 2018",6.99,Gunnar Games,0,17,False,0
1408480,Sneaky Kitten,"Dec 24, 2021",5.99,Eight Lives AB,0,6,False,0
696760,HoloLAB Champions,"Jul 10, 2018",4.99,Schell Games,0,19,False,0
780210,Freeways,"Feb 6, 2018",3.99,Captain Games,0,851,False,0
1713640,Ransack Raccoon,"Aug 19, 2021",0.0,Calico Cafe,0,0,False,0
451600,CounterAttack,"Mar 11, 2019",14.99,Relative Games,0,225,True,0
1109350,ANCIENT SOULS : The Governor,"Jul 14, 2019",7.99,OE WORKS,0,6,False,0
781240,Mystical,"Feb 8, 2018",4.99,Infogrames,0,4,False,0
929570,A Familiar Fairytale Dyslexic Text Based Adventure,"Nov 18, 2019",0.99,Alastair Low,0,2,False,0
841830,Semi-Sweet Tofu,"May 3, 2018",0.0,Team TatoTaco,0,4,False,0
1165460,Unlit,"Nov 25, 2019",11.99,Clockworks,0,1,False,0
485980,Syrian Warfare,"Feb 21, 2017",13.99,Cats Who Play,0,3383,False,0
679400,Relik,"Oct 18, 2017",0.0,Iron 27,0,139,False,0
1514480,Lucid Cycle,"Feb 19, 2021",2.59,Tonguç Bodur,0,32,False,0
1368750,Jigsaw Puzzles: Master Artists of Old,"Aug 7, 2020",0.0,Aventale Games,0,5,False,0
1121310,ViRo Playspace,"Sep 13, 2019",0.0,Virtual Romance LLC,0,0,False,0
1453640,Valthirian Arc: Hero School Story 2,"Mar 31, 2022",11.99,Agate International,0,19,False,0
1389360,Mech Armada,"Jun 16, 2022",19.99,Lioncode Games,0,264,False,0
429480,Vision Runner,"Oct 19, 2016",9.99,Snowbit Interactive,0,4,False,0
1368400,Pombero - The Lord of the Night,"Nov 23, 2020",5.99,Inside Studios,0,26,False,0
1005050,Fabulous - Angela's True Colors,"Jan 24, 2019",12.99,"Nitreal,GameHouse",0,41,False,0
529040,Fine China,"May 5, 2017",2.99,Fine China Games,0,9,False,0
694070,BadLands RoadTrip,"Apr 5, 2018",9.99,Obsessive Science Games,0,8,True,0
1311210,Virus Madness - Dungeons of your Body,"May 31, 2020",0.99,Adam Cs,0,1,False,0
1453660,Mana Gloom,"Dec 29, 2020",4.99,Sarynth,0,4,False,0
587580,Nature Treks VR,"May 4, 2017",9.99,John Carline,0,228,False,0
294440,Shadowgate,"Aug 21, 2014",14.99,Zojoi,0,544,False,0
1309290,Shadow of Valhalla,"Aug 20, 2020",9.99,Chicken Waffle,0,29,False,0
364980,Bunker Constructor,"Jun 24, 2016",4.99,Tindalos Interactive,0,13,False,0
269250,WORLD END ECONOMiCA episode.01,"Jun 17, 2014",12.99,Spicy Tails,0,564,True,0
1228870,Bartlow's Dread Machine,"Sep 29, 2020",14.99,"Beep Games, Inc.,Tribetoy",0,43,False,0
633660,Onimod Land,"Nov 10, 2017",9.99,Astralax,0,14,False,0
1274280,Blue Flame,"Jan 29, 2021",4.99,Fox's Sake Studio,0,8,False,0
1791610,Touhou Mystery Reel,"Feb 13, 2022",0.0,Iceprite,0,0,False,0
1127500,Mini Motorways,"Jul 20, 2021",9.99,Dinosaur Polo Club,0,13145,False,0
508650,Signal Decay,"Sep 19, 2019",13.99,Nela System,0,52,False,0
358700,3d Bridges,"Mar 23, 2015",3.99,Robert Dahlenburg,0,10,False,0
656740,Cosmonator,"Jan 21, 2019",6.99,Bourbontank,0,74,False,0
1047950,GUILT: The Deathless,"Apr 28, 2022",17.99,Outer Brain Studios,0,30,False,0
1076100,Illusion of L'Phalcia,"Jul 2, 2019",12.99,Exe Create Inc.,0,6,False,0
648150,Arcsaber VR,"Jan 15, 2021",0.99,BB Games,0,1,False,0
630900,Illwinter's Floorplan Generator,"May 4, 2018",6.99,Illwinter Game Design,0,370,True,0
883160,Legend of Dragon Labyrinth,"Oct 15, 2018",0.99,13-lab,0,0,False,0
783840,Lakeview Valley,"Oct 22, 2019",14.99,Roope Tamminen,0,494,False,0
1487140,Ochitsubaki,"Dec 17, 2021",13.99,FEYXUAN,0,2,False,0
1696810,RAILROADS Online!,"Oct 1, 2021",34.99,Stefan Kelnberger,0,1961,False,0
1178000,Ghost Dimension,"Jan 17, 2020",9.99,My Oldschool Console,0,28,False,0
1138580,Farmington County: The Ultimate Farming Tycoon Simulator,"Oct 26, 2019",14.99,"Grenoble Interactive, LLC",0,83,False,0
416090,Caretaker Retribution,"Dec 15, 2016",0.0,Xiotex Studios Ltd,0,4,False,0
595360,NIGHTSTAR: Rogue Wings,Mar 2017,0.0,SOLIDMESH,0,20,False,0
1581240,Der Geisterjäger / The Ghost Hunter,"Aug 26, 2021",10.79,Graverobber Foundation,0,8,True,0
1751990,Table Gun,"Oct 18, 2021",1.99,J Games 966,0,2,False,0
1445500,CITY - 909,"Oct 30, 2020",8.99,Alexandr,0,3,False,0
1315240,Blackstorm,"Jun 1, 2021",0.0,Lost Criteria Studios,0,0,False,0
404530,Voxel Turf,"Sep 13, 2017",7.99,L Twigger,0,426,True,0
1137650,Switchblade,"Aug 22, 2019",2.44,"Core Design,Gremlin Interactive",0,3,False,0
461550,Typing Instructor Platinum 21 - Mac,"Feb 10, 2017",29.99,Individual Software,0,0,False,0
1408380,RGB Simulator,"Nov 16, 2020",0.99,ToradySoft,0,2,False,0
1049690,Catch the Head,"Aug 29, 2019",7.99,Horos Interactive,0,9,False,0
612840,Boxplosion,"Jan 15, 2018",7.99,DNV,0,10,False,0
1463120,College Kings - Act I,"Mar 5, 2021",0.0,Undergrad Steve,0,0,True,0
243890,Mavis Beacon Teaches Typing Family Edition,"Mar 14, 2014",29.99,Bytes of Learning,0,11,False,0
428410,PRiO,"Mar 18, 2016",5.99,DanielDavisGames,0,27,False,0
988110,Breacher Story,"Jan 2, 2019",5.99,Doubleton Game Studio,0,6,False,0
1921760,Pocket Academy,"Jun 12, 2022",8.99,"Kairosoft Co.,Ltd",0,77,False,0
791370,Xploquest 2,"Feb 20, 2018",0.0,Jean-Sébastien Nouveau,0,10,True,0
622460,Steampunk Tower 2,"Apr 19, 2018",7.99,DreamGate,0,239,False,0
883130,New Star Manager,"Sep 27, 2018",19.99,New Star Games Ltd.,0,311,False,0
913570,Cave under Richmordnom,"Aug 23, 2018",0.99,Drymir,0,2,False,0
1930230,The Hole,"May 13, 2022",0.99,"c0d3_r,jmleach1987",0,1,False,0
351490,Intergalactic Bubbles,"May 29, 2015",1.99,Hellscape Games,0,927,True,0
378360,Ymir,"Mar 16, 2019",34.99,Thibaud Michaud,0,708,False,0
1273450,Selfless Heroes,"Apr 14, 2020",5.99,Félicien Brochu,0,31,True,0
1059660,Life Combinations,"Apr 26, 2019",0.99,Awix Studio,0,4,False,0
820830,The famous diver,"Mar 22, 2018",3.99,Laush Dmitriy Sergeevich,0,11,False,0
668290,From Orbit,"Aug 27, 2019",9.99,Tentacle Head Games,0,6,True,0
646100,Woodlands,"Sep 27, 2017",5.99,"Acuze Interactives,Winterbyte",0,96,False,0
1382310,Splinter,"Aug 21, 2020",0.99,Hobo Studios,0,1,False,0
1944970,Hidden Farm Top-Down 3D,"Apr 8, 2022",9.99,Top-Down Games,0,15,True,0
1534240,Drop Blox,"Jun 20, 2021",8.99,EcoGames,0,0,False,0
1339310,Solitaire 3D,"Jul 1, 2020",14.99,GrassGames,0,9,True,0
575800,Arizona Rose and the Pharaohs' Riddles,"Jan 18, 2017",9.99,Anawiki Games,0,6,False,0
1968280,AvatarShop,"May 31, 2022",64.99,Suzuki Cecil,0,0,False,0
634120,Inmates,"Oct 5, 2017",9.99,Davit Andreasyan,0,155,False,0
1843230,Win by Definition,"Jan 17, 2022",8.99,Tooru Akagi,0,2,False,0
1434550,Zeltrus,"Nov 11, 2020",1.99,"2>,Dexter.CO",0,1,False,0
316260,Disney Universe,"Oct 6, 2014",19.99,Eurocom,0,197,False,0
604040,Legion Tale,"Sep 20, 2017",4.99,Maulidan Games,0,10,False,0
1050170,Terramancer,"Feb 24, 2020",1.99,Fractalis,0,1,False,0
1546120,Void Explorer,"Jun 21, 2021",0.99,"Theodore King,Dylan Harrison,Alex Stahly,Faith King,Camdym Charles",0,2,True,0
762850,Cubit,"Feb 6, 2019",0.99,S.A. DigiWorks,0,5,False,0
1221560,Just Chatting,"Feb 13, 2020",0.0,SunshineOvercast,0,0,False,0
1939600,Sillage,"Apr 20, 2022",5.99,Vludos,0,4,False,0
1652800,Entangled,"Sep 3, 2021",0.0,Tiltfactor,0,0,False,0
437530,A Blind Legend,"Apr 7, 2016",6.99,Dowino,0,180,False,0
1583650,Beautiful Girls,"Apr 5, 2021",0.99,SimpleDes,0,0,False,0
526130,Sky Sanctuary,"Jul 31, 2020",1.79,Glitchr Studio,0,40,False,0
1651880,Welcome To Lakewood,"Jun 17, 2021",0.99,Space Slug Studios,0,7,False,0
311120,The Stalin Subway: Red Veil,"Oct 24, 2014",2.99,Orion Games,0,237,False,0
410670,Suits: A Business RPG,"Jan 5, 2016",0.99,Technomancy Studios,0,755,True,0
1131410,Sable's Grimoire: Man And Elf,"Jun 19, 2020",5.99,Zetsubou,0,42,True,0
1417890,Catie in MeowmeowLand,"Mar 30, 2022",14.99,ARTillery,0,50,True,0
2006770,180 SECONDS,"Jul 8, 2022",5.99,"ANTOLD Studio,Josemar B. Pedro",0,5,False,0
1583840,R-Naught,"Nov 23, 2021",2.99,Jirapher,0,2,False,0
516940,MineSweeper VR,"Aug 25, 2016",1.99,Funny Twins,0,31,False,0
1304320,重装无限·Metal Infinite,"Jul 16, 2020",1.99,路过的骑士皇,0,29,False,0
1471960,Room to Grow,"Feb 25, 2021",9.99,Mischka Kamener,0,117,False,0
1350540,Rebel Reenactment: Battle of the Wilderness,"Aug 30, 2020",7.99,Cult Software,0,10,False,0
1512910,Power Ball 2021,"Jan 18, 2021",6.99,Paul Connor,0,1,False,0
511110,DodgeBall Blitz,"Sep 2, 2016",14.99,C3 Games Inc,0,0,False,0
1578750,Endless Furry Asteroids,"Apr 12, 2021",0.99,Tegridy Made Games,0,1,False,0
1674300,Ablockalypse,"Jul 16, 2021",6.99,Color It Company,0,0,True,0
465750,Tank Battle: North Africa,"Jul 12, 2016",9.99,HexWar Games,0,22,False,0
1053660,Chaos Starter,"Apr 5, 2019",0.99,Kiddy,0,26,False,0
605490,One Hit KO,"Apr 5, 2017",6.99,Three Frog Studios,0,8,False,0
1253320,Seconds in Space,"Sep 28, 2020",2.99,Funneractic,0,1,False,0
448960,"I, Hope","Feb 21, 2018",9.99,Kenny Roy,0,28,False,0
1457150,Leafling,"Dec 15, 2020",0.0,Celtaria Productions,0,428,False,0
1129660,Runefall 2,"Oct 10, 2019",9.99,Playcademy,0,35,True,0
1550750,Siren Head Hentai Edition,"Jun 4, 2021",0.49,Sweet Games,0,0,False,0
1787520,Resonance Wars,"Nov 11, 2021",2.99,TeatimeStrategy,0,2,False,0
292180,X-Plane 10 Global - 64 Bit,"Jul 14, 2014",0.0,Laminar Research,0,713,True,0
1095140,PrimeOrbial,"Jul 16, 2019",4.99,"RainbowVerse, LLC",0,4,False,0
973410,The Elementalist,"May 27, 2019",4.99,Zack Radick,0,9,True,0
1564660,Bongo Arena,"Mar 15, 2021",0.0,Da Bongo Studio,0,6,False,0
1563100,Nightmare Survival,"Mar 12, 2021",0.99,INFINITE BRIDGE,0,5,False,0
1853200,TYRONE vs COPS,"Feb 12, 2022",0.99,Team SNEED,0,816,True,0
1953220,Gem Tower Defense 2,"Apr 21, 2022",2.99,Ranger Game,0,2,False,0
1094250,It Stares Back,"Jun 25, 2019",9.99,Light Arc Studio Ltd,0,83,False,0
1979720,Bound By Blades Playtest,"May 12, 2022",0.0,Unknown,0,0,False,0
536660,JCB Pioneer: Mars,"Sep 1, 2017",24.99,Atomicom,0,66,False,0
362920,Atlantis 2: Beyond Atlantis,"Apr 17, 2015",3.99,"Cryo Interactive,Koalabs",0,25,False,0
1113940,Electronic Super Joy 2,"Aug 9, 2019",0.0,Michael Todd Games,0,587,True,0
915760,Aether Drift,"Aug 27, 2018",12.99,Toxic Sasquatch Games,0,3,False,0
1682030,Dire Vengeance,"Oct 14, 2021",19.99,Magic Shot Games,0,11,False,0
416840,Color By,"Jan 21, 2016",9.99,Team Polykroma,0,5,True,0
529130,Expect The Unexpected,"Dec 8, 2016",1.49,GoldenGod Games,0,53,True,0
1730670,A Day in the Park,"Sep 7, 2021",4.99,Deevilj,0,0,True,0
1535270,Vacation Adventures: Park Ranger 4,"Feb 15, 2021",6.99,Casual Arts,0,2,False,0
1836310,Apotheorasis • Lab of the Blind Gods | Prologue,"Dec 22, 2021",0.0,Tall Guy Productions,0,0,False,0
1945980,The Rusty Sword: Vanguard Island,"May 2, 2022",0.99,Plow Games LLC.,0,11,True,0
836440,MonsterxMan: Inheritence To Lust,"Apr 24, 2018",0.0,Hexadecimalstudios,0,59,True,0
796580,100 Seconds,"Mar 12, 2018",1.99,Cien Studio,0,0,False,0
1830050,September 28 Pizza,"Dec 20, 2021",1.69,Power Mint Game Studio,0,2,True,0
691680,Ganbatte,"Apr 19, 2018",6.99,Mimicry,0,2,False,0
1798310,Imitating Zombies,"Nov 14, 2021",1.99,Reforged Group,0,0,False,0
2058120,Worm Runner,"Jul 13, 2022",0.99,"Ruskija game experience,Tero Lunkka",0,12,False,0
399670,Game Corp DX,"Oct 2, 2015",2.99,Endless Loop Studios,0,2657,True,0
1410110,RENEGADE: ARENA SHOOTER,"Oct 2, 2020",0.0,C3T4NU,0,0,False,0
1841060,Tiny Stories: Santa Closes,"Dec 21, 2021",0.0,Flip It,0,0,False,0
584170,Freedom Locomotion VR,"Mar 13, 2017",0.0,Huge Robot,0,182,False,0
559210,Rakuen,"May 10, 2017",9.99,Laura Shigihara,0,4930,True,0
227160,Kinetic Void,"Nov 21, 2014",19.99,Badland Studio,0,276,True,0
1331390,sfäre,"Jan 11, 2022",4.99,Falkenbrew,0,13,False,0
816490,Hidden Paws,"Mar 22, 2018",1.64,Manic Hyena,0,529,False,0
1576880,Synthbiotic Dungeon,"Apr 24, 2021",0.0,Synthbiotic Studios,0,0,False,0
1527910,Gladio and Glory,"Mar 16, 2021",0.0,Adi Zhavo,0,2566,False,0
1876060,Dark Hood,"Jun 20, 2022",0.99,KANAKOV PRODUCTION,0,0,False,0
336230,Way to Go!,"Jun 8, 2015",4.99,Makivision Games,0,24,False,0
1029160,Sunset Planet,"Mar 1, 2019",0.99,So Dank Studio,0,11,False,0
1315070,Vaccine19,"Dec 25, 2020",0.0,coolnames,0,50,False,0
1353870,WestLand Adventure,"Jul 6, 2020",2.99,Alex Game Dev.,0,11,False,0
975710,Qipa World-Hello Big Adventure,"Dec 17, 2018",0.99,QIPAWORLD,0,19,True,0
980940,My Little Blacksmith Shop,"Dec 22, 2019",9.99,"Dasius,Noble Games Studio",0,568,False,0
800510,RoboHeist VR,"Apr 13, 2018",12.99,Blob Lab,0,4,False,0
1094010,火柴人联盟2,"Dec 19, 2019",0.0,厦门市火柴人科技有限公司,0,16,False,0
1692900,CS Horizon,"Jul 28, 2021",0.59,Value,0,2,False,0
1730160,MoveUp,"Sep 15, 2021",2.99,Voxel LLC,0,2,False,0
34282,Shadow Dancer™,"Jun 1, 2010",0.99,SEGA,0,31,True,0
714820,Creature Romances: For the Ladies,"Oct 31, 2020",2.99,Nostalgia,0,24,False,0
1794300,BLUE WISH DESIRE,"Nov 17, 2021",9.99,xxgameroom,0,27,False,0
1297010,Rinlo,"Oct 7, 2020",10.49,GuraShop,0,24,False,0
40800,Super Meat Boy,"Nov 30, 2010",14.99,Team Meat,0,28651,True,0
371450,Awe,"Oct 9, 2015",0.99,Badland Development Studio,0,185,False,0
2023330,Fright Night,"Jun 21, 2022",2.99,Luphi Interactive,0,6,True,0
1870170,Emiko's Pledge,"Feb 25, 2022",0.99,Anamik Majumdar,0,3,True,0
627690,Idle Champions of the Forgotten Realms,"Mar 25, 2020",0.0,Codename Entertainment Inc.,0,8436,False,0
1348390,I am an Air Traffic Controller 4,"Oct 15, 2020",59.99,TechnoBrain,0,236,False,0
1436280,Plan Z,"Jan 20, 2021",4.99,TheShadowBlue Interactive,0,3,False,0
1312000,Wrap It!,"Jun 16, 2020",0.49,Avery Kirby,0,4,False,0
1815550,TRUFFLE,"Jan 7, 2022",0.0,Ethan Robichaux,0,0,False,0
42920,The Kings' Crusade,"Oct 8, 2010",9.99,NeoCoreGames,0,57,False,0
959540,Devil's Toy,"Nov 6, 2018",0.99,Blueplant Entertainment,0,11,True,0
1167650,Context,"Oct 24, 2019",0.99,SunshineOvercast,0,1,False,0
939250,Dungeons and Dinners,"Oct 14, 2018",0.99,Dobest Studio,0,4,False,0
1600180,Solitaire Game Halloween 2,"May 16, 2021",4.99,Creobit,0,2,False,0
1941400,Tonikk Tycoon,"Apr 13, 2022",9.99,Devin Carlson,0,7,False,0
305490,Heileen 3: New Horizons,"Jul 17, 2014",24.99,Winter Wolves,0,45,True,0
488360,Vistascapes VR,"Jul 8, 2016",0.0,Bird Man Games,0,17,False,0
682280,Code 9,"Aug 24, 2017",2.99,Brendan Wiltshire,0,3,False,0
648070,CrisisActionVR,"Sep 11, 2017",19.99,Pixel Wonder,0,14,False,0
1875470,Ninjas Against the Machines,"Feb 18, 2022",7.99,Ome6a Games,0,2,False,0
810590,Area 86,"Apr 15, 2020",9.99,SimDevs,0,29,True,0
791320,Zahalia,"Mar 6, 2018",1.99,LunarCore Games,0,6,False,0
1598810,Life of Fly 2,"Jun 10, 2021",9.99,EpiXR Games UG,0,24,False,0
1012390,Fruitlockers Reborn! 2,"Jan 23, 2019",4.99,e-FunSoft Games,0,7,False,0
1029650,יום פתוח (Open Day),"Jun 22, 2022",14.99,Rafael Ben-Ari,0,61,False,0
738030,Monjarmageddon,"Mar 22, 2019",2.99,Mantis Shrimp Studio,0,6,True,0
764630,Alien Invaders from the Planet Plorth,"Jan 15, 2018",3.99,Robert Lanthier,0,0,False,0
992990,Beyond Extinct,"Feb 26, 2020",10.99,Crania Games,0,27,False,0
962070,Angry King,"Nov 5, 2018",0.0,PixToPix Studios,0,0,False,0
1365620,I'm a love interest in my childhood friend's reverse harem!!!,"Aug 31, 2020",9.99,Red Chan,0,5,False,0
690610,MagiCats Builder (Crazy Dreamz),"Jul 10, 2018",0.0,Dreamz Studio,0,123,False,0
905510,Rugosi,"Aug 8, 2018",0.99,Fürst,0,6,False,0
1710810,Legend Of The Ape,"Aug 20, 2021",2.99,Cyfi Developers,0,22,False,0
1386980,PANIC STATION,"Aug 25, 2020",1.99,Forest Games,0,25,False,0
539750,Kombine,"Oct 14, 2016",0.51,Robert Alvarez,0,82,False,0
1601680,The Advisor - Episode 1: Royal Pain,"May 31, 2021",2.99,Randumb Studios,0,434,False,0
1753690,Faye: A Tale of Shadow,"Feb 14, 2022",19.99,Night Stroll Studio,0,0,False,0
863230,Super Plexis,"Feb 19, 2021",9.99,Medley Studios,0,44,True,0
1059370,IMPALE YOUR FRIENDS!,"Jun 19, 2019",4.99,James Korin,0,4,False,0
1615560,Serpent Showdown,"May 15, 2021",4.99,Persuasion Game Studio,0,0,False,0
1527140,SC2KRender,"Feb 5, 2021",0.0,Aleksander Krimsky,0,13,False,0
661700,心の闇の先に Trial VersionⅡ,"Jan 15, 2018",0.0,It's a Wonderful Life,0,14,False,0
486940,Handball Action Total,"Feb 16, 2018",8.39,netmin games,0,16,False,0
778860,Animals Memory: Insect,"Jan 26, 2018",3.99,Laush Dmitriy Sergeevich,0,24,False,0
876850,WhiteLily 1：丽丽公主,"Aug 16, 2018",2.99,游学者狐狸,0,1144,False,0
482390,The Night Cafe: A VR Tribute to Vincent Van Gogh,"Jun 3, 2016",0.0,Borrowed Light Studios,0,241,False,0
676320,Letter-Setter,"Aug 16, 2017",3.99,Beaver Drummer,0,2,False,0
1684220,SEDOMAIRI / せどまいり,"Aug 1, 2021",4.99,Tenkai Games,0,15,False,0
946360,inside path,"Oct 18, 2018",0.99,Incensecoil,0,0,False,0
513330,Party Tycoon,"Oct 19, 2017",4.99,"Pinokl Games,Kverta Limited",0,157,False,0
1179010,Rollers,"Feb 11, 2020",0.0,DarxDev,0,18,False,0
1367380,She Salutes,"Jul 30, 2020",7.99,Noxurtica,0,0,False,0
1034120,GACHIMUCHI The Card Game,"Mar 7, 2019",0.99,M♂NLY,0,9,False,0
1713530,Station Commander,"Aug 23, 2021",7.99,Ben Marks Game Studios,0,3,False,0
736430,Clicker bAdventure,"Dec 27, 2017",2.99,Luminark,0,23,False,0
699510,The New California,"Nov 19, 2017",9.99,Game e Arte,0,7,False,0
1100180,Yousei Daisensou ~ Touhou Sangetsusei,"Aug 2, 2019",10.99,上海アリス幻樂団,0,69,False,0
959000,Edna & Harvey: The Breakout - Anniversary Edition,"Dec 4, 2019",3.99,Daedalic Entertainment,0,348,True,0
731180,Coffee Run,"Oct 30, 2017",0.0,Andrew Rodenhiser,0,85,False,0
1481960,Death off the Cuff,"Jan 11, 2021",2.99,Simon Christiansen,0,4,False,0
376410,Acaratus,"May 25, 2017",14.99,Nodbrim Interactive,0,28,False,0
723110,Scrap Galaxy,"Dec 1, 2017",7.99,Catalope Games,0,11,False,0
226620,Desktop Dungeons,"Nov 7, 2013",14.99,QCF Design,0,1239,True,0
1108750,Timerunner,"Dec 13, 2021",6.39,Sicarius,0,64,False,0
788040,Edvog Explorer Game,"Apr 20, 2018",0.0,Andrei Ionita,0,1,False,0
1768790,Edwardo,"Nov 12, 2021",3.99,"Lewis Spalato,Andrew Spalato",0,5,False,0
1471220,Timothy ティモシー -神秘の森-,"Dec 23, 2021",9.99,Kibou Entertainment,0,1,False,0
699080,Jake's Love Story,"Oct 5, 2017",9.99,Mikołaj Spychał,0,104,True,0
1068120,CrunchTime,"Oct 10, 2019",9.99,Umiringo Studio,0,13,False,0
1153040,Primate Signal,"Dec 5, 2020",3.5,bankbank,0,12,True,0
1658770,Grandmaster Chess,"Sep 3, 2021",6.99,Capstone Software,0,1,False,0
1061420,Obscure Doubt,"Apr 26, 2019",3.99,Disbanded Crow,0,3,False,0
363180,Tenshu General,"Dec 1, 2015",5.99,SmartArt Game Studio,0,20,True,0
843620,Forest Below,"May 17, 2018",0.0,Team Arborium,0,9,False,0
1384350,Bricks Frenzy,"Aug 17, 2020",5.99,Kenisoft Game Studio,0,11,False,0
618570,Pixel Arcade,"Apr 2, 2018",9.99,Corrie Green,0,17,False,0
110600,Astro Tripper,"Sep 15, 2011",4.99,PomPom,0,33,False,0
1172470,Apex Legends™,"Nov 4, 2020",0.0,Respawn Entertainment,0,415524,False,0
1471460,Dualism,"Jan 14, 2021",9.99,Noah Judson,0,7,False,0
1284700,Panic Timing (惊恐计时),"Aug 9, 2020",0.99,S Games,0,0,False,0
841600,Aura of Worlds,"Apr 24, 2018",11.99,Cognitive Forge,0,77,True,0
1671180,Ricochet Ranger,"May 20, 2022",2.99,Joshua Ching,0,12,False,0
2061060,The Marson Home,"Jul 18, 2022",7.99,"Dylan W,Hatless Newt",0,1,False,0
1299120,Mosaique Neko Waifus 2,"Jun 5, 2020",1.99,Lil Hentai Games,0,1840,True,0
1303170,MelDEV Power Boat Racing,"May 23, 2020",13.99,Robin Melin,0,1,False,0
773530,Magic Nations - Card Game,"Sep 20, 2018",14.99,Prime Bit Games SA,0,89,False,0
1430100,Fade,"Oct 29, 2020",4.99,Azimuth Studios,0,0,False,0
1514160,Doctor Xenophon's Laboratory,"Mar 1, 2021",15.99,Archeostyle Studios,0,0,True,0
404730,Wasteland 2: Director's Cut,"Sep 18, 2014",29.99,inXile Entertainment,0,0,True,0
945490,Little Square Things,"Sep 28, 2019",0.0,G.Reed,0,51,False,0
1674730,RGByte,"Jul 23, 2021",2.99,RGByte Software,0,1,False,0
301260,Gardens Inc. 2: The Road to Fame,"May 22, 2014",9.99,"World-Loom,Nitreal",0,45,False,0
1866870,Honey Homer,"Apr 21, 2022",5.99,Nuts Pecker,0,0,False,0
510710,Bloxiq VR,"Aug 29, 2016",1.49,Blot Interactive,0,3,False,0
924310,VIDEO GAME,"Nov 12, 2018",0.0,Luke Sanderson,0,14,False,0
1273430,iota,"Sep 24, 2020",4.99,"Ronald DeStefano,Brian Kraus",0,13,False,0
556680,INTRUDER - WAR AREAS,"Dec 12, 2016",15.99,Play One Game Studio,0,2,False,0
910850,Darken VR,"Aug 13, 2018",0.99,Shaftesbury Darken Digital Inc.,0,0,False,0
1343450,Whiskers & Tail,"Aug 25, 2020",2.99,Dr. Cyril Splutterworth,0,2,False,0
1271620,Umihara Kawase BaZooKa!,"May 28, 2020",29.99,Studio Saizensen,0,12,False,0
1492290,Boulders: Puzzle,"Oct 2, 2021",0.99,Farewell Games,0,4,False,0
1433770,Chesnakisnak,"Oct 19, 2020",0.0,Schirwindt,0,4,False,0
1804390,Key,"Dec 1, 2021",0.99,Agostta Games,0,0,False,0
1091350,Valley Run,"Jul 3, 2019",0.99,Alliance4devs,0,1,False,0
1836500,Memory Puzzle - Hentai Angels,"Dec 8, 2021",0.59,DIG Publishing,0,0,False,0
813360,Space Duty,"Mar 21, 2018",4.99,cybercritics,0,1,False,0
846220,Catsapults,"Jun 12, 2018",1.99,Midnight Warden,0,3,False,0
223750,DCS World Steam Edition,"Aug 2, 2013",0.0,Eagle Dynamics SA,0,19580,False,0
1845880,SEARCH ALL - POTIONS,"Dec 27, 2021",1.99,Laush Dmitriy Sergeevich,0,20,False,0
291170,Royal Defense,"Nov 10, 2014",0.49,"Good Games,Creobit",0,239,False,0
1162730,Deep Ocean Rush,"Jan 3, 2020",1.99,TeamB,0,3,False,0
236490,Hexodius,"Jun 21, 2013",9.99,Brain Slap Studio,0,26,False,0
1418650,Shooting Type,"Sep 29, 2020",3.99,Matsuta App.,0,0,False,0
1011320,Whiskey & Zombies: The Great Southern Zombie Escape,"Nov 25, 2020",9.99,Nuttery Entertainment,0,8,False,0
1895130,Darza's Dominion,"Apr 21, 2022",0.0,Ripple Studio,0,0,False,0
1002510,The Spell - A Kinetic Novel,"Jan 15, 2019",4.99,Hangover Cat Purrroduction,0,24,True,0
346940,Shadowrun: Hong Kong - Extended Edition,"Aug 20, 2015",19.99,Harebrained Schemes,0,3578,True,0
1983410,Phantom Brigade Playtest,"Jun 30, 2022",0.0,Unknown,0,0,False,0
40420,Tidalis,"Jul 16, 2010",4.99,"Arcen Games, LLC",0,146,True,0
1526480,battle Tank,"Feb 4, 2021",12.99,xuechengyu,0,2,False,0
1914950,Xpraize Beta for GameMaster,"May 31, 2022",0.0,RedefineArts.Inc,0,0,False,0
288790,White Haven Mysteries,"Apr 17, 2014",4.99,Gogii Games,0,47,False,0
434970,That Dam Level redux,"Feb 25, 2016",8.99,noiarc,0,2,True,0
1073890,Dragon Fight VR,"Mar 5, 2020",0.0,"The Acceleration Agency,FarCade",0,9,False,0
1811750,VELONE,"Apr 21, 2022",8.49,ZAR 21,0,9,False,0
283620,World of Subways 3 – London Underground Circle Line,"May 12, 2014",14.99,TML-Studios,0,424,False,0
1152410,Karate Cat,"Oct 10, 2019",0.99,Take Toad,0,80,True,0
350970,Planet of the Eyes,"Aug 24, 2015",9.99,Cococucumber,0,421,False,0
1582850,Retro Machina: Nucleonics,"Apr 14, 2021",0.0,Orbit Studio,0,0,False,0
308560,City Quest,"Aug 20, 2015",1.99,Stone Monkey Studios,0,31,True,0
1807610,Skeleton Scramble Deluxe,"Mar 18, 2022",2.99,Chris Turd Boomerang Armstrong,0,17,False,0
1504570,Cultivation Tales,"Apr 14, 2022",19.99,Ac Games,0,4959,False,0
418650,Space Pirate Trainer,"Oct 12, 2017",14.99,I-Illusions,0,2574,False,0
1064920,VR Party Pack,"May 4, 2019",3.99,Jaz Marshall-Porter,0,1,False,0
1088040,MMA Executive,"Aug 26, 2019",11.99,Vectormatrix Limited,0,5,False,0
1418160,Happy Quest,"Nov 6, 2020",1.99,HappyGames,0,623,False,0
1128420,Solitaire Jack Frost Winter Adventures,"Sep 1, 2019",4.99,Somer Games,0,3,False,0
313740,Sakura Spirit,"Jul 9, 2014",9.99,Winged Cloud,0,5684,True,0
960820,Data mining 2,"Oct 25, 2018",1.03,Blender Games,0,14,False,0
1515820,Guns of Succubus,"Feb 27, 2021",6.99,RakuRai,0,41,False,0
237760,Intake,"Nov 6, 2013",9.99,Cipher Prime Studios,0,365,False,0
1022480,KAMIKO,"Jun 26, 2019",4.99,"SKIPMORE,ESQUADRA,inc.,Kan.Kikuchi",0,122,False,0
532080,Apocalypse Mechanism,"Jun 11, 2018",14.99,Mirage Interactive,0,7,False,0
415780,Bacon Rebellion,"Jan 8, 2021",3.99,Nauris Amatnieks,0,21,False,0
1166990,Kukoro: Stream chat games,"Nov 6, 2020",4.99,HeyNau,0,440,False,0
407420,Gabe Newell Simulator,"Dec 14, 2015",2.99,Antonio Renna,0,313,True,0
391280,Epic Manager - Create Your Own Adventuring Agency!,"Dec 12, 2016",17.99,ManaVoid Entertainment,0,156,False,0
1371730,A Little Bird,"Sep 17, 2020",9.99,Sum Co.,0,4,False,0
471770,"In Case of Emergency, Release Raptor","Aug 29, 2016",0.0,"Arcen Games, LLC",0,50,True,0
461830,Adventure Apes and the Mayan Mystery,"Jul 15, 2016",2.99,ScaryPotato,0,14,False,0
1376590,Sphere Game,"Aug 5, 2020",0.49,D.P.L.D.S,0,11,False,0
990840,Running Tadpoles,"Dec 21, 2018",0.99,Mr. Neighbor,0,0,False,0
1788730,No Crooks On Christmas,"Dec 3, 2021",0.0,Taryn McMillan,0,0,False,0
1412580,Sword of Destiny,"Nov 20, 2020",0.99,Talha Emre Gülap,0,123,False,0
889280,Marginalia,"Oct 1, 2019",5.99,"Connor Sherlock,Cameron Kunzelman",0,36,False,0
1277310,Saving You From Yourself,"May 14, 2020",0.0,Taylor McCue,0,28,False,0
1600600,ZAR,"Apr 26, 2021",9.99,PancakeGames,0,13,False,0
1302460,Turbo Shot,"Jan 13, 2022",0.0,Wizard Games Inc,0,0,False,0
869840,Feather Of Praying 羽翼的祈愿,"Jun 6, 2018",1.99,秋之忧郁,0,195,False,0
438490,GOD EATER 2 Rage Burst,"Aug 29, 2016",49.99,"BANDAI NAMCO Studio,SHIFT,QLOC",0,3145,False,0
1187250,Consumed Awakening,"Jun 21, 2020",10.99,Birchislet Gaming,0,3,True,0
1541450,Must Reach,"Feb 21, 2021",3.99,Reforged Group,0,2,False,0
656070,Better Off Tread,"Sep 12, 2017",0.0,"Pixel Constructor, LLC.",0,54,False,0
1495080,Asian Riddles 4,"Feb 2, 2021",4.99,Creobit,0,8,False,0
406930,Epic Showdown,"Oct 27, 2015",4.99,Naloki,0,16,False,0
855010,270 | Two Seventy US Election,"May 31, 2018",0.0,Political Games LLC,0,541,False,0
312540,Ys VI: The Ark of Napishtim,"Apr 28, 2015",19.99,Nihon Falcom,0,843,False,0
1028340,Spare Teeth VR,"Dec 12, 2019",3.99,L2D,0,8,False,0
368570,Beat Da Beat,"Mar 10, 2016",1.99,2 players,0,417,False,0
270880,American Truck Simulator,"Feb 2, 2016",19.99,SCS Software,0,104521,True,0
1671200,Honkai Impact 3rd,"Oct 21, 2021",0.0,miHoYo Limited,0,0,False,0
959410,The Endless Empty,"Nov 3, 2018",3.99,Erik Sheader-Smith,0,92,False,0
1273250,Breakpoint,"Sep 24, 2020",4.99,Studio Aesthesia,0,145,True,0
913440,Mahjongg The Ultimate Collection 2,"Aug 13, 2018",6.99,Gunnar Games,0,8,False,0
959050,Bound Up & Squirming!,"Apr 25, 2019",4.99,Stegersaurus Software Inc.,0,30,False,0
991230,Highway of death,"Dec 18, 2018",1.99,Laush Dmitriy Sergeevich,0,22,False,0
1580640,银魂：Silver Soul,"Apr 8, 2021",0.99,秋太虚工作室,0,9,False,0
1808860,Pizza Man,"Dec 5, 2021",0.49,Artur Rezende,0,7,False,0
1338130,Popo's Tower,"Jun 10, 2020",2.99,Sokpop Collective,0,16,False,0
589220,UAYEB: The Dry Land - Episode 1,"Jan 31, 2018",12.99,ICA GAMES,0,52,False,0
993750,Girls & sweets,"Dec 24, 2018",1.99,Multiblender Games,0,1,True,0
903790,Card Battle Spirit Link,"May 2, 2020",9.99,Speedrobo Games,0,3,False,0
1508980,Cheese Runner,"Jul 14, 2022",2.99,Kai Hutchence,0,7,False,0
1208040,Axiel,"Dec 27, 2019",1.99,RawEgg,0,0,False,0
408920,Krai Mira: Extended Cut,"Jul 11, 2016",9.99,TallTech studio,0,143,False,0
1217510,Terminal Singularity,"Jul 17, 2020",0.0,Moustache Cabal,0,4,True,0
1417190,Gravity Mummy,"Sep 22, 2020",2.99,Luci Entertainment,0,21,False,0
1386330,Funanigans: Party Games,"Sep 27, 2020",9.99,Eric Peterson,0,1,True,0
1776860,Tank Sudoku,"Apr 29, 2022",4.99,Meekrab Games,0,1,False,0
1227000,Black Butterfly,"Feb 7, 2020",1.99,Rafael Braza,0,19,False,0
1285820,Virus Kombat,"May 12, 2020",0.99,Artur Rezende,0,3,False,0
394960,The Facility,"Sep 3, 2015",0.0,PolyDigital,0,3,False,0
747110,Kamboja,"Mar 15, 2018",2.99,"Rotciv Ocnarb,João Humming Luiz",0,3,False,0
733990,I Can't Believe It's Not Gambling,"Dec 11, 2017",0.99,Mutant Entertainment Studios,0,1359,True,0
1998840,Arcadia,"May 30, 2022",1.99,Imagine,0,0,False,0
704760,Grimrush,"Nov 30, 2017",0.99,Merge Heroes,0,10,False,0
528460,Rogalia,"Oct 15, 2018",0.0,"TatriX,Nanalli",0,336,True,0
1457490,Chuckle Phrase Builder,"Sep 6, 2021",0.0,The LOL team,0,0,False,0
12670,Mission Runway,"Jul 17, 2009",9.99,Virtual Playground,0,13,False,0
765860,Leisure Suit Larry 5 - Passionate Patti Does a Little Undercover Work,"Dec 18, 2017",4.99,"Assemble Entertainment,Sierra Entertainment",0,19,False,0
1514580,The Great Chicken Thief,"Apr 16, 2021",1.99,One Guy Productions,0,1,False,0
1431040,Golazo! Soccer League,"Nov 2, 2020",8.99,Purple Tree S R L,0,132,False,0
1579590,SDST: Deluxe,"Apr 5, 2021",0.99,Banana Cat,0,8,False,0
1553850,Tartaron,"Mar 4, 2021",0.99,TartaronDev,0,2,True,0
1875560,Mare,"Mar 31, 2022",11.99,Visiontrick Media,0,15,False,0
1143810,Black Skylands,"Jul 9, 2021",19.99,Hungry Couch Games,0,979,False,0
1321220,Real Farm – Gold Edition,"Jun 24, 2021",19.99,SOEDESCO,0,3,False,0
1500750,牛头人迷宫/Tauren maze,"Feb 1, 2021",0.99,MT Games,0,23,False,0
1845890,Sanctuary Saga: Prelude Playtest,"Dec 10, 2021",0.0,Unknown,0,0,False,0
1819900,Shootvaders: The Beginning,"Dec 11, 2021",4.99,Went2Play LLC,0,2,False,0
1433070,Into the Pyramid,"Jan 1, 2021",0.0,Aisukaze Studio,0,3,False,0
45750,Lost Planet® 2,"Oct 15, 2010",0.0,"CAPCOM CO., LTD.",0,1640,False,0
850710,Skip's Sanity,"May 24, 2018",0.0,David Donarumo,0,11,False,0
821860,Secret Laboratory,"Mar 27, 2018",0.99,Falco Software,0,3,False,0
1836970,堕天者 ~Back to Origin~,"Mar 22, 2022",0.0,crobatspr,0,0,False,0
577850,Tiny Wheels,"Jan 6, 2017",1.99,Wonder Assembly,0,22,False,0
1715970,ZEE.END,"Sep 14, 2021",13.99,T.LEE,0,14,False,0
1008000,Aetheria Online,"Feb 1, 2019",0.0,Zachary Hodges,0,59,False,0
1006920,Pull Ball,"Jan 18, 2019",0.59,Nichengun,0,11,False,0
1011310,PARSE ALLY,"Feb 4, 2019",2.99,wHDinc.,0,1,False,0
536950,Legend of Ares,"May 31, 2017",0.0,Bono Games,0,30,False,0
1669350,Fingun,"Mar 18, 2022",3.24,Pixelteriyaki,0,0,False,0
1436810,The Door in the Basement,"Apr 21, 2021",10.99,Aegon Games,0,78,False,0
2050890,ZombWave,"Jul 8, 2022",1.99,Matúš Kačeriak,0,0,False,0
1280780,War on the Sea,"Feb 2, 2021",39.99,Killerfish Games,0,1421,False,0
994200,天际起源 The Ark of Horizon,"Mar 13, 2019",0.0,MiaoXi Studio,0,352,False,0
1148680,Austerlitz,"Oct 3, 2019",4.99,"Turcan Research Systems,PSS",0,2,True,0
1347390,Beaver Fun™ River Run - Steam Edition,"Jun 26, 2020",2.99,Soul of SysOp LLC,0,1,False,0
460630,Trouble Witches Origin - Episode1 Daughters of Amalgam -,"Nov 21, 2016",9.99,Studio SiestA,0,160,False,0
562050,Liquid Pinball,"Nov 24, 2016",0.99,RunServer,0,68,True,0
613880,Zoo Tycoon: Ultimate Animal Collection,"Sep 14, 2018",19.99,"Frontier Developments,Asobo Studio",0,909,False,0
2003160,Ghosts Of Tabor Playtest,"May 19, 2022",0.0,Unknown,0,0,False,0
371710,Age of Castles: Warlords,"May 15, 2015",2.99,Anarchy Enterprises,0,19,False,0
1959400,Arobynn: The First Adventure,"May 2, 2022",4.99,Jace Of Shadows Gaming LLC,0,0,False,0
1420080,Wonder Boy: Asha in Monster World,"Jun 28, 2021",34.99,"G CHOICE,Monkey Craft",0,82,False,0
38160,Farm Frenzy 3: American Pie,"Feb 15, 2010",9.99,Alawar,0,7,False,0
1283430,Fighting Fiends,"Nov 9, 2021",0.0,Lex de Kogel,0,39,False,0
703000,"Beer, Babes and Dragons","Sep 15, 2017",1.99,Kristof De Meyer,0,4,False,0
1071220,"After I met that catgirl, my questlist got too long!","Feb 18, 2021",12.99,Rascal Devworks,0,89,False,0
536430,The Revenge of Johnny Bonasera: Episode 1,"Oct 31, 2016",3.99,Rafael García,0,49,True,0
742990,Sanguo: War Under Heaven,"Dec 17, 2018",0.0,Telestic Studios,0,6,False,0
1000040,细胞战争,"Mar 30, 2019",1.99,DoubleC Games,0,0,False,0
380990,B.A.D Battle Armor Division,"Aug 18, 2015",5.99,Crian Soft,0,27,False,0
565080,Negligee: Spring Clean Prelude,"Aug 6, 2021",0.0,Dharker Studio,0,0,False,0
377010,Easy Spanish™ Platinum,"Jan 18, 2017",23.99,Individual Software,0,0,False,0
1630760,Infinity Valley,"Jul 9, 2021",1.99,LionSpoon Dream,0,6,False,0
612440,The Cable Center - Virtual Archive,"Apr 6, 2017",0.0,The Cable Center,0,9,False,0
327980,Dragon Fantasy: The Volumes of Westeria,"Apr 9, 2015",9.99,Muteki,0,36,True,0
1692190,p4gp4_bt Playtest,"Apr 11, 2022",0.0,Unknown,0,0,False,0
266330,Ethan: Meteor Hunter,"Feb 7, 2014",9.99,Seaven Studio,0,140,False,0
1436990,Feign,"Oct 23, 2021",4.99,tenekekafalarstudios,0,1697,False,0
654710,Ashes,"Jun 28, 2017",0.99,FurGoldGames,0,36,False,0
873250,Crimson Light,"Jun 18, 2018",0.0,Nandee,0,10,False,0
1863380,NoiseBox.噪音盒子 Playtest,"Jan 20, 2022",0.0,Unknown,0,0,False,0
868570,Prototype Mansion - Used No Cover,"Jul 19, 2018",4.99,Jupiter Lighthouse Games,0,24,True,0
1571600,Dark Romance: Sleepy Hollow Collector's Edition,"Mar 19, 2021",9.99,Domini Games,0,14,False,0
1605190,Connect The Dots,"Aug 12, 2021",1.99,Pankabre,0,7,False,0
635900,Tunnels of Despair,"Mar 16, 2018",5.99,BearFighterDev,0,44,False,0
1789660,The story of archer,"Nov 9, 2021",10.99,Enoops,0,16,False,0
1236700,Goddess of Hentai,"Feb 25, 2020",0.99,Reaper Games,0,0,False,0
590600,LifeBase,"Mar 23, 2017",12.99,Patryk Szuberla,0,1,False,0
870010,Mazes and Mages,"Jun 15, 2018",0.0,Juan Jose Garrido Gomez,0,0,False,0
1192610,ANIME REDEMPTION,"Feb 10, 2020",1.99,Konnichiwa Games,0,110,False,0
457690,Hotel Blind,"Apr 5, 2016",1.99,Serellan LLC,0,9,False,0
371120,Discouraged Workers,"Sep 16, 2015",14.99,YGGDRASIL STUDIO,59,61,True,98
1018950,What The Fork,"Oct 15, 2020",17.99,Bit2Good Ug,0,1,False,0
1786280,Puzzle Art: Primates,"Oct 26, 2021",0.49,My Label Game Studio,0,1,False,0
910460,Rocket of Whispers: Prologue,"Sep 12, 2018",0.0,SIGONO INC.,0,144,False,0
760520,Dough,"Mar 20, 2018",11.99,Ermao Animation,0,3,False,0
1251270,Istoria,"Apr 7, 2020",8.49,ProjectAscha,0,0,False,0
226780,MUD Motocross World Championship,"Feb 26, 2013",9.99,Milestone S.r.l.,0,67,False,0
251990,Long Live The Queen,"Nov 8, 2013",9.99,Hanako Games,0,6383,True,0
1137770,Avalive,"Nov 1, 2019",3.99,"Avamoe,HuiHut",0,9,False,0
543240,√Letter - Root Letter -,"Jul 7, 2017",1.99,"DRAGAMI GAMES, LTD.",0,379,False,0
1822490,一花一世界 | The Lotus,"Feb 24, 2022",0.99,zh大番薯,0,4,False,0
764180,Cross of Auria,"Dec 31, 2017",0.0,Hardytier,0,12,False,0
1534520,STRAY KITTEN,"Feb 19, 2021",0.99,LTZinc,0,52,False,0
854190,Russian Gangsta In HELL,"May 9, 2018",0.49,Nikita Ghost_RUS,0,22,False,0
1375850,AHH!!! MazeZing,"Aug 10, 2020",0.99,Keffny Charles,0,0,False,0
984610,Mech Merc Company,"May 1, 2020",11.99,Michael Shoots,0,72,False,0
1342790,GangV | VR & PC Battle Royale,"Apr 16, 2021",10.49,raptor lab,0,321,False,0
1950050,Project Utgardr Playtest,"Apr 25, 2022",0.0,Unknown,0,0,False,0
1285940,Briefcase Inc.,"May 1, 2020",0.99,Çağatay Demir,0,17,False,0
1732210,Tile Runner,"Sep 28, 2021",0.0,"Ishaan Kale,Mihir Kale",0,0,False,0
1778110,Alone In The Mars,"Nov 9, 2021",1.99,ImperiumGame,0,4,False,0
1123730,ROD,"Sep 5, 2019",2.99,Ivory Tower,0,0,False,0
837780,Coin-Op Kingdom,"Aug 9, 2018",7.99,Canalside Studios,0,7,False,0
11370,Nikopol: Secrets of the Immortals,"Jul 30, 2009",4.99,White Birds,0,190,False,0
1524690,Chess Brain: Dark Troops,"Feb 4, 2021",0.99,Caio Flavio,0,37,False,0
1271280,Rift Wizard,"Sep 1, 2021",14.99,Dylan White,0,674,False,0
898260,Juliantli,"Aug 30, 2018",0.99,stardust.ch,0,20,False,0
426930,Moonshot,"Dec 21, 2015",4.99,Pump Action Games,0,84,False,0
499540,Wake Up,"Aug 9, 2016",0.0,Black Cell OG,0,72,False,0
598620,Mystery Riddles,"Mar 15, 2017",8.99,AnaWiki Games,0,4,False,0
1102140,Glizzy Gobbler,"May 24, 2022",7.99,TGMB Studio,0,1,False,0
1143900,Shapeshooter,"Oct 22, 2020",0.49,NukGames,0,10,False,0
606230,Thea 2: The Shattering,"May 13, 2019",24.99,"MuHa Games,Eerie Forest Studio",0,1466,False,0
1601260,Project Scav,"Sep 30, 2021",14.99,"Cannabis,Meta",0,0,False,0
894090,Maze Gold Run,"Sep 24, 2019",5.99,Savestar Games,0,3,False,0
1207390,Ghosts'n DJs,"Feb 6, 2020",0.0,Dr. Kucho! Games,0,111,False,0
1797590,Last Space Guardian,"Feb 12, 2022",0.99,Douglas Henrique Luciano,0,4,False,0
508790,Flat Heroes,"Sep 8, 2016",9.99,Parallel Circles,0,410,True,0
1084920,Fatal Evidence: Cursed Island Collector's Edition,"May 24, 2019",9.99,Domini Games,0,8,False,0
1146350,Urban riots,"Sep 9, 2019",0.99,kiki,0,2,False,0
654260,旧手表 - Old Watch,"Dec 20, 2017",9.99,灰烬天国,0,536,False,0
828740,Tales of the Neon Sea,"Apr 29, 2019",16.99,Palm Pioneer,0,2250,False,0
454680,MetaTron,"Dec 19, 2016",0.0,TubbyKiD UG (haftungsbeschränkt),0,49,False,0
449040,Jesus Christ RPG Trilogy,"Mar 18, 2016",0.0,Wholetone Games,0,1276,False,0
219830,King Arthur's Gold,"Nov 5, 2013",0.0,Transhuman Design,0,4137,True,0
1913550,Aces Under the Moonlight™,"Jun 3, 2022",0.0,Inferno of Creation LLC,0,0,False,0
1192500,GraFi Christmas,"Nov 22, 2019",1.03,Blender Games,0,9,False,0
1554600,Wife Quest,"Sep 30, 2021",5.99,Pippin Games,0,90,False,0
1155230,Extend Desktop,"Sep 21, 2019",1.99,chengcong,0,2,False,0
720030,Indecision.,"Feb 8, 2018",4.99,Bilge Kaan,0,469,False,0
1086140,Weaving,"Jun 4, 2019",0.99,Bitlock Studio,0,1,False,0
1535420,Stream Toys by Zokya,"Jun 30, 2022",0.0,Zokya Media,0,2,True,0
415920,Voidspire Tactics,"Nov 2, 2015",14.99,Rad Codex,0,206,False,0
1507600,Tail Trail,"Apr 29, 2021",7.99,Mohammad Arkobi,0,9,False,0
240340,Space Ace,"Aug 27, 2013",9.99,Digital Leisure Inc.,0,108,True,0
1544810,HANDMADE CARPROGRAM,"Mar 15, 2021",4.99,"ストロングツリー(HusHucHuライス),Strong Tree (HusHucHu Rice)",0,0,False,0
793030,Asteroid Defender!,"Mar 13, 2018",1.99,Gray Wolf Interactive LLC,0,3,False,0
1514730,The Dream of Shadowlands Episode 2,"Jun 22, 2022",3.99,Catalina Zavaleta,0,2,False,0
1487100,Lost to Time,"Feb 11, 2021",9.99,Ephemeral Glades Software,0,6,False,0
726000,No King No Kingdom,"Feb 16, 2020",14.99,Fullmetal Developer,0,90,False,0
2010540,SEARCH ALL - BITCOIN,"Jun 12, 2022",1.99,Laush Dmitriy Sergeevich,0,2,False,0
1871390,VSS - Virtual Streaming Software,"Jan 26, 2022",0.0,Betroix,0,0,False,0
651670,Star Renegades,"Sep 8, 2020",24.99,"Massive Damage, Inc.",0,1783,False,0
987710,BLASK,"Jan 14, 2019",2.99,SmallBigSquare,0,15,False,0
951050,Another Hardcore Game,"Oct 31, 2018",1.99,Ninba,0,19,False,0
1550630,Radon Blast,"Feb 27, 2021",1.19,EntwicklerX,0,6,False,0
1711530,Justice Chronicles,"Dec 2, 2021",14.99,"Hit-Point Co.,Ltd.",0,3,False,0
1011420,Bus Mechanic Simulator,"May 14, 2020",24.99,"VIS-Games,Darius Bode",0,82,False,0
1411460,Z Arena,"Jun 10, 2021",14.99,Basem Alasmar,0,6,False,0
680250,The Mirage : Illusion of wish,"Nov 15, 2017",7.99,APPLEMINT,0,1,False,0
1915740,Siren's Call,"Apr 15, 2022",0.0,ThePenSword,0,0,True,0
1421410,Nectar of the Gods,"Jan 27, 2021",0.0,Ben Thomas,0,18,False,0
1275660,Sanity of Morris,"Mar 23, 2021",14.99,Alterego Games,0,38,True,0
781520,Ayahuasca: Polyventure,"Jan 28, 2018",3.99,Eternity Studios,0,16,True,0
1559930,Dialogue Box: The Road Less Traveled,"Apr 28, 2022",0.0,TomerSSH Games,0,0,False,0
1479540,Dragon Mission,"Jan 21, 2021",4.99,Ideal Games,0,14,False,0
1854510,Billiards of the Round Table (BRT),"Mar 10, 2022",4.99,Moustache Cabal,0,2,True,0
1462560,Holostar Command - Quantum Alliance,"Apr 30, 2021",2.99,"Michelle Signs,Paul Kueber",0,0,False,0
1314290,How To Punish A Witch,"Jun 23, 2020",1.99,Peach Beach,0,0,False,0
1753100,舔狗模拟器,"Nov 5, 2021",2.49,Studio Six,0,66,False,0
1554970,Rogue Spirit,"Sep 1, 2021",19.99,Kids With Sticks,0,96,False,0
211200,Beyond Oasis,"May 2, 2012",0.99,Unknown,0,0,True,0
612590,Mouse Playhouse,"Mar 31, 2017",0.0,Tinkertainment,0,43,False,0
700170,Deserving Life,"Oct 13, 2017",0.0,"Lukas Paul, Gabriel Mittermair",0,96,False,0
798590,Elven Love,"Mar 16, 2018",3.74,Red Vibe Studio,0,70,False,0
718740,Chop Chop Princess!,"Nov 8, 2017",6.99,Spectre EU,0,2,False,0
481950,Emily: Displaced,"Jul 26, 2016",14.99,Bossa Studios,0,6,False,0
113420,Fallen Earth Classic,"Feb 22, 2012",0.0,Little Orbit,0,4293,False,0
714880,大乱斗 Chaos Battle,"Oct 13, 2017",5.99,绿叶工作室,0,3,False,0
328550,Thieves' Gambit: The Curse of the Black Cat,"Oct 17, 2014",2.99,Choice of Games,0,24,True,0
429430,Tyrfing  Cycle |Vanilla|,"Apr 15, 2016",1.99,Demon Sword Games,0,8,False,0
1511130,Decabristov Street,"Feb 16, 2021",0.99,Pugalo Ogorodnoe,0,0,False,0
454540,LuckCatchers,"Nov 15, 2016",0.0,DiP Online,0,438,False,0
829260,Morning Never Comes,"Apr 6, 2018",0.99,7 Box Games,0,28,False,0
1384990,魔法考核冒险,"Aug 25, 2020",1.99,阿柒不爱日期,0,2,False,0
1108020,Bepuzzled Jigsaw Puzzle: Sweets,"Jul 12, 2019",1.99,Team Spikkeee,0,1,True,0
781760,Trivia Vault: Health Trivia Deluxe,"Jan 23, 2018",1.49,Ripknot Systems,0,39,False,0
988070,All Of ZHEM,"Mar 29, 2019",3.99,KOEX studio,0,0,False,0
1222370,Necromunda: Hired Gun,"May 31, 2021",39.99,Streum On Studio,0,3384,False,0
533960,Scary Humans,"Oct 26, 2016",9.99,Gabhel Games,0,6,True,0
1152200,Furry Shakespeare: Love's Lizards Lost,"Feb 21, 2022",4.99,Stegalosaurus Game Development,0,0,True,0
760640,Tennis Elbow 4,"Jun 4, 2021",29.99,Mana Games,0,185,False,0
22380,Fallout: New Vegas,"Oct 19, 2010",9.99,Obsidian Entertainment,0,154845,False,0
1678450,StOoPiD Puzzle Game,"Jul 23, 2021",1.99,"StOoPiD_U,Nick90903",0,10,False,0
1475940,Electrodash,"Dec 3, 2020",1.99,EODE studio,0,0,False,0
529780,Disturbed,"Oct 3, 2016",0.0,iBlackpen,0,1524,True,0
753090,Marius,"Jan 5, 2018",0.0,Granola Studios,0,14,False,0
499230,SurvHive,"Aug 1, 2016",14.99,Rocking Hamster,0,51,False,0
1136240,Crowd Control,"Sep 20, 2019",0.0,Sugoi Yellow,0,30,False,0
450390,The Lab,"Apr 5, 2016",0.0,Valve,0,5105,False,0
1907420,SEARCH ALL - MUSHROOMS,"Mar 1, 2022",1.99,Laush Dmitriy Sergeevich,0,19,False,0
1268840,Project Toon Tanks,"Apr 1, 2020",5.99,Behnam Saeedi,0,1,False,0
1050910,GALAXY MONSTER,"Apr 5, 2019",7.99,Small Games,0,0,False,0
403100,Rescue Team 3,"Sep 23, 2015",4.99,Alawar Entertainment,0,43,False,0
1245930,Flaming Friday Night,"Mar 13, 2020",0.0,HiderumStudios,0,3,False,0
1021260,Chocolate makes you happy: St.Patrick's Day,"Feb 6, 2019",0.99,Blender Games,0,21,False,0
837720,Tactical Mind,"Apr 27, 2018",2.99,"Drageus Games S.A.,Qubic Games",0,4,False,0
1548540,Z.O.M.B.I.E.,"Mar 5, 2021",1.09,LTZinc,0,26,False,0
1497800,Armored Front Playtest,"Jan 15, 2021",0.0,Unknown,0,0,False,0
463150,BARRIER X,"May 27, 2016",2.99,Noclip,0,1922,False,0
514700,Mystery Case Files®: 13th Skull™ Collector's Edition,"Aug 18, 2016",9.99,Big Fish Games,0,65,False,0
1769630,Grim Tales: Crimson Hollow Collector's Edition,"Sep 24, 2021",9.99,Elephant Games,0,7,False,0
1898570,Square Knight,"Apr 30, 2022",1.99,danilomacb,0,8,False,0
1821150,Connectify,"Dec 10, 2021",0.99,NikiGames,0,2,False,0
1572220,Guns and Grapples,"Nov 1, 2021",11.99,Bit Shifters,0,6,False,0
508710,Project Lounge,"Jul 9, 2021",0.99,Aivaras Ivoškus,0,52,False,0
1347130,Kinetic Edge,"Feb 5, 2021",7.99,SCT,0,20,False,0
1689930,Alley Cat Bowling,"Jul 23, 2021",1.99,"Alley Catz Games,Hazy Paw Games Inc",0,9,False,0
910540,Moon River,"Jan 7, 2019",3.99,Cerdeira Guillaume,0,9,True,0
514920,Crash Wheels,"Dec 20, 2018",4.99,Quiet River,0,884,False,0
1286030,Mad Bulldozer,"May 23, 2020",1.99,GoFencing Studio,0,0,False,0
574180,Remnants,"Mar 5, 2021",15.99,Immortal Hand Studios,0,492,False,0
1680530,3AM,"Oct 29, 2021",9.99,Richard Edwards,0,6,False,0
550600,Sphere Complex,"Nov 18, 2016",4.99,OC Game Studio,0,1,False,0
1492590,Let's Learn Japanese: Deluxe,"Jan 1, 2021",2.99,GZ Storm,0,5,False,0
1173870,Endless Knight,"Dec 31, 2019",6.99,Will Sykes Games,0,42,False,0
1806430,Injoku Byoutou,"Dec 20, 2021",29.99,POSITION,0,0,False,0
826170,Laser Ball,"Mar 30, 2018",2.99,ZaxtorGameS,0,8,False,0
643900,Alvora Tactics,"Jun 1, 2017",9.99,Rad Codex,0,100,False,0
1222610,Model Kit Simulator VR,"Jan 22, 2020",0.99,Chun Y.,0,9,False,0
598030,REVOLT 1917,"Apr 11, 2018",1.99,juhbee,0,3,False,0
352950,Better Late Than DEAD,"Mar 3, 2016",4.99,Odin Game Studio,0,257,False,0
385800,NEKOPARA Vol. 0,"Aug 17, 2015",2.99,NEKO WORKs,0,15877,False,0
1305880,Apparitions: Kotsmine Hills,"Sep 1, 2020",4.99,Star Mountain Studios,0,0,False,0
978460,Emily is Away <3,"Apr 16, 2021",9.99,Kyle Seeley,0,3508,False,0
1604460,JAM GODS Playtest,"Jun 13, 2021",0.0,Unknown,0,0,False,0
2012200,RhyVerse Playtest,"Jun 2, 2022",0.0,Unknown,0,0,False,0
1287450,Ultimate Chess,"Apr 24, 2020",0.99,Penultimate Software,0,4,False,0
1125800,Endless Ski,"Dec 16, 2019",0.99,So-So-Games,0,9,False,0
700520,Shift Quantum - A Cyber Noir Puzzle Platformer,"May 29, 2018",19.99,Fishing Cactus,0,58,False,0
1154210,Convenience Store,"Oct 3, 2019",14.99,ChaoYe Liu,0,16,False,0
388010,Tick: The Time Based Puzzle Game,"Aug 20, 2015",2.99,Fingertip Games UK,0,4,False,0
1409190,Super Walrus Entertainment System,"May 6, 2021",0.0,Super Walrus Games,0,0,False,0
681760,DIVER - SEA SURVIVAL SIMULATOR,"Sep 3, 2017",11.99,Theodor Niklas,0,1,False,0
1755240,Moon Runner,"Jun 18, 2022",0.0,Fractal Interactive,0,0,False,0
842770,Deadfall Tropics,"May 10, 2018",4.99,Studio Jimothy,0,12,False,0
1409600,回纹平台跳跃,"Sep 29, 2020",0.99,都要恰饭的,0,0,False,0
1455650,Facing,"Apr 8, 2021",4.99,Zzwei,0,18,False,0
697930,Brutal Runner,"Oct 13, 2017",0.99,ANV Team,0,49,False,0
1271260,Land of Screens,"Feb 4, 2022",5.99,Serenity Forge,0,40,False,0
859610,S.T.R.E.T.C.H.,"May 18, 2018",0.99,ARGames,0,10,False,0
644670,DEUS VULT | Online VR sword fighting,"May 26, 2017",4.99,raptor lab,0,94,False,0
710920,Darksiders Genesis,"Dec 5, 2019",29.99,Airship Syndicate,0,8056,False,0
1190000,Car Mechanic Simulator 2021,"Aug 11, 2021",24.99,Red Dot Games,0,13649,False,0
1131750,Alien Squatter,"Sep 30, 2019",0.0,"A. Hagen,Shea Kennedy",0,56,False,0
1390340,Hentai Fighter,"Oct 7, 2020",14.99,jcute entertainment,0,0,False,0
907190,GRITS Racing,"Mar 4, 2019",9.99,Muddy Desert,0,4,True,0
1362830,Bomber Dudes,"Jan 15, 2021",0.0,DoubleCherry Ltd,0,37,False,0
860590,MissileDancer,"Jun 1, 2018",8.99,TERARIN GAMES,0,12,False,0
1358430,War War,"Aug 6, 2020",3.99,Verto Studio LLC,0,1,False,0
1617560,Super Swarm Smash,"May 14, 2021",4.99,"Left Brain Games, Inc.",0,1,False,0
1455840,Dorfromantik,"Apr 28, 2022",13.99,Toukana Interactive,0,15920,False,0
1228960,Harolds Harem: The Neckoning,"Feb 13, 2020",5.99,WhiteVault Studio,0,8,False,0
1124810,Tower of the Alchemist,"Aug 8, 2019",0.99,六零道长,0,8,False,0
1253190,"Warhammer 40,000: Dakka Squadron - Flyboyz Edition","Feb 18, 2021",19.99,Phosphor Game Studios,0,264,False,0
1489600,Nix Umbra,"Nov 19, 2021",6.69,ilzard,0,55,False,0
1331530,Paws and Soul: First Step,"Jun 18, 2020",0.0,ELECTROSTALIN ENTERTAINMENT,0,39,False,0
1837980,Our Elusive Suffering,"Mar 26, 2022",0.0,Screenshakes,0,0,False,0
1241700,There Is No Game: Jam Edition 2015,"Mar 18, 2020",0.0,Draw Me A Pixel,0,5024,False,0
566250,Project Almighty,"Dec 5, 2017",0.99,John C. Ragland,0,1,False,0
1715840,25 Layers of Pain,"Oct 13, 2021",0.0,Beautiful Void Studio,0,0,False,0
747230,Cosmic Buddies Town,"Jan 5, 2018",2.99,"Ghost Clusters,NYX Digital Ltd",0,2,False,0
1571480,Tiger Tank,"Apr 1, 2021",1.99,TIAN DA HAI,0,4,False,0
951440,Volcanoids,"Jan 29, 2019",19.99,Volcanoid,0,4096,True,0
1607570,Cute Girls Love Books,"May 1, 2021",1.99,玫瑰工作室,0,2,False,0
1577450,Nyaa-kuza!!,"Apr 13, 2021",0.0,Catzooka Studios L.L.C.,0,0,True,0
1237870,Boss Rush: Mythology,"Jul 10, 2020",0.99,Alexey Suslin,0,72,False,0
491060,League of Evil,"Oct 25, 2016",7.99,"Ratalaika Games S.L.,Woblyware",0,45,False,0
216210,Secret Files 3,"Sep 13, 2012",1.99,Animation Arts,0,88,False,0
867540,Honor Cry: Aftermath,"Jun 6, 2018",1.99,SimProse Studios,0,5,False,0
1245810,BitVault,"Mar 25, 2020",11.99,Enigma Dragons LLC,0,24,False,0
1361020,Living the Nightmare,"Sep 8, 2020",7.99,Reanimate Games,0,12,False,0
464340,Syberia 3,"Nov 13, 2017",29.99,Microids,0,1773,False,0
1635550,Truck Mechanic: Dangerous Paths - Prologue,"Jun 2, 2022",0.0,Atomic Jelly,0,0,False,0
1750740,战棋三国英雄,"Apr 1, 2022",16.99,Dreamers Studio,0,55,False,0
1147970,Abode 2,"Nov 7, 2019",14.99,Overflow,0,116,False,0
912790,Meteor,"Sep 8, 2018",0.99,Nidal alshawwaf,0,2,False,0
17100,Children of the Nile: Enhanced Edition,"Jul 8, 2008",7.99,"Tilted Mill Entertainment, Inc.",0,305,False,0
554290,Himawari - The Sunflower -,"Dec 9, 2016",34.99,blank-note & Frontwing,0,131,False,0
485630,Brazed,"Dec 16, 2016",0.0,Vladimir Maslov,0,24,False,0
302750,The Counting Kingdom,"Aug 5, 2014",6.99,Little Worlds Interactive,0,102,False,0
708630,Little Adventurer II,"Sep 21, 2017",0.9,hubiao,0,2,False,0
948850,魔神之战,"Feb 18, 2020",0.0,"Gooody Entertainment Co.,Ltd.",0,14,False,0
1156200,VirtuaLiron - Immersive YOGA practice,"Nov 14, 2019",3.99,Oshri,0,0,False,0
1569560,The Simplest Game,"May 5, 2021",1.99,Simple Studio,0,8,False,0
1213230,Rain on Your Parade,"Apr 15, 2021",14.99,Unbound Creations,0,538,True,0
1627920,QB Planets,"Aug 16, 2021",4.99,Madowl Games,0,2,False,0
581100,Langoth,"Feb 27, 2017",0.74,Atum Software,0,29,True,0
789700,Wendy’s Mart 3D,"Feb 15, 2018",0.99,MacProton Games,0,1,False,0
1061090,Jump King,"May 3, 2019",12.99,Nexile,0,7635,False,0
1171950,Dragon Little Fighters 2,"May 24, 2020",1.99,Blue Creazione,0,0,False,0
1340860,灰烬行星与填鸭少女,"Aug 8, 2020",199.99,世界末日高考组,0,6,False,0
500940,Get The Gems,"Nov 11, 2016",2.99,PSY LABS,0,28,False,0
1579300,Birb Café,"May 12, 2022",9.99,Birbgames,0,10,True,0
1672460,FLYING PUDDING,"Jul 6, 2021",3.99,KUMA,0,18,False,0
1444950,Demon Purge Saga,"Feb 19, 2022",1.99,IndigoWare,0,5,False,0
1112340,The Dreadful Whispers,"Sep 5, 2019",9.99,Blackthornprod,0,144,False,0
1418320,Puerto Viejo,"Sep 16, 2021",5.99,Bocata Games Ltd.,0,13,False,0
1021770,Wanba Warriors,"Mar 25, 2020",4.99,"Wanba Studio,BigYu",0,1806,False,0
391210,Arclight Cascade,"Aug 25, 2015",0.0,Hexdragonal Games,0,33,False,0
420070,Kill The Plumber,"Dec 31, 2015",4.99,"Keybol,Iskander Aminov",0,70,False,0
1620920,Guazu: The Rescue,"Jun 17, 2021",2.99,Guara Studios,0,44,False,0
1570330,West Hunt,"Jun 14, 2022",9.99,NewGen,0,57,False,0
922820,Lotus Bloom,"Feb 26, 2021",1.99,Bloomside Studios,0,15,False,0
1241500,Dirty Harry's Thunder Drive,"Feb 18, 2020",0.0,Thunder Clap,0,51,False,0
1624200,Thin Wick Playtest,"May 3, 2021",0.0,Unknown,0,0,False,0
484390,Hanger World,"Jan 24, 2018",3.99,A Small Game AB,0,27,False,0
494720,Morphblade,"Mar 3, 2017",4.99,Suspicious Developments,0,473,False,0
1201770,Colossals,"Dec 26, 2019",4.99,Isaac Birchmier,0,2,False,0
503620,Fictorum,"Aug 9, 2017",9.99,Scraping Bottom Games,0,772,False,0
550200,World Destroyers,"Mar 14, 2017",6.99,HardHead Games,0,6,False,0
1805040,Implements of Hell,"Nov 26, 2021",4.99,PsychoRavens,0,49,False,0
1102060,Gun Blaze,"Oct 15, 2019",5.99,Cybertime System,0,13,False,0
856270,Draid,"May 9, 2019",1.99,Bullet Bears,0,4,False,0
701970,Sliding Blocks,"Sep 11, 2017",0.59,Boogygames Studios,0,18,False,0
1114220,Gedonia,"Jun 1, 2020",11.99,Kazakov Oleg,0,1135,False,0
1787600,Dark Forest: The Horror,"Nov 4, 2021",10.99,"Maks Volegov,Gamesforgames",0,23,False,0
1899200,Bombardier,"Jul 21, 2022",6.99,Studio Squid Inc,0,0,False,0
490890,Ne no Kami: The Two Princess Knights of Kyoto,"Oct 26, 2016",9.99,Kuro Irodoru Yomiji,0,129,False,0
1225920,Pixelfence,"Jan 31, 2020",0.99,cBlck,0,4,False,0
1515990,Dizzy Two,"Feb 1, 2021",0.0,Semjon Uglev,0,26,False,0
908010,Farjob,"Aug 21, 2018",0.0,Simon Kaley,0,8,False,0
1060560,GNRBLEX,"Jul 25, 2019",0.0,Whamgames,0,6,False,0
1402580,No Place for the Dissident,"Nov 12, 2020",11.99,David M.,0,13,True,0
1325960,Pandemic: The Virus Outbreak,"Jun 4, 2020",1.49,John's Project,0,4,True,0
1707650,Swords and Sandals Immortals,"May 26, 2022",17.99,Whiskeybarrel Studios,0,290,False,0
1604640,Tender: Creature Comforts,"May 28, 2021",9.99,"Kenny Sun,Gideon Lazarus,Jie En Lee",0,46,False,0
1459540,Elephantasy,"Dec 7, 2020",9.99,Benjamin Maksym (Linker),0,20,False,0
849740,Love Esquire - RPG/Dating Sim/Visual Novel,"Oct 8, 2019",24.99,Yangyang Mobile,0,865,True,0
383180,Dead Island: Riptide Definitive Edition,"May 31, 2016",19.99,Techland,0,2964,True,0
355530,Last Word,"May 8, 2015",9.99,Twelve Tiles,0,309,True,0
1543340,Sheriff Exam,"May 17, 2021",7.99,ITC Studio,0,9,False,0
458730,Conception II: Children of the Seven Stars,"Aug 15, 2016",19.99,"Spike Chunsoft Co., Ltd.",0,494,False,0
549080,Tank Warfare: Tunisia 1943,"May 1, 2017",39.99,Graviteam,0,262,False,0
1399150,"VR Time Machine Travelling in ancient civilizations: Mayan Kingdom, Inca Empire, Indians, and Aztecs before conquest A.D.1000","Sep 2, 2020",9.99,William at Oxford,0,2,False,0
613420,BOROS,"Apr 6, 2017",4.99,Kraken Bit,0,24,True,0
1177990,Welcome to Primrose Lake,"Feb 10, 2020",9.99,SQRT3,0,12,False,0
1426730,The Immortal Mayor,"Jul 14, 2021",19.99,Star Chess Studio,0,1727,False,0
356190,Middle-earth™: Shadow of War™,"Oct 9, 2017",49.99,Monolith Productions,0,67538,False,0
1557100,Out Of The Shelter,"Mar 21, 2021",0.0,IMBA Games,0,7,False,0
1925100,illumizzle: Finding the lost light,"Apr 16, 2022",0.0,PanZeon,0,0,False,0
1439800,ASMR Journey - Animated Jigsaw Puzzle,"Nov 10, 2020",0.99,Leonardo Zufi,0,22,False,0
775940,Rise of Liberty,"May 30, 2019",3.99,Sandstorm Studios Inc.,0,1440,False,0
2024870,The Lobster Game,"Jun 21, 2022",4.99,Interactive Pixel Entmt.,0,0,False,0
392000,TRON RUN/r,"Feb 16, 2016",19.99,Sanzaru Games Inc.,0,280,False,0
915770,People Cu3ed,"Nov 7, 2018",9.99,Whitway Studios,0,7,False,0
299020,Runaway Express Mystery,"Sep 23, 2014",6.99,Icarus Games,0,33,False,0
1001980,Archeo: Shinar,"Sep 11, 2019",12.99,Artists Entertainment,0,80,False,0
1411870,Zball III,"Sep 17, 2020",1.99,334Sgame,0,7,False,0
300300,Ichi,"Jun 12, 2014",4.99,Stolen Couch Games,0,538,True,0
471550,Nine Parchments,"Dec 5, 2017",4.99,Frozenbyte,0,2742,False,0
1677180,Neko Hacker Plus,"Sep 20, 2021",2.99,Axyos Games,0,30,False,0
1957820,The Detail's In The Devils,"May 6, 2022",0.99,Cameron James Low,0,0,False,0
733430,The Escape,"Dec 29, 2017",6.99,The Escape Team,0,11,False,0
1724910,幻想曹操传 Fantasy of Caocao,"Jan 13, 2022",14.99,桑尼游戏,0,46,False,0
441640,VALENS,"Feb 18, 2016",7.99,Digitallion,0,7,True,0
1843350,RUKIMIN's Disappointing Adventure!,"May 23, 2022",0.0,RUKIMIN.,0,0,False,0
1150070,Mizari Loves Company,"Nov 13, 2019",19.99,Reine Works,0,0,True,0
993370,Killing Trials,"Feb 7, 2019",0.99,cBlck,0,6,False,0
1534340,Fi da Puti Samurai,"Mar 29, 2021",9.99,Zanardi and Liza,0,67,False,0
913740,WORLD OF HORROR,"Feb 20, 2020",14.99,panstasz,0,4796,False,0
1779710,SEARCH ALL - ANIMALS,"Oct 19, 2021",0.99,Laush Dmitriy Sergeevich,0,39,False,0
1470150,Low Story,"Jan 11, 2021",8.99,Engin Baştürk,0,8,False,0
843130,Squirgle,"Jun 25, 2018",2.99,Planar Gazer,0,0,True,0
642830,Milanoir,"May 31, 2018",12.99,Italo Games,0,72,False,0
1285630,"One Try, One Kill","Apr 28, 2020",0.49,Repa Games,0,41,False,0
1675410,"There May Be Ninety-Nine Of Us, But We Have To Win In Ninety-Nine Turns!","Jul 14, 2021",3.99,Cannibal Interactive,0,1,False,0
707010,Will To Live Online,"Apr 5, 2018",0.0,AlphaSoft LLC,0,9243,False,0
1519900,MASAGORO,"Mar 26, 2021",12.99,DorsalFin Studio,0,33,False,0
1782740,SPICESHIFTER,"Oct 19, 2021",24.99,OPG Katana,0,5,False,0
2026690,A toad well travelled,"Jul 3, 2022",5.99,Friday Night Software,0,1,False,0
769340,Zomby Soldier,"Jan 22, 2018",0.49,Tero Lunkka,0,15,False,0
1140890,Morbid: The Seven Acolytes,"Dec 3, 2020",24.99,Still Running,0,462,False,0
1905810,SCP: Vacation,"Mar 3, 2022",0.0,PeaPro,0,0,False,0
1339650,CHV: VR Trunk Escape,"Aug 6, 2020",2.99,Hacktop Studios,0,1,False,0
1936030,Card Girl Army,"Apr 7, 2022",3.99,小小游戏,0,12,False,0
1577320,Somewhere in the Shadow,"Aug 23, 2021",2.99,"Alexander Simashkevich,Nikolay Kulesh",0,351,False,0
580720,Carrier Deck,"Jun 15, 2017",9.99,Every Single Soldier,0,715,False,0
1753090,CYBERDAD,"Sep 23, 2021",0.0,Cyberpunk Enjoyers,0,0,False,0
1180520,Andromeda One,"Jan 19, 2020",0.0,Yann GEFFROTIN,0,12,False,0
889790,Incandescent 2,"Jan 18, 2019",0.99,Stephen Crabb,0,7,False,0
749920,Eternal Dread,"Mar 2, 2018",9.99,Hitbear Studio,0,36,False,0
517670,Cowbots and Aliens,"Nov 7, 2016",8.39,Wizard Games Inc,0,82,False,0
797450,Fantasy Mosaics 27: Secret Colors,"Mar 18, 2018",2.09,Andy Jurko,0,5,False,0
712000,Elder Chaos,"Oct 31, 2017",4.99,Emprom Game,0,35,False,0
1294770,Atlas Engine,"Sep 1, 2021",34.99,Professor Hephaestus,0,16,False,0
745660,Sockman,"Feb 1, 2018",3.99,Sockware,0,26,False,0
421040,Plantera,"Jan 28, 2016",2.99,VaragtP,0,4461,False,0
289340,Freight Tycoon Inc.,"Apr 3, 2014",4.99,Nikita,0,211,False,0
1233550,Rocket Arena,"Jul 13, 2020",4.99,Final Strike Games,0,1152,False,0
525050,Artisan: Going Home Again,"Sep 14, 2016",9.99,Unseen Kingdom Studios,0,14,False,0
1191620,Spidersaurs,"Jul 14, 2022",19.99,WayForward,0,8,False,0
1026940,Hei,"Apr 4, 2019",4.99,Goca Games,0,7,False,0
365960,rFactor 2,"Nov 12, 2015",7.99,Studio 397,0,4738,False,0
735060,The Forbidden Arts,"Aug 7, 2019",14.99,Stingbot Games,0,31,False,0
1143780,Graveyard Defender,"Aug 30, 2019",4.99,Pixel Cattus,0,6,False,0
683790,Tractorball,"Oct 4, 2017",1.99,Ninja Whale Studios,0,12,False,0
1388650,League Of Enthusiastic Losers,"Oct 13, 2021",11.99,yookond.,0,132,False,0
1035030,Funbag Fantasy: Sideboob Story,"Mar 28, 2019",44.99,Waffle,0,0,False,0
729950,Witch Hunters: Full Moon Ceremony Collector's Edition,"Nov 6, 2017",0.0,Top Evidence Studio,0,4,False,0
1497140,Hot Honey,"Jan 22, 2021",1.99,Sweet Games,0,0,False,0
1509420,Operation Airsoft Beta,"Jul 30, 2021",0.0,Cronux Games,0,0,False,0
223330,Sea Dogs: To Each His Own - Pirate Open World RPG,Dec 2012,14.99,BlackMark Studio,0,1495,False,0
1377280,Electioneering,"Oct 20, 2020",14.99,Cosmo's Tuxedo,0,3,True,0
708260,Text Wormhole,"Nov 2, 2017",6.99,Elknight,0,44,False,0
1494790,Crashers of Aetheria Playtest,"Dec 23, 2021",0.0,Unknown,0,0,False,0
1547990,Vivian's Kurse,"Feb 25, 2021",0.0,Damnskulls,0,2,False,0
1257810,I'm on Observation Duty 2: Timothy's Revenge,"Mar 23, 2020",2.99,Notovia,0,192,True,0
1260800,Rocking Legend,"Aug 6, 2020",17.49,Domuro Soft,0,39,False,0
386070,Planetary Annihilation: TITANS,"Aug 18, 2015",29.99,Planetary Annihilation Inc,0,10393,True,0
1586120,Becoming,"Apr 8, 2021",1.99,Atelier Becoming,0,3,False,0
1207650,Suzerain,"Dec 4, 2020",14.99,Torpor Games,0,3756,False,0
511280,Negligee: Spring Clean,"Aug 20, 2021",14.99,Dharker Studio,0,0,False,0
694060,Ignis Universia: Eternal Sisters Saga DX,"Dec 7, 2020",0.0,"Random Potion Oy,Hologram Monster Oy",0,136,False,0
1575580,The Royal Game of Ur 3D,"Apr 8, 2022",7.99,coder2k,0,9,False,0
755580,Daddy's gone a-hunting,"Dec 12, 2017",0.99,Wojciech Krupinski,0,5,False,0
1322550,Fear the Dark Unknown: James,"Dec 18, 2020",13.99,Dreamlight Games Studios SL,0,0,False,0
1236100,Of Evil and Darkness,"Mar 3, 2020",1.99,Jay Carvajal,0,2,False,0
872220,Delta-G,"Mar 16, 2020",0.0,Evols,0,13,False,0
795640,VINDICTA Arcade,"Oct 26, 2018",0.0,Game Cooks,0,0,False,0
489720,Conga Master,"Sep 14, 2016",9.99,Undercoders,0,54,True,0
378410,Patchman vs. Red Circles,"Oct 19, 2017",9.99,Naturally Intelligent,0,18,True,0
1622060,Dark Threads,"Aug 13, 2021",7.99,"Cream Digital Inc.,Be Curious Productions Inc.",0,16,False,0
1604350,Wonhon: The Beginning,"May 4, 2021",0.0,BUSAN SANAI GAMES,0,0,False,0
1659790,Fall Tower,"Jul 29, 2021",0.99,Mitsumaro,0,0,False,0
1414380,Monty Kong,"Nov 12, 2020",3.99,HUNTERS,0,3,False,0
686910,Delirium,"Aug 31, 2017",0.0,Night Whale,0,10,False,0
388660,Project Tarvotan,"Sep 25, 2015",0.99,FlagmanJeremy,0,18,False,0
330830,Tales from the Borderlands,"Feb 16, 2021",19.99,Telltale Games,0,15658,False,0
1315210,Ikai,"Mar 29, 2022",14.99,Endflame,0,124,False,0
248710,Iesabel,"Oct 11, 2013",0.54,Unknown,0,0,True,0
21680,Bionic Commando: Rearmed,"Jul 28, 2009",9.99,Capcom,0,566,False,0
765880,The Occupation,"Mar 5, 2019",29.99,White Paper Games,0,178,False,0
1358270,The Benjamins,"Sep 6, 2020",2.39,480 Games,0,0,False,0
305960,Dragon: The Game,"Nov 7, 2014",17.99,Sky Drake Studios,0,251,False,0
744420,Adventures Of Pipi,"Nov 10, 2017",0.49,Nikita Ghost_RUS,0,165,False,0
1236040,Mahasona,"Jun 20, 2020",2.99,RAM Studios,0,27,False,0
1567400,Yakyosho - Horror Escape BETA,"May 27, 2022",1.99,Kanashi Studio,0,25,False,0
760120,Your Toy,"Feb 27, 2020",15.99,Viva Games,0,5,False,0
659560,VITATIO,"Jul 28, 2017",1.99,ColloseusX,0,22,False,0
227480,God Mode,"Apr 19, 2013",0.0,Old School Games,0,1740,False,0
1726280,The Babysitter,"Sep 1, 2021",0.0,AlephOneHalf,0,0,False,0
1888170,Midnight Terror - The Beginning,"Mar 8, 2022",29.99,Vítor Caixeta,0,0,False,0
653190,spaceBOUND,"Sep 1, 2017",4.99,Gravity Whale Games,0,21,True,0
594410,Western Bank VR,"Dec 21, 2017",5.99,Gameplay Studio VR,0,6,False,0
570590,Solitaire VR,"Apr 20, 2017",1.99,"Babaroga, LLC",0,15,False,0
4000,Garry's Mod,"Nov 29, 2006",9.99,Facepunch Studios,0,822326,True,0
1078320,Public Defense Corp,"Dec 4, 2020",14.99,Clymenia,0,204,False,0
231060,Ragnarok Online 2,"May 1, 2013",0.0,"Gravity, Inc.",0,1796,False,0
1184530,Aurora - Hidden Colors,"Sep 2, 2021",4.99,Aurora - Mídia & Games,0,15,False,0
1089630,奇迹一刻 Surmount,"Feb 13, 2022",14.99,猫跑工作室,0,1213,False,0
1928650,Niflhel's Fables: The Book of Gypsies,"Jun 16, 2022",8.99,Dnovel,0,16,False,0
1050210,The Superlatives: Shattered Worlds,"Mar 28, 2019",4.99,Choice of Games,0,5,True,0
918740,Flat Trip,"Oct 3, 2018",0.0,Dmitriy Mamaev,0,20,False,0
1597400,LOST EGG 2: Be together,"Apr 29, 2021",2.99,KIMIDORI SOFT,0,150,False,0
1363090,群星战纪: 最终防卫线 - STARS ERA: THE FINAL DEFENCE,"Aug 21, 2020",0.99,AnimicGame,0,12,False,0
1169110,Super Bout: Champion's Tour,"Sep 10, 2021",1.99,"Strongkid, LLC",0,9,False,0
1321350,LV99: Final Fortress,"Jul 7, 2020",8.99,Great Potion Games,0,4,True,0
1143390,Ichor,"Sep 28, 2019",3.99,"Luke Palmer,Namaste Reid",0,3,False,0
1640080,Another Eye,"Jun 5, 2021",4.99,APRILGAMESTUDIOS,0,3,False,0
1776940,Fleshgait,"Feb 3, 2022",14.99,"So It Appears, INC.",0,0,False,0
1272830,Cube Projection,"Apr 18, 2020",6.99,bing,0,0,False,0
1502680,Dobo's Heroes,"May 14, 2021",5.99,Colossus Game Studio,0,20,False,0
628580,Miniballist,"Mar 13, 2018",4.99,Timberwolf Studios,0,22,False,0
1167530,Ailment,"Oct 23, 2019",5.99,Ivan Panasenko,0,5,False,0
1776000,Saturn Menace,"Jun 14, 2022",14.99,LFR Games,0,0,False,0
1592670,Soda Crisis,"May 23, 2022",10.99,Team Soda,0,1726,False,0
1635420,Gatling! Playtest,"May 14, 2021",0.0,Unknown,0,0,False,0
1214250,TIGER SYMBOLIC LINK KNIFE,"Jan 12, 2020",0.99,TigerQiuQiu,0,0,False,0
727460,Magic Tower,"Dec 31, 2017",0.99,夕,0,30,False,0
1753170,DKLS,"Sep 23, 2021",0.0,Pedro Gilabert,0,0,False,0
513710,SCUM,"Aug 29, 2018",34.99,Gamepires,0,55204,False,0
1774390,Alien Age,"Dec 1, 2021",5.99,Indie Wizards,0,3,False,0
1530,Multiwinia,"Sep 19, 2008",9.99,Introversion Software,0,427,False,0
1366720,Vidiot Game,"Aug 14, 2020",0.0,GZ Storm,0,156,False,0
644290,MEMORIES OF MARS,"Mar 12, 2020",19.99,Limbic Entertainment GmbH,0,981,False,0
1170290,Lovely Heroines,"Oct 16, 2019",4.99,Kavorka Play,0,8,False,0
996080,King's League II,"Nov 7, 2019",15.99,Kurechii,0,73,False,0
1931050,CyberScope,"Apr 21, 2022",1.99,Jacob Irwin,0,2,False,0
1381530,Mess Adventures,"Sep 30, 2020",2.99,Marvelous Games,0,349,False,0
1399670,Instant Farmer - Logic Puzzle,"Feb 5, 2021",1.99,Mens Sana Interactive,0,125,False,0
1072140,Rigid Chess,"May 15, 2019",12.99,RigidBody,0,1,False,0
1659270,Sprite Sequence Chapter 2,"Oct 14, 2021",2.99,Small is Beautiful Studio inc.,0,1,False,0
1587290,Witch of Mystery Tower,"Feb 28, 2022",9.99,30cm games,0,0,False,0
1008320,Epic Adventures: La Jangada,"Jan 20, 2019",3.99,Urchin Games,0,9,False,0
1035410,xMoon,"Jun 13, 2019",9.99,buffalo buffalo buffalo,0,2,False,0
1069710,Gear City Against Chaos,"Nov 15, 2019",0.99,"ZKW,ZKW",0,12,False,0
353540,Stephen's Sausage Roll,"Apr 17, 2016",29.99,increpare games,0,1157,True,0
749800,PixelJunk™ Monsters 2,"May 25, 2018",14.99,Q-Games Ltd.,0,134,False,0
951110,VR Cricket,"Dec 27, 2018",4.99,Hunter Games,0,1,False,0
915430,Triteckka: The pure shooter,"Sep 30, 2018",7.99,1MP,0,1,False,0
841680,Hazmat Hijinks: Total Meltdown,"Aug 1, 2018",9.99,Tod Powers,0,7,False,0
1702260,DEADCRAFT,"May 19, 2022",24.99,Marvelous Inc.,0,56,False,0
1495990,ClickCells: Summer,"Dec 22, 2020",0.49,Crew Lab,0,32,False,0
916510,Running Man 3D Part2,"Aug 23, 2018",0.99,GGaming,0,13,False,0
933660,In Memory,"Oct 11, 2018",0.0,BLAV,0,14,False,0
1464380,Eclipse,"Oct 7, 2021",13.99,MadRock,0,123,False,0
1693000,Within the Range,"Jul 28, 2021",11.99,Aries,0,154,False,0
464000,Arcade Saga,"Dec 8, 2016",0.0,2 Bears Studio,0,32,False,0
944330,Hunt and Snare,"Dec 17, 2018",29.99,"Ruffleneck,Hare,Drathek",0,0,True,0
1113680,Hentai Girl Division,"Aug 15, 2019",1.99,Mature Games,0,507,False,0
396820,Mass Destruction,"Aug 24, 2015",4.99,NMS Software,0,6,False,0
839180,Nine-Slicer,"Aug 22, 2019",9.99,Gilligames,0,1,False,0
71250,Sonic Adventure DX,"Mar 4, 2011",7.99,SEGA,0,9673,False,0
585910,Wild Guns Reloaded,"Jul 11, 2017",14.99,NatsumeAtari Inc.,0,282,False,0
1301830,Shatris: Infinite Puzzles,"Dec 18, 2020",0.74,Khud0,0,20,True,0
470220,UNO,"Jan 3, 2017",9.99,Ubisoft Entertainment,0,29975,False,0
681730,Nowhere Prophet,"Jul 19, 2019",24.99,Sharkbomb Studios,0,672,True,0
1689410,Armada,"Aug 9, 2021",0.99,Game Fruit,0,4,False,0
1173120,Markov Alg,"Nov 26, 2019",2.99,Fewjix,0,15,False,0
1321840,Sword and Spirit,"Jun 6, 2020",0.0,"Ashley Roesler,Cody Dowell,Weston Straw,Ashton Damrel",0,6,False,0
516840,The Tale of Doris and the Dragon - Episode 1,"Sep 8, 2016",3.99,Arrogant Pixel,0,63,True,0
755920,CHOP,"Sep 13, 2019",9.99,Claws Up Games,0,18,True,0
1482420,Insect: Bombardier beetle,"Dec 22, 2020",3.99,JKGames,0,1,False,0
1966610,HRS: devil game I,"Jul 7, 2022",4.99,"Abdulah ali,Mortada",0,1,False,0
501020,Super Pixel Racers,"Jan 30, 2019",14.99,"21c.Ducks Co., Ltd.",0,75,False,0
1018380,怪獣綺譚 朧十夜 空狐万華鏡,"Feb 15, 2019",18.99,ときてっと,0,1,False,0
1219450,Inglorious Pirate,"Jan 22, 2020",1.99,Balyk game,0,7,False,0
418290,Professor Teaches QuickBooks 2016,"Nov 30, 2015",0.0,Individual Software,0,1,False,0
1093330,Conscious Existence - A Journey Within,"Jun 15, 2019",1.99,Marc Zimmermann,0,471,False,0
589590,Kindergarten,"Jun 15, 2017",4.99,"Con Man Games,SmashGames",0,5127,True,0
1069500,Ultimate Shotgun Championship,"May 9, 2019",3.99,AlluGarage,0,0,False,0
1374430,三国模拟器 Three Kingdoms Simulator,"Aug 3, 2020",5.99,DSQ,0,6,False,0
1036910,€100,"Mar 18, 2019",0.99,KuKo,0,59,False,0
356670,Spooky's Jump Scare Mansion,"Jul 28, 2015",0.0,Lag Studios,0,12105,False,0
979310,Disjunction,"Jan 28, 2021",15.99,Ape Tribe Games,0,89,False,0
1085970,The Makings of a Lady - Purity Yours to Defile -,"May 14, 2021",13.99,Appetite,0,0,False,0
394690,Tower Unite,"Apr 8, 2016",19.99,PixelTail Games,0,14794,False,0
444180,Techwars Online,"Mar 17, 2016",4.99,Argus Games,0,80,False,0
758150,McRogue,"Feb 2, 2018",2.99,Snare Games,0,8,False,0
1158320,Hentai: Memory leak,"Sep 26, 2019",0.49,Crew Lab,0,44,False,0
1640720,WTF Is Wrong With You?,"Jun 14, 2021",1.79,Randumb Studios,0,271,False,0
338760,Death Ray Manta SE,"Sep 17, 2015",1.99,The Future Of Videogames,0,150,False,0
495030,VR Battle Grid,"Nov 8, 2016",0.0,Fred Sauer,0,54,False,0
1203220,NARAKA: BLADEPOINT,"Aug 11, 2021",19.99,24 Entertainment,0,86893,False,0
1666600,The Dragon Apprentice,"May 4, 2022",17.99,PNUMIA Entertainment,0,0,False,0
1036000,The Ploshers,"Apr 16, 2019",7.99,platypurplestudios,0,14,False,0
241410,CastleStorm,"Jul 29, 2013",9.99,Zen Studios,0,1322,False,0
650730,Weeping Skies,"Jun 19, 2017",6.99,MysteryTag,0,9,False,0
933060,Hentai Weed PuZZles,"Sep 13, 2018",0.49,Nikita Ghost_RUS,0,98,False,0
1060820,DanCop - Daniela on Duty,"May 15, 2019",2.99,ScrubbySquirrel,0,9,False,0
278440,0RBITALIS,"May 28, 2015",9.99,Alan Zucconi,0,207,False,0
1856850,TukTuk,"Apr 15, 2022",1.99,Bl4ck?,0,5,False,0
666010,Refract,"Jul 6, 2017",0.99,Renaissance Game Studio,0,29,False,0
332360,Spriter Pro,"Nov 14, 2014",59.99,BrashMonkey,0,271,True,0
448830,ASMR Universe,"Mar 3, 2016",2.99,Colossal Wreck,0,78,False,0
1224450,My Jigsaw Adventures - Roads of Life,"Apr 1, 2020",4.99,CCS,0,62,True,0
1016890,Arch Drift,"Feb 6, 2019",2.99,"Bemami,Michiel Blancquaert",0,1,False,0
1542170,vissekom,"Mar 8, 2021",2.99,Sokpop Collective,0,0,False,0
2002550,Chloe Puzzle Game,"Jun 3, 2022",3.99,Rojeh,0,3,False,0
1878530,升级打怪换装备,"Feb 13, 2022",0.99,此世工作室,0,6,False,0
1372120,"VR Time Machine Travelling in history: Medieval Castle, Fort, and Village Life in 1071-1453 Europe","Jul 31, 2020",9.99,William at Oxford,0,1,False,0
1506760,A House of Thieves,"Jan 21, 2021",9.59,Kucki,0,55,False,0
38140,Farm Frenzy: Pizza Party,"Feb 15, 2010",4.99,Alawar,0,23,False,0
1068190,重生轮回/Reborn Not Again,"Dec 14, 2020",7.99,HMB-Studio,0,1,False,0
688680,Oswald's Adventure,"Aug 21, 2017",2.99,Dede Bayi,0,20,False,0
1312160,Astro Dash,"Dec 5, 2020",1.99,RETROPE STUDIOS,0,2,False,0
1398070,The Book of Bondmaids,"Sep 24, 2021",6.99,kamti,0,0,True,0
1062000,Starmancer,"Aug 5, 2021",19.99,Ominux Games,0,480,True,0
1129200,Minesweep World,"Oct 7, 2019",1.99,Rainbirth SL,0,1,False,0
1344950,Lone King,"Jul 4, 2020",0.0,slizer88,0,7,False,0
730010,Ninja in Training,"Nov 1, 2017",0.99,Tall James Games,0,0,False,0
1956630,Sway,"Apr 26, 2022",0.0,You Cannot Defend,0,0,False,0
1113090,Crown of the Empire,"Sep 7, 2020",4.99,Toyman,0,16,False,0
770370,Adventures of Dragon,"Dec 20, 2018",3.99,Tuomo Laine,0,10,False,0
795310,Devil in the Details - Uncensored,"Oct 12, 2018",12.99,Dharker Studio,0,0,False,0
11040,Sherlock Holmes - Nemesis,"Aug 7, 2008",1.99,Frogwares,0,314,False,0
1516820,春秋,"Jun 2, 2022",17.99,weiqian,0,132,False,0
1013670,Mr Boom's Firework Factory,"Jul 10, 2019",2.99,Brainbox.cc,0,4,False,0
607120,Police Quest: SWAT 2,"Apr 18, 2017",5.99,Yosemite Entertainment,0,49,False,0
601550,Don't Look Back,"Mar 2, 2017",4.99,"catbull,Omicron Games",0,3,False,0
265590,The Red Solstice,"Jul 9, 2015",9.99,Ironward,0,1706,False,0
1357270,Proto Cuckoo 64,"Aug 8, 2020",4.99,TheBigYellowSkip,0,3,False,0
1716660,Reflections of Life: Meridiem Collector's Edition,"Aug 6, 2021",13.99,GrandMA Studios,0,2,False,0
1440790,Fled fierce city,"Jan 14, 2021",17.99,blue sky,0,2,False,0
495140,NARUTO: Ultimate Ninja STORM,"Aug 25, 2017",19.99,CyberConnect2 Co. Ltd.,0,3306,False,0
840370,Someday You'll Return,"May 5, 2020",19.99,CBE software,0,505,False,0
1983330,Exorcist,"May 12, 2022",6.49,KAYDEM Studio,0,11,False,0
393660,Streamline,"Sep 2, 2015",2.99,Frostcloud Studios,0,32,False,0
461340,A Timely Intervention,"Mar 24, 2017",5.99,Aldorlea Games,0,27,False,0
1424140,Forest Problems,"Oct 6, 2020",3.99,"HotFoodGames,VeryHardMemeGames",0,1,False,0
768630,Zyxia: Neon Termination,"Oct 21, 2019",9.99,Knight and Ninja Games,0,0,False,0
860900,Bounty Battle,"Sep 10, 2020",19.99,Dark Screen Games,0,15,False,0
1126430,香江之龙，Dragon of Hongkong,"Aug 26, 2019",4.99,Studio TAPAS,0,2,False,0
572350,Craftmas,"Dec 23, 2016",4.99,Freeform Labs,0,2,False,0
1132540,Colonies End,"Aug 3, 2020",9.99,Raw Orange Studios Limited 🍊🎮,0,2,False,0
473450,The Narrator Is a DICK,"Jun 14, 2016",4.99,Adam DeLease,0,102,True,0
1508750,Xuan-Yuan Sword: Dance of the Maple Leaves,"Feb 7, 2021",4.99,"DOMO Studio,SOFTSTAR ENTERTAINMENT",0,175,False,0
1447900,Gold Dust,"Nov 6, 2020",10.99,NL Studio,0,14,False,0
1345280,Slide - Animal Race,"Feb 17, 2021",12.99,Oneiric Worlds,0,14,True,0
378750,Sayonara Umihara Kawase,"Oct 5, 2015",14.99,Studio Saizensen,0,128,False,0
1410840,Crystal Call,"Jan 6, 2021",0.0,SMU Guildhall,0,131,False,0
1177300,Space zone defender,"Nov 15, 2019",0.99,BD MINIGAMES,0,1,False,0
1750970,Betty &amp; Earl Playtest,"Sep 10, 2021",0.0,Unknown,0,0,False,0
1617700,Runner Playtest,"Aug 10, 2021",0.0,Unknown,0,0,False,0
388750,BlazBlue: Chronophantasma Extend,"Mar 2, 2016",29.99,Arc System Works,0,2445,False,0
340450,Crashed Lander,"Feb 4, 2015",4.99,Don Whitaker,0,39,True,0
1149090,Hospital 9,"Oct 25, 2019",1.47,Sonic-Alpha,0,7,False,0
1446130,The Trap: Remastered,"Nov 9, 2020",24.99,BUL GAMES,0,1,False,0
335790,Words for Evil,"Dec 11, 2014",2.99,Dylan Loney,0,356,False,0
302790,Momodora III,"Jul 1, 2014",1.99,rdein,0,1045,False,0
527230,For The King,"Apr 19, 2018",5.99,IronOak Games,0,25040,True,0
958230,AXE:SURVIVAL,"Jan 14, 2019",2.99,DCELL GAME STUDIO,0,4,False,0
1626710,Ray Attack,"May 22, 2021",1.99,绝世锋芒MG,0,0,False,0
680930,Fairy Lands: Rinka and the Fairy Gems,"Aug 25, 2017",2.3,OddMeat,0,21,False,0
800390,Puppet Fever,"Apr 19, 2018",14.99,Coastalbyte Games,0,30,False,0
1103770,Super Arcade Racing,"Oct 15, 2019",12.99,OutOfTheBit Ltd,0,72,False,0
1032270,Kill The Censored,"Mar 24, 2019",0.99,Duck INC,0,0,False,0
1714010,The Fortress of Varnolis,"Oct 12, 2021",0.0,Daniel Agerman,0,3,False,0
1568330,Samurai Chess,"Apr 16, 2021",1.99,Minimol Games,0,21,False,0
1342330,Mad Games Tycoon 2,"Jan 21, 2021",24.99,Eggcode,0,3294,False,0
1633150,Doodle Champs Playtest,"Jul 30, 2021",0.0,Unknown,0,0,False,0
1148080,Rainbow Pixel - Color by Number,"Oct 1, 2019",4.99,Somer Games,0,8,False,0
1785750,全托教师,"Nov 30, 2021",4.99,ChaosPainter,0,2,False,0
1651360,Fisticubes - One Button Boxing!,"Jul 21, 2021",0.0,Gabriel Aldridge,0,10,False,0
805870,Do you know de way,"Mar 15, 2018",24.99,Laush Dmitriy Sergeevich,0,137,False,0
1257190,VR Mini Bowling 2,"Apr 10, 2020",7.99,"Brian Macumber,Kevin Macumber",0,3,False,0
1081710,Most Correct Football Simulator,"May 21, 2019",0.49,Kiddy,0,32,False,0
1152690,The Inn Between: Prologue,"May 9, 2022",0.0,No Rules Make Game,0,0,False,0
999890,Bruken,"Apr 11, 2019",2.99,FlairBot Games,0,1,False,0
1269500,Crowalt: Traces of the Lost Colony,"Jan 6, 2022",6.49,Madcraft Studios,0,55,False,0
1643530,The Pirate King Ultimate,Jun 2021,6.99,KATSU,0,4,False,0
900010,Meeple Station,"Apr 10, 2020",19.99,Gameclaw Studio,0,474,True,0
776930,Omnibion War,"Feb 6, 2020",6.99,Crazy Bullet,0,7,False,0
279070,9th Dawn II,"Oct 17, 2016",5.99,Valorware,0,130,False,0
1872200,IRON GUARD,"Apr 26, 2022",7.99,Xlab Digital,0,14,False,0
1001010,雪·疑 Sknow,"May 19, 2019",1.99,泥亾,0,9,False,0
511740,Gal*Gun: Double Peace,"Sep 27, 2016",29.99,"INTI CREATES CO., LTD.",0,1673,False,0
1954010,Escape from Deathmark Dungeon,"Apr 13, 2022",0.0,Matt Lloyd,0,1,False,0
1774560,Dead Transmission,"Dec 2, 2021",0.0,Brock Soicher,0,0,False,0
1299150,Software Engineering Course / Informatyka - zrozum i zaprogramuj komputer,"May 11, 2020",1.99,Wydawnictwo Dagiel,0,3,False,0
1898730,Orbit.Industries Playtest,"Feb 17, 2022",0.0,Unknown,0,0,False,0
431740,Chowderchu,"Jan 4, 2016",2.99,Ryan Jensen,0,33,False,0
1836240,Paintball,"Dec 23, 2021",0.0,Ilmir Nasertdinov,0,0,False,0
260040,YOU DON'T KNOW JACK TELEVISION,"Nov 5, 2013",2.99,"Jackbox Games, Inc.",0,28,False,0
270030,Snow Horse,"Aug 3, 2016",5.99,KinifiGames LLC,0,20,True,0
1406340,Black Maou & Rainbow Kingdom,"Feb 22, 2021",7.99,San Soku Space,0,4,False,0
296770,Real Boxing™,"Jul 2, 2014",4.99,Vivid Games S.A.,0,796,False,0
849680,TimeTekker,"Jun 7, 2018",0.0,Artii Games LLC,0,40,True,0
34272,Comix Zone™,"Jun 1, 2010",0.99,SEGA,0,15,True,0
1122310,Guildmaster Story,"Nov 5, 2019",9.99,WZOGI,0,8,False,0
1388330,Hermes: Sibyls' Prophecy,"Sep 9, 2020",6.99,GameMixer,0,18,False,0
513960,Galactic Fighters,"Mar 15, 2017",2.99,StarworkGC,0,10,True,0
726620,Kitty Rescue,"Nov 1, 2017",0.0,Mesmerise Studios,0,23,False,0
1189780,Wallachia: Reign of Dracula,"Feb 28, 2020",9.99,Migami Games,0,84,False,0
1778720,Blast Beat,"Jan 13, 2022",15.99,gz.inc,0,38,False,0
363360,Interstellar Rift,"Sep 24, 2020",6.79,Split Polygon,0,1041,False,0
1837160,Action Ball,"Mar 14, 2022",6.99,Rionix,0,6,False,0
388440,Big Journey to Home,"Aug 20, 2015",2.99,The Light Sword Team,0,18,True,0
623180,Zombie Solitaire 2 Chapter 3,"Mar 6, 2018",8.99,rokaplay,0,31,False,0
1716230,Holiday Jigsaw Halloween,"Sep 8, 2021",4.99,Creobit,0,1,False,0
1332630,Zombeer: Delivery Mission,"Jun 18, 2020",1.99,"The Walking Drunk,Deyvid Jaguaribe,Oficina de Games",0,5,False,0
1316390,Thermo Sudoku,"May 25, 2020",4.99,Studio Goya,0,132,False,0
779450,Overlanders,"May 23, 2019",24.99,Run-Down Games,0,19,False,0
462620,Pocket Kingdom,"Dec 8, 2016",6.99,08 Games,0,134,True,0
940070,Robot Female Hero 1,"Mar 12, 2019",0.99,Rocket Tech,0,1,False,0
1749300,Tails & Titties Hot Spring,"Oct 11, 2021",9.99,Norn,0,0,True,0
922880,Siberian Dawn,"Sep 20, 2018",4.99,Winterflood,0,7,False,0
1772720,Village of Zombies,"May 6, 2022",4.99,Marco Games,0,29,False,0
461730,Blaite,"Jan 2, 2017",0.49,Dosane Games,0,353,True,0
1389550,Mind Scanners,"May 20, 2021",16.99,The Outer Zone,0,507,False,0
1393870,Milky Strike,"Aug 27, 2020",1.99,Luci Entertainment,0,5,False,0
1527250,Glaze 3D,"Jul 2, 2021",4.99,JH Strom,0,0,False,0
619000,Riley Short: Analog Boy - Episode 1,"Jun 1, 2017",1.99,boxmyth,0,1,False,0
266490,Lili: Child of Geos - Complete Edition,"May 9, 2014",14.99,"BitMonster, Inc.",0,828,False,0
1517050,The Fun of Asmodius,"Feb 1, 2021",10.99,As-key,0,0,False,0
94200,Jamestown,"Jun 8, 2011",9.99,Final Form Games,0,2114,False,0
1687100,Era of Combat: Boxing,"Feb 25, 2022",19.99,"Nodtech Creative Industries Ltd.,Era of Combat Boxing Ltd.",0,25,False,0
1776260,Crazy Truck,"Oct 14, 2021",0.99,Quarlellle,0,9,False,0
793000,Star-Pit Starship,"Apr 10, 2018",0.99,Puddledock Games,0,2,False,0
1069820,Fog of War: The Battle for Cerberus,"Apr 26, 2019",3.99,Choice of Games,0,7,True,0
1122690,Last Stop,"Jul 22, 2021",24.99,Variable State,0,106,False,0
745650,Cross Pixels,"Apr 17, 2018",6.99,crowgames UG (haftungsbeschränkt),0,7,False,0
1465200,Broken Ecchi Gallery,"Dec 4, 2020",0.99,NEXION X,0,0,False,0
2062940,Territory,"Jul 9, 2022",12.99,Threat Vector,0,3,False,0
913250,Mimic,"Aug 24, 2018",0.99,Mimic,0,1,False,0
817640,Adelantado 4 Aztec Skulls,"Mar 22, 2018",4.99,Whiterra,0,5,False,0
536890,Glittermitten Grove,"Dec 13, 2016",9.99,Mostly Tigerproof,0,395,True,0
765030,樱雪集～Yuyuko's Butterfly Dream,"Feb 27, 2019",3.99,Mescaline's Wings,0,96,False,0
1146940,I will eat you,"Dec 6, 2019",1.24,Butengo entertainment,0,222,False,0
577940,Killer Instinct,"Sep 27, 2017",39.99,Iron Galaxy,0,3186,False,0
1787960,Milling Machine Simulator 3D,"Feb 22, 2022",19.99,"Igor Frank,Ursa Masnec",0,30,False,0
2014820,Little Rhapsody of Game Playtest,"May 26, 2022",0.0,Unknown,0,0,False,0
1903640,Hex Rally Racers,"May 20, 2022",0.0,"SMU Guildhall,Cohort 31",0,0,False,0
1566620,Puzzletronics Analog Eletronics,"Mar 24, 2021",1.99,Naoka Games,0,39,False,0
371900,Pillar,"May 29, 2015",7.99,MichaelArts,0,33,False,0
71165,Streets of Rage 2,"Jan 26, 2011",0.99,SEGA,0,22,True,0
1663170,Airplane Tycoon,"Sep 3, 2021",4.99,MegaSoft Games,0,3,False,0
319320,Time Mysteries 3: The Final Enigma,"Sep 11, 2014",9.99,Artifex Mundi,0,318,True,0
422760,Ocean Rift,"Sep 13, 2017",4.99,Llyr ap Cenydd,0,94,False,0
1544730,Fast Break,"Mar 5, 2021",6.99,Accolade,0,1,False,0
1457840,Fishticuffs,"Dec 21, 2020",4.99,Yokcos,0,11,False,0
1397140,The Last Show of Mr. Chardish: Act I,"Sep 3, 2020",0.0,Punk Notion,0,31,False,0
1383650,Drone VR,"Nov 24, 2021",0.89,damian3k,0,5,False,0
1742140,VR crazy racing,"Dec 10, 2021",1.49,VR RETRO REMASTER,0,0,False,0
756190,Sky Road,"Dec 8, 2017",0.99,Lev Gogol,0,45,False,0
1581050,Memento Infernum,"Apr 16, 2021",2.99,MGames Studio,0,9,True,0
754270,Hexvade,"Feb 21, 2018",1.99,Andy Mark,0,6,False,0
1893490,Razed Earth,"Mar 2, 2022",2.99,Yatoba Games,0,1,False,0
1641010,Horny Housewives Booty Call Blackmail,"Jul 16, 2021",9.99,Miel,0,0,True,0
1379840,Run Dummy Run,"Aug 11, 2020",0.99,"Repa Games,ImperiumGame",0,11,False,0
1304790,罗马之链,"Aug 3, 2020",3.99,CorvusCorax_studio,0,3,False,0
408000,Cinderella Escape! R12,"Nov 16, 2015",4.99,Hajime Doujin Circle,0,304,False,0
841980,Avalon Legends Solitaire 3,"Jun 4, 2018",9.99,Anawiki Games,0,15,False,0
1241380,Project Reborn,"Feb 14, 2022",0.0,Red Rock Revolution,0,0,False,0
708250,Lava Rolling Kid,"Nov 11, 2017",0.0,"ElVery333,Raquel Covelo Suarez,ATopeCode",0,3,False,0
1377800,FyreXR Festival,"Jun 17, 2021",9.99,VRROOM,0,0,False,0
1246950,Where in the World is Carmen Sandiego?,"Aug 31, 2020",9.99,The Learning Company,0,43,False,0
423610,Where's My Mommy?,"Mar 1, 2016",5.99,Exquisite Games,0,131,True,0
1389540,Wesprau Senki,"Aug 20, 2020",0.0,"KADOKAWA,ゆわか",0,1,False,0
1258920,The Maze,"Jun 7, 2022",9.99,N-Orbit Studios,0,1,False,0
899970,NEKOPARA Extra,"Jul 26, 2018",4.99,NEKO WORKs,0,3129,False,0
1316800,Destropolis,"Aug 19, 2020",5.99,Igrek Games,0,131,False,0
1381500,Mimicry,"Sep 3, 2020",4.99,Anxiety Monster,0,8,False,0
1629850,Orcs Must Die! 3 Playtest,"Aug 5, 2021",0.0,Unknown,0,0,False,0
623080,planetarian HD,"May 8, 2017",9.99,VisualArts/Key,0,1891,False,0
586230,Kult of Ktulu: Olympic,"Feb 9, 2017",5.99,Grand Cauldron,0,13,False,0
575030,Baru and the Spirit Prince,"Dec 29, 2016",3.99,"Tingly, LLC",0,4,True,0
821640,Floor Kids,"May 16, 2018",19.9,MERJ Media,0,141,False,0
986400,Helidefence,"Dec 4, 2018",5.99,vadimalexepta,0,2,False,0
497590,Sapper's bad dream,"Jul 7, 2016",0.99,WTFOMGames,0,14,True,0
498450,A Week of Circus Terror,"Aug 5, 2016",4.99,Richard Haraším,0,19,False,0
251650,Ray's The Dead,"Oct 22, 2020",19.99,Ragtag Studio,0,33,False,0
1264640,Wallpaper Master,"Apr 15, 2020",2.99,Wallpaper Master Team,0,9,False,0
1662680,UROS: A Trip Through Shadows,"Jul 13, 2021",0.0,"Oniric Kittens,ESAT",0,0,False,0
1925930,KONGEER,"May 31, 2022",2.99,Ferulox Studios,0,8,False,0
1791990,The Simple Folder Management Tool,"Dec 12, 2021",1.99,P4S3 Studio,0,0,False,0
315130,CO-OP : Decrypted,"Aug 17, 2015",9.99,Pixelz Games,0,29,True,0
763890,Wildermyth,"Jun 15, 2021",24.99,Worldwalker Games LLC,0,12399,True,0
589780,The Red Strings Club,"Jan 22, 2018",14.99,Deconstructeam,0,7983,True,0
1262540,Need for Speed™,"Jun 4, 2020",29.99,Ghost Games,0,8753,False,0
1728660,Rush Rally Origins,"Apr 13, 2022",14.99,Brownmonster Limited,0,79,False,0
757870,Australian trip,"Dec 19, 2017",0.99,SergioPoverony,0,27,True,0
490230,SWARMRIDERS,"Jun 15, 2016",0.0,Walter Machado,0,380,True,0
628890,NOBUNAGA'S AMBITION: Taishi,"Nov 29, 2017",59.99,"KOEI TECMO GAMES CO., LTD.",0,424,False,0
1652700,Spiral to Despair,"Jul 9, 2021",2.99,RewingAge,0,0,False,0
1283720,Cube Miners,"May 15, 2020",5.0,Username470,0,3,False,0
941410,Touhou: Dreaming Butterfly | 东方蝶梦志,"Oct 14, 2018",14.99,弦语蝶梦,0,54,False,0
1345200,Pokie The Stickfigure,"Jul 2, 2020",3.99,Marvin Castillo,0,2,False,0
885640,Lynne,"Jul 13, 2018",0.0,ebi-hime,0,660,True,0
1037090,GREEN The Life Algorithm,"Nov 21, 2019",5.99,ESTACION PI Y DISEÑO,0,17,False,0
1111620,Gloomy Eyes,"Mar 11, 2020",2.69,"3DAR,Atlas V",0,129,False,0
393320,Typing Instructor Platinum 21,"Jan 26, 2016",5.99,Individual Software,0,10,False,0
512420,Wave Magic VR,"Dec 29, 2016",5.99,Overrun Games,0,16,False,0
581660,Super Meat Boy Forever,"Jan 10, 2022",19.99,Team Meat,0,295,False,0
1487440,Live Labyrinth,"Feb 24, 2021",0.99,DIGITAL ART TEAM,0,10,False,0
1310510,Handy Harry's Haunted House Services,"Jul 31, 2020",4.99,Bismuth Games,0,471,False,0
1197280,Cyber Pussy 2020,"Jan 9, 2020",1.99,Cyber Keks,0,0,False,0
1201640,Island Explorer VR,May 2020,0.0,AutoRotate180,0,28,False,0
1632880,学院逃生,"Jun 15, 2021",0.0,ShiFeiFan,0,0,False,0
1157260,GEESE vs CTHULHU,"Jun 28, 2020",7.99,Anatoliy Loginovskikh,0,38,False,0
871100,Animyst,"Jul 2, 2018",0.0,Animyst Games,0,111,False,0
279260,Richard & Alice,"Jun 5, 2014",5.99,Owl Cave,0,290,False,0
705060,Infernales,"Nov 10, 2017",4.99,VGstudio,0,24,False,0
31290,Back to the Future: The Game,"Dec 23, 2010",0.0,Telltale Games,0,2006,False,0
1287180,Squares,"May 19, 2020",0.99,Jason Swisher,0,1,False,0
1366520,Dungeon Limbus,"Feb 14, 2021",14.99,GameIn,0,11,False,0
716920,The Ultimate Trivia Challenge,"Oct 27, 2017",4.99,LoadUpGames.com,0,4,True,0
1139130,BioMech,"Sep 6, 2019",14.99,ERMedia,0,3,True,0
1109170,Happy Grumps,"Jul 17, 2020",9.99,"Glenn LaBarre,Drew Conley",0,5,False,0
382180,Devilry,"Jun 30, 2015",3.99,New State,0,42,False,0
678850,Uurnog Uurnlimited,"Nov 16, 2017",9.99,Nifflas Games,0,77,False,0
1162440,Explosive Jake,"Nov 9, 2019",0.54,PigeonDev,0,14,False,0
1146910,Atomorf2,"Sep 17, 2019",3.99,Dnovel,0,17,False,0
1068860,非正式警探 Informal Detective,"Jun 14, 2019",1.99,SpaceMola Games,0,6,False,0
1560510,HardCop 2,"Mar 11, 2021",1.99,me,0,2,False,0
780760,Lots of Balls,"Feb 26, 2018",2.99,Paddle Team,0,26,False,0
1665990,Selene's Nightmare,"Jul 12, 2021",1.99,HV,0,4,False,0
1145220,Xtreme Typing,"Aug 25, 2020",3.99,Individual Software,0,3,False,0
1788850,你已经猜到结局了吗,"Jul 14, 2022",7.99,橘音,0,53,False,0
766680,Punch Line,"May 23, 2019",49.99,MAGES. Inc.,0,37,False,0
1282200,The Test: Hypothesis Rising,"Apr 27, 2020",1.99,Randumb Studios,0,4916,False,0
1097160,Run Roll Rumble,"Aug 7, 2019",1.99,Matthew Marcellino,0,7,False,0
1887150,Anime Girls VS  Soldiers,"Feb 13, 2022",0.99,DarkDirtyDev,0,1,False,0
793460,112 Operator,"Apr 23, 2020",24.99,Jutsu Games,0,3279,False,0
1182670,Haunted Hotel: Room 18 Collector's Edition,"Nov 1, 2019",9.99,Elephant Games,0,13,False,0
485660,Karma Miwa,"Aug 12, 2016",0.0,Space Fractal,0,36,False,0
1236860,Edge of Reality,"Jul 16, 2020",1.99,Moon Eclipse,0,44,True,0
1479840,Vidya Poker,"Jul 20, 2021",5.99,coolnames,0,10,False,0
1015940,Welcome to Elk,"Sep 17, 2020",14.99,Triple Topping,0,172,True,0
204300,Awesomenauts - the 2D moba,"Aug 1, 2012",0.0,Ronimo Games,0,22365,True,0
1679170,The Callisto,"Jul 7, 2022",19.99,GIB Games,0,4,False,0
775860,Midnightland,"Jan 19, 2018",4.99,Lorag Games,0,8,False,0
1854250,Demon Speakeasy,"Jul 11, 2022",9.99,"樹懶叫工作室,sloth gamer",0,0,False,0
688420,Bad North: Jotunn Edition,"Nov 16, 2018",14.99,"Plausible Concept,Oskar Stålberg",0,6205,False,0
1586510,Clessidra,"Jun 15, 2021",1.99,Gabriele Corti,0,3,False,0
874640,The Life's Lane,"Jul 16, 2018",2.99,Life's Lane Studio,0,1,False,0
1607970,梦落凡尘,"May 25, 2021",0.99,竹林晚风,0,5,False,0
323020,Destructamundo,"Jan 28, 2015",4.99,MiniVisions,0,12,False,0
973690,Antrum,"Feb 14, 2019",7.99,Blank Name Games,0,1,True,0
1838610,Aground Zero Playtest,"Dec 2, 2021",0.0,Unknown,0,0,False,0
562690,Immersion,"Nov 29, 2016",9.99,Bullid Games,0,15,True,0
552330,"Happy Birthday, Bernard","Dec 13, 2016",4.99,Olly Whillans,0,5,False,0
1136900,ポエニ戦争　地中海の稲妻,"Aug 21, 2019",8.99,白新社,0,2,False,0
814380,Sekiro™: Shadows Die Twice - GOTY Edition,"Mar 21, 2019",59.99,FromSoftware,0,179498,False,0
388540,Dr. Bulbaceous,"Nov 19, 2015",3.99,Wetgenes,0,6,True,0
671260,GOKEN,"Sep 28, 2017",14.99,GIANTY Inc.,0,54,True,0
6120,Shank,"Oct 25, 2010",9.99,Klei Entertainment,0,2687,True,0
1024570,Hentai Babes - In Public,"Mar 19, 2019",1.99,ZangGames,0,0,False,0
774131,Nostradamus - The Four Horsemen of the Apocalypse,"Feb 12, 2018",7.99,Just Funny Games,0,11,False,0
1617880,Cleithrophobia,"Nov 3, 2021",7.99,WillyHB,0,1,False,0
1426950,Heart of Dungeon,"May 17, 2022",4.8,Hitori Games,0,0,False,0
1236530,Starters Orders Classic Horse Racing,"Mar 7, 2020",29.99,Strategic Designs Ltd.,0,14,False,0
1048740,Half Past Fate,"Mar 12, 2020",19.99,Serenity Forge,0,206,False,0
410390,Warhammer: Vermintide VR - Hero Trials,"Dec 20, 2016",0.0,Fatshark,0,114,False,0
818050,Wormster Dash,"Oct 1, 2018",1.99,GAMELAB,0,46,False,0
509420,Riding Club Championships,"Sep 27, 2016",0.0,Artplant,0,453,False,0
611020,CityBattle | Virtual Earth,"Oct 2, 2018",0.0,LLC RIKOR IMT,0,1061,False,0
1916250,Magic crystals 2,"Mar 13, 2022",4.99,Rex Junior,0,1,False,0
1755420,Battlecruiser Generations,"Sep 21, 2021",6.99,3000AD,0,8,False,0
933900,The Amazonian Dread,"Sep 21, 2018",11.99,GBROSSOFT,0,0,False,0
660280,Keep It Safe 2,"Jun 22, 2017",0.99,BeshevGames,0,1,False,0
251470,TowerFall Ascension,"Mar 11, 2014",14.99,"Extremely OK Games, Ltd.",0,2795,True,0
2063400,Descension,"Jul 21, 2022",7.99,RedRock Game Studios,0,0,False,0
1427800,Mutant Ops,"Dec 25, 2020",4.99,"Jacob Navarro (programming),Andrew Isaias (Mutant SFX),Aaron Sovann (backend programming),ElevateAudio (Music)",0,431,False,0
2004490,Furry Cyberfucker II,"Jul 23, 2022",4.96,Furry Tails,0,0,False,0
1741620,Spirit and Katana,"Oct 14, 2021",9.99,Kaisouroku Games,0,1,False,0
1555110,Chasing Tails ~A Promise in the Snow~,"Aug 13, 2021",7.99,"the last evil wizard,FCD Games",0,536,True,0
1176890,DateJournal: Russian Girls Dating Sim,"Feb 25, 2021",12.99,penciltape games,0,0,False,0
1543790,The Last Friend: First Bite,"Sep 17, 2021",0.0,"The Stonebot Studio,Ludus Games",0,0,False,0
1389000,Boom Dojo,"Jan 29, 2021",9.99,Yolopia Ltd,0,1,False,0
893570,Short Life,"Nov 14, 2018",0.0,gametornado,0,93,False,0
204120,LEGO® Harry Potter: Years 5-7,"Jan 5, 2012",19.99,Traveller's Tales,0,2052,False,0
1935580,Office Elevator,"Apr 2, 2022",4.99,Punx Studios,0,15,False,0
1175830,Legend of Mana,"Jun 24, 2021",29.99,"Square Enix,M2 Co., Ltd.",0,623,False,0
1359980,POSTAL: Brain Damaged,"Jun 9, 2022",19.99,"Hyperstrange,CreativeForge Games",0,2403,False,0
1024460,Destructive Physics - Destruction Simulator,"Aug 20, 2021",19.99,KreizLand Games,0,87,True,0
1725430,Big FLAPPY Tower VS Tiny Square,"Sep 2, 2021",4.99,Evil Objective,0,16,False,0
1300670,ヤドカリサバイブ,"May 11, 2020",2.99,アメミキノスケ,0,12,False,0
458370,VR Baseball,"Apr 4, 2016",8.98,Rank17,0,24,False,0
960940,VRiczat - The Virtual Reality Cricket Game,"Jun 5, 2019",9.99,Madras MindWorks,0,0,False,0
527350,CGWallpapers,"Nov 30, 2016",4.99,Flamy Frog Interactive,0,25,False,0
877190,Flamebound,"Jun 27, 2018",2.99,OneShark,0,29,False,0
1720090,Aspire: Ina's Tale,"Dec 17, 2021",12.99,Wondernaut Studio,0,92,False,0
1727000,YuuYuu Jiteki no Yuukarin,"Sep 3, 2021",15.99,NUU,0,176,False,0
1876150,Melania,"May 30, 2022",1.99,Dnovel,0,25,False,0
912260,Gallery One,"Aug 10, 2018",0.0,Tim Rachor,0,0,False,0
1987590,Intergalactic Taxi Co.,"May 31, 2022",4.99,Rocking Donkey Games,0,22,False,0
1269120,Freakshow - Episode 1,"Apr 30, 2020",1.99,Andrealphus Games,0,0,False,0
1697920,Polygon Wizards Playtest,"Jul 19, 2021",0.0,Unknown,0,0,False,0
444430,Zeus vs Monsters - Math Game for kids,"Feb 18, 2016",5.99,Peaksel,0,39,False,0
513930,J.U.R : Japan Underground Racing,"Aug 17, 2016",0.49,JDM4iK,0,34,False,0
822680,Eternal Man: Jump,"Apr 26, 2018",0.99,eProdigy,0,12,False,0
2002510,SHPR,"Jun 27, 2022",2.99,ZokerinoDev,0,2,False,0
1334650,Hell Shuffle,"Feb 4, 2021",14.99,ICE T,0,32,False,0
464020,Super Puzzle Galaxy,"Jul 5, 2018",0.0,2 Bears Studio,0,3,False,0
357690,APT,"Aug 27, 2015",14.99,RIP Studios LLC,0,23,False,0
660830,Tanks2.DE,"Mar 22, 2019",0.0,Tanks2.DE,0,55,True,0
951450,Fit It,"Oct 16, 2018",12.99,"Edvardas Šneideris,Gabrielė Ušeckaitė,Lukas Litinskas",0,9,False,0
1647110,Mochi Jump,"Jun 11, 2021",4.99,Ammonite Design Studios Ltd,0,0,False,0
1275850,Frog Space,"Jan 6, 2021",2.99,Highlendid,0,6,False,0
1561880,Hell's Gate - Slide Puzzle,"Mar 25, 2021",0.99,Jeferson Dias,0,14,False,0
462770,Pyre,"Jul 25, 2017",19.99,Supergiant Games,0,7108,True,0
421060,Age of Steel: Recharge,"Jan 6, 2016",6.99,Quaint Emerald,0,169,False,0
332830,Prelogate,"Dec 10, 2014",3.99,blamedrop,0,87,True,0
1956140,A HAUNTED HISTORY,"May 27, 2022",5.99,THE VISION,0,2,False,0
761600,Onimusha: Warlords,"Jan 15, 2019",19.99,"CAPCOM CO., LTD",0,1539,False,0
1014560,Creepy Vision,"Feb 15, 2019",5.99,Orange Valley,0,36,False,0
758250,Taste of Power,"Oct 10, 2019",14.99,OneOcean LLC,0,44,True,0
844140,Trivia Vault: Soccer Trivia,"Apr 23, 2018",0.99,Ripknot Systems,0,25,False,0
1604280,STHELL,"Mar 11, 2022",3.99,"Claudio Catalano,Simone Campione",0,17,False,0
356520,Port of Call,"Aug 28, 2015",0.0,Underdog Games,0,1032,False,0
1440750,Splash,"Nov 1, 2020",0.0,Team Cursed Image,0,5,False,0
463250,One Tower,"Nov 10, 2016",0.0,SkyReacher Entertainment,0,43,False,0
661190,UNDEFINED,"Aug 13, 2019",0.99,Axe Games,0,0,False,0
1222300,Into The Flames,"May 27, 2020",19.99,Fully Involved Game Studios,0,503,False,0
548760,CameraBag Photo,"Nov 1, 2016",0.0,Nevercenter,0,18,False,0
1222930,VELUCITY,"Jun 15, 2020",14.99,"SEEDGAMES Co., Ltd.",0,43,False,0
483820,Four Realms,"Oct 24, 2016",4.0,Hugebot!,0,2,False,0
1134200,Chicks and Tricks VR,"Sep 26, 2019",1.99,Shapeshift Entertainment ApS,0,22,False,0
1488960,Something Strange in the Woods,"Dec 16, 2020",0.99,Moenen,0,0,False,0
1811640,The Choice VR (선택VR),"Dec 30, 2021",4.99,Dexter Studios,0,1,False,0
515700,Snowday,"Nov 30, 2016",0.0,Breachgate,0,12,False,0
1049850,UFO2: Extraterrestrials,"Jun 15, 2021",34.99,Chaos Concept,0,66,False,0
726600,Drift Zone,"Dec 14, 2017",6.99,Awesome Industries,0,22,False,0
1997560,Futanari Sex - Unexpected Roomate,"May 19, 2022",1.99,EroticGamesClub,0,0,False,0
1325970,Ghost of Tomorrow: Chapter 1,"Mar 23, 2021",2.99,Ed Lioni,0,38,False,0
1358180,Gerrymander Madness,"Jul 28, 2020",0.0,"CrossComm, Inc.",0,6,False,0
1934770,Edrick's Conquest Playtest,"Mar 31, 2022",0.0,Unknown,0,0,False,0
1610470,MXGP 2021 - The Official Motocross Videogame,"Nov 30, 2021",49.99,Milestone S.r.l.,0,158,False,0
1773040,Crystal Project Playtest,"Sep 30, 2021",0.0,Unknown,0,0,False,0
1028520,Brave Battle Saga - The Legend of The Magic Warrior,"Mar 18, 2019",9.99,Chuanpu,0,14,False,0
1282930,Volta-X,"Aug 12, 2020",19.99,"GungHo Online Entertainment America, Inc.",0,24,False,0
1620470,Fish and Fight Playtest,"Apr 30, 2021",0.0,Unknown,0,0,False,0
1394580,鹿易想要活到世界尽头,"Sep 9, 2020",1.99,Ave Studio,0,0,False,0
1844450,TowerRPG Playtest,"Feb 18, 2022",0.0,Unknown,0,0,False,0
1306780,Pledge: Extra credit,"Sep 9, 2020",10.99,Lesson of Passion,0,0,False,0
1485940,CATTCH,"Dec 22, 2020",9.99,Infected Pixels Studio,0,1,True,0
1876690,One day after the snow and wind,"Feb 20, 2022",0.99,灵虚之幽,0,1,False,0
1508360,Town Of The Dead Life 死寂之城,"Jan 12, 2021",5.99,吉祥与如意工作室,0,112,False,0
2077180,SCP: Daybreak,"Jul 23, 2022",0.0,"Daybreak Studios,Underscore Games",0,0,False,0
1669490,Jerma & Otto: The Curse of the Late Streamer,"Oct 8, 2021",0.0,William Enders,0,0,False,0
1107920,8bit Pigeon Hunter,"Jul 17, 2019",1.99,Mismatch Studio,0,1,False,0
755410,Vengeful Rites,"Jul 29, 2021",9.99,Deep Dive Interactive,0,226,False,0
720380,Ancestors Legacy Free Peasant Edition,"Feb 6, 2018",0.0,Destructive Creations,77,585,False,99
312210,The Fifth Day,"Jul 25, 2014",14.99,Touz,0,371,False,0
1484740,Space Abyss,"Dec 10, 2020",0.99,#NVJOB,0,4,False,0
1057720,Shattered Lights,"Jun 11, 2019",0.0,Team Morbid,0,319,False,0
290440,QUALIA 3: Multi Agent,"Apr 18, 2014",4.99,"Shindenken,EXTREME",0,22,False,0
1112360,Blind Spot VR / 盲点 VR,"Feb 5, 2020",14.99,Unlimited Fly Games,0,6,False,0
399880,Amos From Outer Space,"Oct 6, 2015",2.99,Poisson Rouge Interactica ltd,0,7,False,0
1645090,Spirit Bounce Playtest,"May 28, 2021",0.0,Unknown,0,0,False,0
501620,CyberLink PowerDirector 15 Ultimate,"Dec 16, 2016",0.0,CyberLink,0,26,False,0
851650,LOGistICAL: ABC Islands,"May 4, 2018",0.0,Sacada,0,38,False,0
389470,Call of Cthulhu: Shadow of the Comet,"Nov 4, 2015",5.99,Infogrames,0,48,False,0
376150,Industry Transporters,"Aug 31, 2015",9.99,Markus Fick,0,12,False,0
461780,Moonstone Tavern - A Fantasy Tavern Sim!,"May 13, 2016",7.99,"Trevor Jones,Trevor Jones",0,66,False,0
929690,Legend of Assassin: Jungle,"Sep 10, 2018",1.99,Nord GS,0,7,True,0
830520,Finger Jets,"Apr 24, 2018",1.99,Josh Jaques,0,5,True,0
1042030,Nyasha Winter,"Mar 22, 2019",0.51,Zloy Krot Studio,0,18,False,0
2074780,焰色方糖 flamed sugar,"Jul 19, 2022",0.0,方糖火花,0,0,False,0
1475780,Battle Strike World War,"Dec 22, 2021",0.0,Rimzaa Soft,0,15,False,0
1846890,Shores of Loci,"May 24, 2022",11.99,MikeTeevee,0,26,False,0
1848660,Remembrance,"Jan 15, 2022",9.99,Kizmet Rose,0,1,True,0
273820,Mining & Tunneling Simulator,"Mar 5, 2014",1.99,United Independent Entertainment GmbH,0,27,False,0
2015900,The Last World Playtest,"Jun 2, 2022",0.0,Unknown,0,0,False,0
670490,Rise of Man,"Sep 15, 2017",9.99,Darkcross Games,0,27,False,0
1540740,Dungen,"Apr 6, 2021",9.99,SVGames,0,4,False,0
1057090,Ori and the Will of the Wisps,"Mar 10, 2020",29.99,Moon Studios GmbH,0,86228,False,0
1785680,SPECWAR Tactics,"Jan 13, 2022",9.99,Applesauce Dev,0,15,False,0
745090,ROMBIE,"Mar 23, 2018",8.99,Phr00t's Software,0,25,True,0
1160800,Rainbow Robin,"Oct 14, 2019",0.99,DigiPlox,0,3,False,0
622700,War Heroes: Invasion,"May 15, 2018",8.99,Hammerson Games,0,18,False,0
1680660,Synth Run,"Jul 30, 2021",4.99,"Gruffers Studio,Jack Macey",0,3,False,0
324310,Bus Simulator 16,"Mar 2, 2016",9.99,stillalive studios,0,2264,False,0
657320,Reverse Fantasy Legend,"Nov 23, 2017",18.99,废材炼金术士,0,21,False,0
828250,Stargazer program,"May 23, 2018",5.99,Bear Gears Studio,0,1,False,0
1393740,Vincula,"Oct 23, 2020",0.0,Sixpi Developers,0,7,True,0
653100,Puzzle Bloc Invasion,"Dec 15, 2017",2.99,Colorful Games,0,1,False,0
932940,Seems good archery game,"Sep 13, 2018",0.49,Easy game,0,41,False,0
1641210,莫西比亚岛,"Jun 11, 2021",3.99,城南驿北,0,9,False,0
1129080,Forex Demo Accelerator,"Sep 2, 2019",4.99,Russell Butler,0,1,False,0
1084520,雀姬/姫麻雀,"Aug 5, 2019",0.0,Jack Tech,0,1298,False,0
1020470,Evoland Legendary Edition,"Feb 7, 2019",19.99,Shiro Games,0,1450,True,0
1466570,The Clot Thickens,"Mar 2, 2021",4.99,MGN Studios,0,1,False,0
1067110,Idle Chess Story,"Jun 18, 2019",0.0,"Joaquin Telleria,Manuel Telleria",0,24,False,0
1631790,Dawnbreaker - Aeon's Reach,"Nov 5, 2021",9.99,CrazySky3D,0,14,True,0
265810,The Sandbox,"Jun 29, 2015",4.99,PIXOWL INC.,0,319,False,0
581200,Nash Racing,"Aug 2, 2017",0.55,Tero Lunkka,0,66,False,0
1820560,Big Booty Adventures,"Jan 5, 2022",6.29,NeVReal Studios,0,14,False,0
1713290,FleurBirdShoot,"Mar 20, 2022",0.0,FleurBird,0,0,False,0
652140,Echo Nine,"Nov 7, 2017",4.99,EchoNineGames,0,1,False,0
1383120,LouveSystems' TrackMasters,"Sep 4, 2020",11.99,"LouveSystems,Rackover",0,3,False,0
772610,Q-YO Blaster,"Jan 15, 2018",9.99,TEAM Black Hat Robot,0,155,False,0
915730,Catch The Kids: Priest Simulator Game,"Mar 1, 2019",3.99,Fon Danyrotsky,0,10,True,0
670240,Snappy Turtle Ultimate,"Dec 4, 2019",1.99,ElatedThumbs,0,6,False,0
766250,Kaz Ball,"Jun 6, 2019",0.0,Doby Digital,0,20,False,0
1057850,Neon Boost,"May 20, 2019",0.0,Sample Text Studio,0,2205,False,0
302010,The Blue Flamingo,"Nov 18, 2014",9.99,Might and Delight,0,280,False,0
1360670,MiniMap Kingdom,"Jul 15, 2020",4.99,YuruOwO,0,64,False,0
577740,Winexy,"Jan 13, 2017",0.49,Heaven Brotherhood,0,93,False,0
992210,Waves of the Atlantide,"Mar 26, 2019",11.99,Metaphore Games SAS,0,29,False,0
797310,Fantasy Mosaics 22: Summer Vacation,"Mar 5, 2018",2.09,Andy Jurko,0,4,False,0
281820,Explodemon,"Mar 25, 2014",0.89,Curve Studios,0,63,False,0
1202660,Elizabeth,"Feb 24, 2020",3.99,中子星游戏研究所,0,46,False,0
1997930,One Playtest,"Jun 4, 2022",0.0,Unknown,0,0,False,0
214970,Intrusion 2,"Sep 11, 2012",9.99,Aleksey Abramenko,0,1342,True,0
264690,Coin Crypt,"Oct 28, 2014",9.99,Greg Lobanov,0,506,False,0
1340300,Crazy Kung Fu,"Sep 25, 2020",4.99,Field Of Vision,0,43,False,0
1332370,The Shadow You,"Jan 22, 2021",9.99,Topchan Games,0,34,False,0
885320,Cro Magnon,"Jul 31, 2018",0.99,Thor Gaming,0,5,False,0
776390,Outbreak in Space VR - Free,"Apr 25, 2018",0.0,Black Poodle Entertainment,0,3,False,0
897440,Leviathan ~A Survival RPG~,"Nov 29, 2018",9.99,TechnoBrake,0,154,False,0
826390,Haunted Manor: Painted Beauties Collector's Edition,"Apr 4, 2018",0.0,Top Evidence Studio,0,1,False,0
949820,Crazy Washing Machine,"Oct 10, 2018",0.99,Vaasy,0,13,False,0
581910,Iron Armada,"Dec 29, 2017",0.0,Bluedrake42 Limited Company,0,123,False,0
1926170,Forgotten Hill Tales,"Apr 27, 2022",2.99,FM Studio,0,26,False,0
445840,Undead vs Plants,"Feb 25, 2016",0.0,Peaksel D.O.O. Nis,0,18,False,0
1083490,Drumpf: Presidential Dating Simulator,"Jun 21, 2019",2.99,Great Idea Games,0,0,False,0
874130,HUNTER BRICK BALL,"Jun 21, 2018",1.99,meokigame,0,32,False,0
1512520,4096,"Jan 20, 2021",9.99,JinCycle,0,3,False,0
557700,Empyrean,"Dec 1, 2016",5.99,Choice of Games,0,11,True,0
28000,Kane & Lynch 2: Dog Days,"Aug 17, 2010",9.99,IO Interactive,0,4748,False,0
979260,Gizmo,"Dec 5, 2018",0.0,"Dane Winn,Alec Smith",0,254,False,0
783450,HYPERGUN,"Aug 23, 2018",9.99,NVYVE® Studios,0,40,False,0
338540,Navy Field 2 : Conqueror of the Ocean,"Mar 5, 2015",0.0,SDEnterNet,0,612,False,0
1030830,Mafia II: Definitive Edition,"May 19, 2020",29.99,"Hangar 13,D3T",0,10410,False,0
1408720,Krunker,"Feb 1, 2021",0.0,Yendis Entertainment Pty,0,14951,False,0
1687430,Z Mutants,"Jul 27, 2021",0.59,Bullet Brain,0,5,False,0
1249510,Hnefatafl,"Apr 30, 2020",9.99,Philippe Schober,0,35,True,0
1423830,Cave Crawl,"Oct 25, 2020",5.99,Henrik Pira,0,2,False,0
1622470,Content,"Feb 4, 2022",0.99,UKZ Arts,0,16,False,0
341570,Throbax TD,"Nov 5, 2015",2.99,Unterrainer Informatik OG,0,22,False,0
1567440,inbento,"Jul 30, 2021",4.99,Afterburn,0,99,False,0
1530120,You Must Survive,"Mar 26, 2021",4.99,pg_bassist,0,1,False,0
1389270,Don't Crash - The Political Game,"Aug 27, 2020",1.99,Tegridy Made Games,0,98,True,0
563170,Graveball,"Jul 31, 2018",4.99,Goin' Yumbo Games,0,11,False,0
1042170,Summon of Asmodeus,"Apr 30, 2019",6.99,PinkPeachStudio,0,96,False,0
844620,Odyssee,"May 4, 2018",3.49,Earth and Life Software,0,1,False,0
1945810,Mind Diver (Student Version),"Jun 22, 2022",0.0,Indoor Sunglasses,0,0,False,0
1351070,Pest Control,"Jul 15, 2021",3.99,EON46,0,14,False,0
1383060,eyeDASH,"Aug 21, 2020",14.99,Whensoft,0,0,False,0
1127390,Cute Cute Cuties,"Aug 9, 2019",0.51,IR Studio,0,0,False,0
1862960,Vestige,"Jan 22, 2022",0.0,Chemical Games,0,0,False,0
1626040,Dog_Fox_Bunny,"May 28, 2021",0.99,W,0,16,False,0
1811520,Bounty Hunters,"Jan 31, 2022",4.99,WhiteSquare Game Studio,0,0,False,0
876160,Occupy White Walls,"Jul 8, 2022",0.0,KULTURA Ex Machina,0,1080,False,0
566170,Elephant Express VR,"Dec 15, 2016",6.99,Blob Lab,0,0,False,0
1863980,Tor-tor cubes,"Jan 18, 2022",19.99,Kedexa,0,0,False,0
1812820,Bitburner,"Dec 10, 2021",0.0,"Fulcrum Games,Hydroflame",0,0,True,0
2001000,Rivalry warlord Sengoku,"Jun 27, 2022",4.99,Static ossan games,0,1,False,0
847810,Endless Horizon,"May 1, 2018",4.99,Ammonite Design Studios Ltd,0,1,False,0
1193930,Ping Pong Space - Retro Tennis,"Dec 5, 2019",2.99,Best Friend Games,0,3,False,0
1288670,Antidote,"Jun 19, 2020",8.99,TEAPOT Creation,0,12,False,0
1559430,Purrfect Apawcalypse: Purrgatory Furever,"Apr 1, 2021",5.99,"Denny Truong,Andy Schneider",0,104,True,0
1485630,Colonials Programme,"Dec 29, 2020",9.99,CookieLegends,0,13,False,0
340830,Razenroth,"Aug 28, 2015",4.99,Enitvare,0,454,True,0
1198900,The Underground King,"Jul 16, 2020",17.99,"Two-Eyed Cyclops Games SRL,Alexandru Nae,Alexandru Nechita",0,5,False,0
1560760,Lost Gold,"Mar 11, 2021",4.99,Reforged Group,0,0,False,0
1096330,兽耳攻略 - TFK Faculty,"Aug 29, 2019",3.99,多拉拉游戏工作室,0,53,False,0
1885530,My Kindergarten Learning Adventure,"Mar 13, 2022",5.99,Sprott Games,0,4,False,0
742120,DRAGON QUEST® XI: Echoes of an Elusive Age™ - Digital Edition of Light,"Sep 4, 2018",0.0,Square Enix,0,7416,False,0
665350,Mayhem Above,"Aug 14, 2017",6.99,Spinal Games,0,8,False,0
704690,Elisa: Seduce the Innkeeper,"Sep 25, 2017",4.99,Neoclassic Games,0,129,False,0
820170,CRAZY MAZE,"Apr 6, 2018",1.99,"Łukasz Tabaczkiewicz,Adrian Waltrowski",0,12,False,0
489610,Chicken Assassin: Reloaded,"Jun 27, 2016",4.99,OneShark,0,716,True,0
815860,Reframed,"Apr 27, 2018",2.99,Pulsetense Games,0,9,False,0
463010,One Way Flight,"Apr 22, 2016",2.99,SiBear Games,0,6,False,0
473140,BomberZone,"Jun 10, 2016",0.99,Dracula Bytes,0,89,True,0
586620,OR,"Feb 8, 2017",1.99,Camagames,0,58,False,0
1992120,Gamebook Edgar A. Poe: The Oval Portrait,"Jun 23, 2022",0.0,The Midworld,0,0,False,0
441680,Obscuritas,"Mar 17, 2016",14.99,VIS-Games,0,114,False,0
528900,Multirotor Sim 2,"Dec 9, 2019",4.99,Vadim Silver,0,5,False,0
1237040,"Alpha Hole Prison - A Yaoi, Gay, Bara Visual Novel","May 19, 2021",29.99,Y Press Games,0,0,True,0
1823380,AMNESIA,"Jan 14, 2022",9.99,Super Alex,0,0,False,0
702680,Wattam,"Dec 18, 2020",19.99,Funomena,0,284,False,0
933450,Wenjia,"Oct 17, 2018",8.99,Luoriver studio-洛神游戏工作室,0,301,False,0
782160,Raptainment,"Apr 18, 2018",12.99,IzmirRecht,0,2,False,0
943030,NIGHT FALLEN,"Oct 25, 2018",0.99,Nicolas Bing,0,2,False,0
665650,2V Hoverbike,"Jul 6, 2017",2.99,Intertum,0,20,False,0
994030,Anime Girl Slide Puzzle,"Dec 31, 2018",1.99,Top Hat House,0,3,True,0
965730,Evoke,"Nov 18, 2018",1.99,Polyflame,0,0,False,0
2004290,Instant War,"Jul 8, 2022",0.0,Playwing Ltd.,0,0,False,0
1003890,Blacksad: Under the Skin,"Nov 14, 2019",39.99,"Pendulo Studios,YS Interactive",0,3096,False,0
1286830,STAR WARS™: The Old Republic™,"Jul 21, 2020",0.0,BioWare,0,39819,False,0
1373250,Lonely Birds,"Apr 12, 2021",13.99,Doodad Games,0,9,False,0
1558630,Limitless Bit,"Apr 29, 2021",6.99,Inu to Neko,0,13,False,0
622480,Gus Track Adventures VR,"Jun 27, 2017",5.99,maxlvlgames,0,10,False,0
1356670,Sakuna: Of Rice and Ruin,"Nov 10, 2020",29.99,Edelweiss,0,3613,False,0
1951540,The Tennis Master,"Apr 22, 2022",9.99,Deep Games,0,0,False,0
704350,Captain 13 Beyond the Hero,"Sep 29, 2017",3.99,Zombie Soup,0,1,False,0
1551910,Race On Ice 2021 Pro,"Apr 6, 2021",1.99,CaRacing Studio,0,0,True,0
1006680,Expanse,"Oct 30, 2019",6.99,Yuri Eletskikh,0,3,False,0
80300,Puzzle Bots,"Oct 22, 2010",4.99,Ivy Games,0,119,False,0
700050,Bees Knees,"Sep 4, 2017",0.99,JimJams Games,0,0,False,0
312560,Xanadu Next,"Nov 3, 2016",14.99,Nihon Falcom,0,386,False,0
809200,TRIGGERED,"Apr 27, 2018",8.99,eelDev,0,5,False,0
742230,A Day For A Kitten,"Nov 29, 2017",1.99,橘喵喵,0,25,False,0
1484620,Arcade Spirits: The New Challengers,"May 26, 2022",19.99,Fiction Factory Games,0,64,True,0
1525370,Amazing Chicken Adventures 🐔,"Sep 3, 2021",15.99,Piotr Rochala,0,2,False,0
581320,Insurgency: Sandstorm,"Dec 12, 2018",14.99,New World Interactive,0,82246,False,0
260570,Gray Matter,"Apr 1, 2014",9.99,WizarBox Production,0,562,False,0
850450,Escape First,"May 10, 2018",4.19,OnSkull Games,0,248,False,0
72900,Winter Voices,"Oct 29, 2010",0.0,Clara Lehenaff,0,155,False,0
1435610,Master of Miracles,"Jun 18, 2021",1.99,Mudstorm Studio,0,5,False,0
272620,Serious Sam's Bogus Detour,"Jun 20, 2017",9.99,"Crackshell,Croteam",0,334,True,0
1311190,Hentai Monster Quiz,"Jun 12, 2020",0.99,Cyber Keks,0,0,False,0
1669820,Haunted Hotel: A Past Redeemed Collector's Edition,"Jun 18, 2021",9.99,Elephant Games,0,5,False,0
17470,Dead Space,"Jan 9, 2009",19.99,EA Redwood Shores,0,20216,False,0
34286,Dr. Robotnik’s Mean Bean Machine™,"Sep 13, 2010",4.99,SEGA,0,10,True,0
1470010,Blood Oath: When The Sword Rises Playtest,"Nov 25, 2020",0.0,Unknown,0,0,False,0
1349740,First Floor,"Jul 18, 2020",0.99,Keffny Charles,0,1,False,0
1756500,The Warrior of Wisdom,"May 28, 2022",1.99,Sagatics,0,0,False,0
1956400,PISTOLA,"Jun 21, 2022",2.99,"Cauê Henrique,Softwool",0,16,False,0
1271930,Zango's Shark Adventure,"Jul 31, 2020",4.99,ReflectiveByte,0,1,False,0
487160,Trials of Azra,"Sep 15, 2016",9.99,Onion Core,0,107,True,0
1991470,Cold Land,"May 26, 2022",1.99,Day Art's Games,0,14,False,0
1617360,Desperation,"May 14, 2021",4.99,EXBOTS,0,7,False,0
1710590,Overheat,"Aug 16, 2021",4.99,Epic Byte Studios,0,4,False,0
465130,Wicce,"May 4, 2016",7.99,Alpheratz*,0,95,False,0
23490,Tropico 3,"Oct 20, 2009",9.99,Haemimont Games,0,1517,False,0
1098040,Soulscape,"Jul 26, 2019",0.0,Samu,0,35,False,0
682530,MarZ: Tactical Base Defense,"Apr 4, 2019",21.99,doorfortyfour,0,576,False,0
993220,FirstPlanet,"Jan 31, 2019",2.99,WAPle,0,0,False,0
1180030,Wardwell House,"Jan 14, 2020",1.99,Moolion,0,581,False,0
645260,Trophy Fishing 2,"Jul 13, 2017",0.0,Overgroup,0,612,False,0
491800,Across The Line,"Feb 1, 2017",0.0,Emblematic Group,0,11,False,0
1647730,Zool Redimensioned,"Aug 18, 2021",9.99,Sumo Digital Academy,0,82,False,0
1504310,Azure Sky,"Jan 25, 2021",3.99,Enoops,0,20,False,0
1764000,Fishing Frenzy,"Oct 1, 2021",7.99,fishingfrenzydev,0,0,False,0
249610,Galactic Arms Race,"Jun 5, 2014",2.99,Evolutionary Games,0,41,False,0
1866250,Dangerous Hobby,"Jan 25, 2022",0.49,Rex Junior,0,5,False,0
733550,Clash of Magic VR,"Mar 19, 2018",14.99,Narvalous Inc,0,1,False,0
1910260,Geballer,"Jun 10, 2022",3.99,"Stuffed Wombat,Inko,Niklas Ström",0,34,False,0
1155910,Dice Defenders,"Sep 27, 2019",4.99,Full Screen Sorcery,0,2,False,0
1625260,中国象棋-残局大师,May 2021,5.99,苒紫网络,0,15,False,0
1672350,First Samurai,"Jul 23, 2021",3.49,Vivid Image,0,2,False,0
1674370,战斗俄罗斯方块,"Jul 27, 2021",4.99,lanqing game,0,0,False,0
1948740,Dodge & Weave,"Apr 21, 2022",6.99,WowShane,0,7,False,0
1818690,Grindstone,"Jun 20, 2022",19.99,Capybara Games,0,54,False,0
1092510,Incredible Dracula 4: Games Of Gods,"May 30, 2019",6.99,New Bridge Games,0,12,False,0
1896160,Warplan Pacific,"Mar 17, 2022",39.99,Kraken Studios,0,25,False,0
279500,Nicolas Eymerich - The Inquisitor - Book 1 : The Plague,"Apr 30, 2014",4.99,Ticonblu,0,58,False,0
395250,The Adventures of Fatman,"Oct 1, 2015",0.99,SOCKO! Entertainment,0,82,False,0
857130,Evolution,"Jun 3, 2018",3.99,D1ONE,0,20,False,0
756530,TOKYO GHOUL:re [CALL to EXIST],"Nov 14, 2019",59.99,Three Rings Inc.,0,723,False,0
1282700,Woodsalt,"Jan 25, 2021",24.99,Team Woodsalt,0,3,False,0
1421200,Conflict Of The Universe,"Oct 26, 2021",4.99,Dan Epic studios,0,0,False,0
746240,Flip the Table,"Dec 13, 2017",1.99,Barracuda Disaster,0,3,False,0
1501340,Sprint Racer,"Feb 5, 2021",0.99,Tudou Games,0,1,False,0
276730,Tango Fiesta – 80’s Action Film meets 2D Top Down Multiplayer Co-Op Roguelike Military Shooter,"Sep 24, 2015",9.99,Spilt Milk Studios Ltd,0,41,False,0
1541250,Super Raft Boat,"Feb 21, 2021",0.0,"Jason Gertner,Carson Kompon,Yukon Wainczak,Jennifer Kindl",0,691,False,0
372820,Shot In The Dark,"Jun 10, 2015",0.0,Technomancy Studios,0,78,False,0
314770,Pe-2: Dive Bomber,"Aug 6, 2014",9.99,Polynetix Studio,0,8,False,0
1682920,Song of Life,"Oct 5, 2021",1.99,Experience Game Studio,0,0,False,0
400660,Reverse Crawl,"Sep 24, 2015",0.89,Nerdook Productions,0,465,False,0
1470820,Mad Bus,"Dec 9, 2020",0.99,ImperiumGame,0,14,False,0
1376520,Stick Knight Takes Over the Universe,"Aug 27, 2020",4.99,Z-ixel,0,7,False,0
722890,Last Berserker™ : Endless War,"Jan 11, 2018",0.99,Hakan Tatar,0,39,False,0
1188590,云游志 The Clouds Travel Notes,"Dec 2, 2019",9.99,狂怒工作室 Berserk Studio,0,7,False,0
549900,Leviathan Starblade,"Nov 3, 2016",2.99,Drahcir,0,24,False,0
1081350,Master Cube,"Jul 18, 2019",0.99,Ciccolella Lorenzo,0,1,False,0
1897720,Sex Adventures - The SPA,"Feb 21, 2022",0.79,DIG Publishing,0,0,False,0
1094320,莫比乌斯之环-不属于任何人的交响悲歌-MOBIUS & ELEGY BELONGS TO NOBODY,"Oct 24, 2019",10.99,"雾屿镜式制作组,睡神飞工作室-SleeeeepFly",0,211,False,0
1356460,Commander '85 Prologue,"Jul 16, 2020",0.0,WIG Publishing,0,10,False,0
1649900,什么找茬,"Jun 22, 2021",2.99,苒紫网络,0,2,False,0
1939680,境界：斩魂之刃 Playtest,"Apr 12, 2022",0.0,Unknown,0,0,False,0
940650,Our World Is Ended.,"May 29, 2019",39.99,Red Entertainment,0,43,False,0
1405530,Prodeus Playtest,"Aug 27, 2020",0.0,Unknown,0,0,False,0
1401990,Missing Features: 2D,"Dec 18, 2020",1.99,High Level,0,13,False,0
1159680,Silent Sector,"Feb 17, 2021",14.99,Rake in Grass,0,93,False,0
745890,This Is Not A Jumping Game,"Feb 23, 2018",3.99,Heero,0,118,False,0
623880,World of Speed,"Aug 22, 2017",0.0,"Saber Interactive,Redemption Ark",0,321,False,0
618850,Pumpkin Days,"Feb 1, 2021",24.99,Pumpkin Interactive,0,414,False,0
1675940,江湖行,"Jul 8, 2021",4.99,青灯独酌,0,13,False,0
281580,Wings Over Europe,"May 30, 2014",1.99,Third Wire Productions,0,59,False,0
200980,Geneforge 2,"Jul 1, 2003",19.99,Spiderweb Software,0,62,False,0
1488810,Rabbit Hole,"Jan 27, 2022",5.99,Blazes Games,0,55,False,0
1274140,One Dreamer: Prologue,"May 7, 2020",0.0,One Dreamer Company,0,744,True,0
1467870,Mystery Case Files: Crossfade Collector's Edition,"Nov 25, 2020",9.99,Grandma Studios,0,5,False,0
1883580,Cactus Simulator,"Feb 4, 2022",0.99,Iful GS,0,137,False,0
1937620,Tennis Manager 2022,"May 17, 2022",39.99,Rebound CG,0,60,False,0
1568540,Smithworks,"Jun 17, 2022",0.0,Ardent Games,0,0,False,0
1302090,The Zone,"Jun 26, 2020",3.99,Colossus Game Studio,0,6,False,0
409390,Marble Mountain,"Apr 4, 2016",4.99,Lightning Rock,0,44,True,0
828760,Paper Shakespeare: The Legend of Rainbow Hollow,"Aug 18, 2020",4.99,Stegalosaurus Game Development,0,0,True,0
1433340,Happy's Humble Burger Farm,"Dec 3, 2021",19.99,Scythe Dev Team,0,762,False,0
1284790,Asura Girls,"Apr 22, 2020",0.99,IR Studio,0,0,False,0
805260,PICNIC,"Mar 4, 2018",0.0,A.D. Klumpp,0,7,True,0
1352200,Detective From The Crypt,"Jun 17, 2021",6.99,BOV,0,88,True,0
1553800,Notebook Ninja Fights,"Mar 1, 2022",5.99,Johnny Ginard,0,0,False,0
737670,Lost King's Lullaby,"Apr 25, 2019",9.99,Storeen Games,0,6,False,0
1646460,Gray Zone Playtest,"Jul 12, 2021",0.0,Unknown,0,0,False,0
628130,NOBUNAGA'S AMBITION: Soutenroku with Power Up Kit,"Dec 5, 2017",29.99,"KOEI TECMO GAMES CO., LTD.",0,36,False,0
1746120,Halloween Trouble 3: Match 3 Puzzle,"Oct 7, 2021",8.99,Ironcode Gaming,0,1,True,0
1245260,Battle for Iwo Jima,"Mar 4, 2020",12.99,Yobowargames,0,17,False,0
497710,Holobunnies: Pause Cafe,"Mar 22, 2017",4.99,q-bit Games,0,11,True,0
1005930,Timeflow – Life Sim,Jan 2019,9.99,Look Book Inc,0,1240,True,0
1996000,Grid Words,"Jul 7, 2022",1.99,LH Games Limited,0,1,False,0
1293120,Silmaris: Dice Kingdom,"Dec 3, 2020",9.99,Pyrogen,0,59,True,0
740090,Lost Grimoires 3: The Forgotten Well,"Dec 14, 2017",14.99,World-Loom,0,106,True,0
493080,Card Quest,"Nov 7, 2017",9.99,WinterSpring Games,0,245,False,0
359870,FINAL FANTASY X/X-2 HD Remaster,"May 12, 2016",29.99,Square Enix,0,13124,False,0
1158980,Idle Big Devil,"Nov 3, 2021",0.0,"HONG KONG SPARK SOFTWARE TECHNOLOGY CO., LIMITED",0,3154,False,0
553430,Skill Master VR -- Learn Meditation,"Nov 21, 2016",14.99,"fletcher.richman,owockitalki",0,3,False,0
2008230,Under Siege,"Jun 8, 2022",5.99,Interactive Pixel Entmt.,0,2,False,0
551060,Creekside Creep Invasion,"Oct 11, 2017",9.99,Ouch Giver Games,0,11,False,0
811850,Samba Shooter,"Apr 18, 2018",1.99,Snowdrop Lab,0,2,False,0
1058410,Physics: Optics Table,"Oct 23, 2020",14.99,Xennial Digital,0,0,False,0
951330,Weaponry Dealer VR,"Apr 17, 2020",9.99,Odooh Games,0,36,False,0
1249850,King of Vikings,"Feb 29, 2020",3.99,King Key Games,0,8,False,0
594000,Shadows and Lies,"Jun 19, 2019",0.49,Aldorlea Games,0,8,False,0
264320,Captain Morgane and the Golden Turtle,"Jan 3, 2014",4.99,WizarBox,0,102,False,0
668650,Hookbots,"Aug 27, 2019",14.99,Tree Interactive,0,22,False,0
856760,Gachi Gang,"May 27, 2018",0.49,Nikita Ghost_RUS,0,13,False,0
15500,The Wonderful End of the World,"Jul 17, 2008",4.99,"Dejobaan Games, LLC",0,465,False,0
2061270,Alien Gladiator,"Jul 7, 2022",2.99,HeneGames,0,3,False,0
1376420,StopGate,"Sep 1, 2020",0.0,Anton Pauli,0,528,False,0
1472060,Apollyon: River of Life,"Mar 31, 2021",14.99,Thuynder,0,6,False,0
1802500,Commuter,"Mar 4, 2022",1.99,Bad Neighbor Games,0,11,False,0
571180,Holiday Simulator : Wacky Sleigh Ride,"Dec 21, 2016",0.99,Hyperator VR innovation Labs,0,2,False,0
1814050,7Swordsman,"Apr 27, 2022",6.99,Chris Cummings,0,0,False,0
1347690,Groove Balls,"Jul 25, 2020",9.99,Yolopia Ltd,0,2,False,0
1018810,Drumpfy Walls,"Apr 19, 2019",4.99,Hotbox Garage,0,2,False,0
542050,Forgotton Anne,"May 15, 2018",19.99,ThroughLine Games,0,1389,False,0
243060,Urban Chaos,"Oct 15, 2013",6.99,"Mucky Foot Productions Ltd,My Little Planet Ltd",0,130,False,0
1622380,Goons: Legends of the Hockeyverse Playtest,"Dec 27, 2021",0.0,Unknown,0,0,False,0
504810,MXGP2 - The Official Motocross Videogame Compact,"Sep 8, 2016",4.99,Milestone S.r.l.,0,55,False,0
361330,Shrooms,"May 8, 2015",14.99,Immersive Douro,0,16,True,0
1169030,Monophobia,"Dec 5, 2019",3.99,ProjectCyranis,0,3,False,0
1508670,正宗台湾十六张麻将3,"Feb 7, 2021",6.99,SOFTSTAR ENTERTAINMENT,0,16,False,0
747810,Flow Handcrafted,"Nov 22, 2017",1.99,Flow,0,4,False,0
1665650,Metal and Hauling RPG Simulator,"Jan 7, 2022",0.0,Ross Harris,0,1,False,0
822510,Struggle For Survival VR : Battle Royale,"Apr 24, 2018",19.99,Neuron Studio,0,12,False,0
1238620,Peg Solitaire Adventure,"Feb 17, 2020",19.99,Kedexa,0,1,False,0
1900680,Mystery Solitaire. Grimm's Tales 4,"Feb 13, 2022",4.99,Melon Games,0,1,False,0
425460,Tokyo Twilight Ghost Hunters Daybreak: Special Gigs,"Mar 17, 2017",9.99,"Arc System Works,TOYBOX Inc.",0,45,False,0
770020,Royal Tumble,"Jan 9, 2018",0.99,4ShawGames,0,8,False,0
282620,The Battle of Sol,"Jul 1, 2015",9.99,"Bit Planet Games, LLC",0,56,False,0
789610,Splash Adventure: The Maze of Morla,"Mar 15, 2018",1.99,Morla Games,0,1,False,0
1578900,Jelly Party: Fire,"Oct 16, 2021",1.99,Jelly Studio,0,0,False,0
394970,DEADBOLT,"Mar 14, 2016",9.99,Hopoo Games,0,4247,True,0
1585500,Jay's Walkin',"Apr 16, 2021",0.0,"Thomas Hsu,Kelvin Chung,Ian Wohlers",0,0,False,0
1289990,Alan's Automaton Workshop,"Jan 20, 2022",14.99,Laputa Labs,0,113,True,0
1262580,Need for Speed™ Payback,"Jun 18, 2020",29.99,Ghost Games,0,8972,False,0
1720060,Earthquake escape,"Nov 25, 2021",199.99,CatCat Gaming,0,1,False,0
650980,Naklua VR,"Nov 10, 2017",1.99,Fly Dream Dev,0,2,False,0
1783090,Marmoset,"Oct 26, 2021",1.99,Luamar Games,0,23,False,0
705870,Echo Grotto,"Sep 20, 2017",7.99,Gaugepunk Games,0,55,False,0
950130,Evidence of Life,"Nov 19, 2018",0.99,"JustWall Games,Albatross Wirehead",0,9,False,0
1639340,Waifu vs Evil,"Sep 10, 2021",0.49,Sweet Games,0,23,False,0
99410,Garshasp: Temple of the Dragon,"Sep 24, 2012",4.99,Dead Mage,0,41,False,0
980440,Knights Rubbish,"Dec 6, 2018",3.99,Yu Chao,0,1,True,0
836080,BARRAGE / 铁幕,"Apr 18, 2018",1.24,原型工业 | Archetype Industry,0,43,False,0
840160,Tokavuh Stream Control,"Jun 24, 2019",19.99,Tokavuh Technologies oy,0,12,False,0
586080,Age of Heroes (VR),"Jul 20, 2017",29.99,Omnigames,0,12,False,0
501440,Stars,"Aug 30, 2016",14.99,MatrixStudio,0,11,False,0
802810,KNACK!,"Feb 27, 2018",0.49,Ardi Studio,0,40,False,0
1412560,Death Rattle - Hell Unleashed,"Jun 3, 2021",16.99,Aligned Games,0,14,False,0
637110,Runes of Avalon - Path of Magic,"Jul 26, 2017",8.99,AnaWiki Games,0,2,False,0
612930,Fight of Gods,"Mar 28, 2019",14.99,Digital Crafter,0,663,False,0
1330460,Becastled,"Feb 8, 2021",14.99,Mana Potion Studios,0,3057,False,0
2022160,C&amp;T Playtest,"Jun 2, 2022",0.0,Unknown,0,0,False,0
1236780,AKIBA'S TRIP: Hellbound & Debriefed,"Jul 20, 2021",29.99,ACQUIRE Corp.,0,88,False,0
1890000,Fly&Poop,"Jul 15, 2022",1.99,José F. de León,0,0,False,0
495520,Ping Pong League,"Feb 27, 2017",0.0,Cover Corp.,0,69,False,0
320330,Earthworms,"Feb 23, 2018",0.59,All Those Moments,0,131,False,0
1309910,Vacation Adventures: Park Ranger 10,"May 21, 2020",6.99,Casual Arts,0,3,False,0
889240,Loot Box Simulator,"Jul 27, 2018",0.0,Clickbait Studios,0,59,False,0
1493410,Mini Car Money Chase,"Dec 21, 2020",0.99,xproject,0,22,False,0
1620890,Hentai Boy,"May 31, 2021",0.99,Hentai X,0,0,False,0
413540,Recourse,"Feb 29, 2016",19.99,Clouds and Blue,0,15,False,0
624120,Football Manager Touch 2018,"Nov 9, 2017",0.0,Sports Interactive,0,127,True,0
932500,Damned Daniel,"Nov 30, 2018",2.99,Red Mouse Games,0,101,False,0
438020,AI: Rampage,"Jan 27, 2016",1.99,Sekerin Productions,0,160,False,0
818480,Eternal Man: Mountain,"Apr 6, 2018",0.99,eProdigy,0,17,False,0
1813570,jingor sudoku,"Dec 3, 2021",1.99,ZHANG LIDONG,0,1,False,0
237550,Realms of Arkania: Blade of Destiny,"Jul 29, 2013",3.74,"United Independent Entertainment,Crafty Studios",0,213,True,0
1985250,Memoir,"Jun 3, 2022",0.0,7757,0,0,False,0
292990,NOBUNAGA'S AMBITION: Souzou,Aug 2014,24.99,"KOEI TECMO GAMES CO., LTD.",0,835,False,0
1051270,Logistic Expert,"Jul 3, 2019",2.99,IO Games,0,5,False,0
1479100,Worst Nightmare,"Jan 20, 2021",11.99,Marca59,0,1,False,0
1160560,Galmon Folklore ~Monster Girl Galore!~,"Jun 24, 2020",16.99,ミラージュブリンガー,0,1,False,0
667240,Vintage Hero,"Aug 4, 2017",1.99,Frog the Door Games,0,12,False,0
1160190,Player One,"Oct 10, 2019",1.99,Prime2Gold,0,2,False,0
1349830,RONIN: Two Souls CHAPTER 1,"May 27, 2021",14.99,M11 Studio,0,222,False,0
1714680,Slimefrog,"Sep 21, 2021",5.99,Jordan Pefianco,0,12,False,0
373630,Game Type,"Sep 23, 2015",2.99,Mommy's Best Games,0,32,False,0
286200,ReignMaker,"Apr 16, 2014",14.99,Frogdice,0,201,True,0
1341900,Castle on the Coast,"Dec 2, 2021",7.49,Big Heart Productions,0,48,False,0
1187410,Master Of Dodging,"Apr 11, 2020",1.99,古鱼竿工作室Ancient Fishing Rod,0,11,False,0
364810,Star Trek™: Starfleet Academy,"May 8, 2015",9.99,Interplay Entertainment Corp.,0,82,False,0
955530,Wildest of the Wild,"Nov 1, 2018",4.99,Dmitry Morozov,0,2,False,0
1012510,Greenland Melting,"Mar 18, 2019",0.0,"Emblematic Group,X-Rez Studio,Realtra",0,13,False,0
273620,Freespace 2,"Jun 6, 2014",9.99,Volition Inc,0,216,False,0
225160,Shadow Warrior Classic Redux,"Jul 8, 2013",9.99,General Arcade,0,2637,True,0
1635790,ChessCraft,"Dec 16, 2021",3.99,Stuart Spence,0,13,True,0
724750,Robot's Mystery,"Nov 29, 2017",3.99,"Tomer Caner,Nitay Parnes",0,1,False,0
715240,Claws & Feathers 3,"Dec 3, 2020",7.99,Adept Studios GD,0,8,False,0
801210,Spellsword Cards: Demontide,"Mar 7, 2019",5.99,One Up Plus Entertainment,0,48,False,0
1252480,Plasticalypse - Submarine Adventures,"Mar 4, 2021",8.99,FLUXO GAMES,0,5,False,0
869060,Resort Boss: Golf,"Jul 25, 2019",12.99,Gus Martin,0,57,False,0
759940,前程似锦 Excellent Expectations,"Dec 21, 2017",2.99,内购人生PABL,0,753,False,0
1590270,Partitas,"May 10, 2021",0.99,Lotz,0,27,False,0
856300,Disc Golf VR,"May 28, 2018",0.0,William W,0,7,False,0
1063330,麻神消消乐,"May 19, 2019",0.0,MiaoXi Studio,0,1,False,0
1300560,Mars Power Industries: First Job,"Jun 9, 2020",0.0,"7A Games,Rarykos",0,44,True,0
545180,Muffled Warfare - Echolocation Shooter,"Apr 27, 2018",9.99,Gattai Games,0,90,False,0
1323470,GetsuFumaDen: Undying Moon,"Feb 16, 2022",24.99,"Konami Digital Entertainment,GuruGuru",0,544,False,0
1476760,Amazing Fix,"Apr 14, 2021",9.99,"Nicolas Beaudette,Karl Dupere-Richer",0,24,False,0
301560,White Night,"Mar 3, 2015",14.99,OSome Studio,0,240,True,0
1485760,RunningMarty,"Dec 13, 2020",2.99,ImperiumGame,0,2,False,0
761700,Your Diary +,"Aug 10, 2018",24.99,Cube,0,126,False,0
603340,Demon Blade VR,"Sep 14, 2017",5.99,Monkeys Crowd Entertainment,0,1,False,0
1148100,Life on the hook,"Feb 21, 2022",2.99,Arkuda Inc.,0,26,False,0
659500,A Mining Game,"Jul 20, 2019",0.0,"Atlas,Daz",0,101,False,0
1553480,The Architect's Game,"Sep 17, 2021",6.99,SelianiDEV,0,1,False,0
1999140,Extraneum,"Jun 14, 2022",11.99,David Jalbert,0,18,True,0
1299000,Toasted!,"Mar 17, 2022",8.99,Polygon Dust Entertainment Ltd.,0,0,False,0
817150,Factory pirates,"Aug 24, 2018",0.67,WhackAKey Games,0,5,False,0
1306900,BadBee,"Jul 24, 2020",1.99,Arthavan Studio,0,13,False,0
826660,Rosette and Words,"Apr 16, 2018",2.99,SmallBigSquare,0,13,False,0
663920,DoFi,"Jul 7, 2017",0.99,Unknown,0,0,True,0
1572790,Gustavo : Kingdom Rebirth,"Mar 25, 2021",5.99,Roy,0,3,False,0
1121120,Smooth Mover,"Sep 14, 2019",0.0,BlurryBit,0,2,False,0
1239030,Seven Dunes: Curse on the Golden Sand,"Jan 7, 2022",11.99,lynXoft,0,3,False,0
359630,Independence War® 2: Edge of Chaos,"May 7, 2015",5.99,Particle Systems Ltd.,0,51,False,0
1457070,Elmo's Kangaroo of the damned: PUNISHMENT EDITION,"Nov 12, 2020",2.99,Sisusieni,0,10,False,0
1361810,be you 2,"Jul 18, 2020",0.0,louis morel,0,71,False,0
312280,Simply Chess,"Sep 11, 2015",0.0,BlueLine Games,0,2359,True,0
706370,LOGistICAL: USA - Oregon,"Sep 19, 2017",1.99,Sacada,0,7,False,0
1062120,Peas Adventure,"Apr 18, 2019",0.99,Artur Rezende,0,3,False,0
929010,Swag and Sorcery,"May 9, 2019",12.99,"Lazy Bear Games,Uroboros Games",0,1459,False,0
514520,Sparky's Hunt,"Aug 18, 2016",0.99,Luke Cripps,0,6,False,0
1460910,Flippen Run Mike,"Nov 15, 2020",2.99,Button Bash Games,0,1,False,0
1269450,Goofy Golf Remastered Steam Edition,"Apr 1, 2020",6.99,Pokies4fun,0,1,False,0
1089660,Queen's Quest 5: Symphony of Death,"Jul 18, 2019",14.99,Brave Giant LTD,0,77,True,0
836470,Mage Fort,"May 10, 2018",4.99,Fuzzy Code Studio LLC,0,4,False,0
1670320,Sky Creator,"Jul 7, 2021",4.99,Knife Entertainment,0,21,False,0
1681000,超逼真的攻城模拟器 Playtest,"Jul 28, 2021",0.0,Unknown,0,0,False,0
1987000,Undergrave Playtest,"May 9, 2022",0.0,Unknown,0,0,False,0
1412980,Ironseed 25th Anniversary Edition,"Sep 21, 2020",14.99,"Robert Morgan,Jeremy Stanton",0,11,False,0
329690,BasketBelle,"Dec 9, 2014",4.99,Studio Bean,0,125,False,0
423730,Hyper Gods,"Oct 7, 2016",6.99,Ground Control Studios,0,11,False,0
1097130,Circuit Superstars,"Oct 12, 2021",19.99,Original Fire Games,0,1269,False,0
1604790,After School,"May 6, 2021",2.99,Taiga,0,1,False,0
25800,Europa Universalis III Complete,"Feb 4, 2009",14.99,Paradox Development Studio,0,1525,False,0
1253110,System Invaders,"Mar 27, 2020",0.0,Prisma Games L.L.C.,0,29,False,0
2018990,Mythic Origins,"Jul 14, 2022",0.0,Abyssal Studios LLC,0,0,True,0
1069080,Player Goes Jump,"Mar 4, 2022",0.0,Joshua Hotchin,0,3,False,0
689130,Operation: Polarity Hook,"Feb 19, 2019",4.99,Cronoforge Studios Inc.,0,0,False,0
592350,Nvil,"Mar 24, 2017",59.99,Digitalfossils Ltd,0,34,False,0
968350,Hotel Sowls,"Dec 31, 2019",4.99,Studio Sott,0,451,False,0
1605230,Spaceship - Visual Effect Graph Demo,"Oct 4, 2021",0.0,Unity Technologies,0,0,True,0
1547220,No Going Back,"Mar 4, 2021",3.99,"Bracket Entertainment,Bram Goderie",0,1,False,0
1341630,"Go, Go Cowboy","Jun 26, 2020",1.99,Wertex Games,0,14,False,0
503770,Elven Assassin,"Sep 10, 2016",13.99,Wenkly Studio Sp. z o.o.,0,480,False,0
1120410,Apollo 11 VR,"Aug 1, 2019",0.0,IDIA Lab,0,6,False,0
1087070,Poly Fishing,"Aug 19, 2019",9.99,Kai Zou,0,0,False,0
1370370,Lands of Sorcery,"Jun 10, 2022",24.99,Sun Bay Games,0,21,False,0
1401940,LuLu Looking For Dogs,"Sep 16, 2020",1.99,Lsq Entertainment,0,0,False,0
1418090,Cafe Deux Femmes,"Sep 24, 2020",4.99,Double Peach Productions,0,13,False,0
1014730,Cyndy,"May 16, 2019",7.99,DreamBig Games,68,16,False,99
1192550,Master of Wills,"Mar 1, 2021",0.0,"Stormcrest Games,Pizia,Sureksu Games",0,27,False,0
317060,Attractio,"Jan 18, 2016",0.0,GameCoder Studios,0,54,True,0
1244830,Conflict: Europe,"Oct 8, 2020",6.99,Personal Software Services,0,1,True,0
1766830,Louder Than Words ~The Story of a Field Trip~,"Oct 29, 2021",1.99,SRX Gameworks,0,3,False,0
1917520,Tendryll Playtest,"Mar 31, 2022",0.0,Unknown,0,0,False,0
245470,Democracy 3,"Oct 14, 2013",24.99,Positech Games,0,5338,True,0
1262930,Handball Manager 2021,"Jan 28, 2021",17.49,netmin games,0,54,False,0
1002920,The Last Dinner,"Jan 10, 2019",0.0,西安乐趣软件科技有限公司,0,17,False,0
1333460,Nino Maze LOFI,"Jun 23, 2020",0.49,Carlos Junio,0,74,False,0
1868710,Pirates on Target,"Jan 22, 2022",0.69,RainForest Games,0,13,False,0
532170,WaveLand,"Apr 18, 2017",4.99,rologfos,0,63,False,0
1363360,Noch,"May 19, 2021",6.99,"Fair Games Studio,Noostyche",0,90,False,0
522240,Pool Panic,"Jul 19, 2018",14.99,Rekim,0,242,False,0
1151930,Buissons,"Feb 2, 2021",8.99,"Tambouille,Géraud Zucchini",0,90,False,0
445350,Atomic Space Command,"Oct 13, 2016",14.99,"No, You Shut Up Inc.",0,7,True,0
951010,Zero spring episode 1 English translation version,"Oct 24, 2018",0.9,Sonic-Alpha,0,3,False,0
1235400,CATharsis,"Mar 11, 2020",2.99,MIYAKOpubl,0,6,False,0
1345770,Adventure Farm VR,"Jul 1, 2020",7.99,AdventureFarmVR,0,2,False,0
1595950,A Strange Hotel,"Jun 30, 2021",6.99,EmInSpace,0,6,False,0
410770,Roads of Rome,"Oct 16, 2015",3.99,Whiterra,0,59,False,0
1285080,Gordian Rooms 1: A curious heritage,"Sep 22, 2020",2.99,Crimsonite Games,0,290,False,0
330100,BossConstructor,"Oct 24, 2016",14.99,Neomateria Games GmbH,0,155,True,0
1181520,Null & Peta -Invasion of the Queen Bug-,"Jan 30, 2020",19.99,TOKYOTOON,0,64,False,0
674940,Stick Fight: The Game,"Sep 28, 2017",4.99,Landfall West,0,91539,False,0
1383270,Pre-Shave,"Aug 21, 2020",0.0,"Saam Pahlavan,M. James Short",0,34,False,0
446550,Infinite Minigolf,"Jul 25, 2017",14.99,Zen Studios,0,88,False,0
1627740,"SHAKESPEARE? More like THIRSTspeare, amirite?","Jul 8, 2021",4.24,Stegalosaurus Game Development,0,0,True,0
434150,Dark Night,"Jan 11, 2016",0.99,NighthoodGames,0,22,False,0
361100,Dual Souls: The Last Bearer,"Oct 19, 2021",5.99,Stun Games,0,31,True,0
1478740,Broken Lines Playtest,"Dec 7, 2020",0.0,Unknown,0,0,False,0
1232010,Radical Rabbit Stew,"Jul 16, 2020",15.99,Pugstorm,0,107,False,0
557400,Midas Gold Plus,"Feb 1, 2017",0.0,Holyday Studios,0,1475,False,0
590640,Professor Teaches® Excel 2016 – Mac,"Feb 28, 2017",14.99,Individual Software,0,0,False,0
288100,MechRunner,"Jul 15, 2016",6.99,Spark Plug Games,0,11,True,0
1050190,Fast Travel: Loot Delivery Service,"Apr 20, 2019",0.0,Souper Chef,0,6,False,0
463850,Muddy Heights® 2,"Apr 19, 2016",2.99,"Rageborn Studio, LLC",0,197,False,0
906600,Gunkid 99,"Mar 13, 2019",5.99,Yongjustyong,0,57,False,0
496990,Ghost Sweeper,"Jul 22, 2016",3.99,7 Raven Studios,0,26,False,0
1147490,Frontline: Western Front,"Sep 13, 2019",5.99,Frontline: Games Series,0,35,False,0
1581760,"Poetry, wine and sword","Apr 9, 2021",3.99,我一人足矣,0,2,False,0
263400,War of the Human Tanks,"Jan 10, 2014",9.99,Yakiniku Banzai,0,450,False,0
1841740,Drone Simulator,"Dec 22, 2021",9.99,Ammonite Design Studios Ltd,0,0,False,0
804850,Pax Nova,"Apr 28, 2020",24.99,Grey Wolf Entertainment,0,222,False,0
1019550,Thief Simulator VR,"Nov 5, 2020",19.99,GameBoom VR,0,600,False,0
564050,Bud Spencer & Terence Hill - Slaps And Beans,"Apr 20, 2018",19.99,Trinity Team,0,1325,True,0
1336600,Cabin Fever,"Jul 12, 2021",9.99,Steamy Buns Games,0,270,True,0
924090,Trip in HELL,"Sep 5, 2018",0.59,Nikita Ghost_RUS,0,8,False,0
903760,BinaryBotsVR,"Nov 22, 2018",0.0,cbinfosystems,0,5,False,0
648020,The Fleet,"Jun 16, 2017",3.99,Choice of Games,0,8,True,0
758090,Monobeno,"Jan 26, 2018",24.99,Lose,0,572,False,0
857500,BLACK BIRD,"Oct 30, 2018",18.99,Onion Games,0,81,False,0
748980,Tico,"Nov 21, 2017",4.99,baKno Games,0,6,True,0
1025410,Metamorphosis,"Aug 12, 2020",24.99,Ovid Works,0,385,False,0
1032730,Sticks And Bones,"Mar 28, 2019",5.99,Mohammad Arkobi,0,112,False,0
1031660,Mango Cart,"Mar 25, 2019",3.99,AkriGames,0,4,True,0
1729370,OnlyGame: Working Girls,"Sep 14, 2021",0.99,Black Hole,0,0,False,0
1239470,Raid,"Jun 24, 2020",5.99,Ikuku,0,0,False,0
651990,The Montana Chronicles: Montana's Croatoa,"Jul 7, 2017",1.99,Austin Boucher,0,1,False,0
710880,Dark Rising,"Oct 20, 2017",7.99,Clear Light Games,0,4,False,0
1134630,Pear Quest,"Jan 17, 2020",2.99,Sokpop Collective,0,20,False,0
865630,One Hundred Times Me,"Feb 19, 2019",2.99,Retryable,0,8,False,0
1023560,Cornflake Crisis,"Sep 2, 2020",8.99,Mike Laraman,0,11,False,0
1552410,HELLCARD Playtest,"Mar 12, 2021",0.0,Unknown,0,0,False,0
896240,The Grand Museum VR,"Jul 20, 2018",9.99,Owlgorithm,0,1,False,0
1160580,Model Melissa,"May 15, 2020",4.99,Dharker Studio,0,0,False,0
1571060,Blob Lander,"Jun 28, 2021",5.99,Blob Lander,0,1,False,0
1597790,Mainframe Defenders: Meltdown - Prologue,"Jun 2, 2021",0.0,Synthetic Domain,0,0,True,0
1273120,Eira: Echoes of Adventure,"May 8, 2020",0.0,No Scope Studios,0,23,True,0
48800,Ship Simulator Extremes,"Aug 27, 2010",4.99,VStep,0,1014,False,0
426040,Goodnight Butcher,"Dec 18, 2015",1.99,Perfect Square Studios,0,28,False,0
1980260,BEWBEWBEW,"Jun 12, 2022",0.0,Almusal,0,0,False,0
939740,Qian-Shan Village / 殭屍山莊,"Aug 1, 2019",18.99,The Barking Dog Entertainment,0,2,False,0
1962530,The Hunsa Magic,"May 19, 2022",0.0,Hunsa Studios,0,0,False,0
1829960,Zephyrus Prelude,"Dec 17, 2021",2.49,MageLoop,0,1,False,0
1093670,ATTACK OF THE EVIL POOP,"Jul 9, 2019",4.99,"Ascend Digitally,Alejandro Navarro",0,34,False,0
746710,Cypher,"Feb 20, 2018",4.99,Matthew Brown,0,494,False,0
1300950,Tiki Tiki: The Tropical Memory Game,"Aug 28, 2020",4.99,Cosmic Works Studios,0,6,True,0
1945250,Blacktop Hoops,"Apr 19, 2022",0.0,Vinci Games,0,0,False,0
1694120,Space Intervention,"Jul 27, 2021",1.99,RandomSpin,0,1,False,0
252030,Valdis Story: Abyssal City,"Oct 30, 2013",14.99,Endlessfluff Games,0,2155,False,0
960690,One Step From Eden,"Mar 26, 2020",19.99,Thomas Moon Kang,0,5820,True,0
677230,Around the Words,"Aug 8, 2017",3.99,3DDUO,0,2,False,0
241760,Kill to Collect,"Apr 6, 2016",9.99,Pieces Interactive,0,181,False,0
1316200,House Sitter,"May 27, 2020",4.99,Eric Steinberg,0,28,False,0
805850,Wrecked,"May 21, 2018",0.0,Marco Amadei,0,1771,True,0
1539970,The Haunted Tunnel,"Mar 5, 2021",0.99,Anamik Majumdar,0,1,True,0
1078670,Another Dawn,"Jan 31, 2020",9.99,KR Games,0,4,False,0
213390,Atooms to Moolecules Demo,"Apr 6, 2012",0.0,BitSits Games,0,10,False,0
856560,Black Roses,"May 28, 2018",0.99,Naughty Squirrels,0,1,False,0
896400,Alien Attack: Pocket Edition,"Aug 1, 2018",1.99,Alien Jellyfish,0,16,False,0
692610,Two Escapes,"Aug 30, 2017",1.99,Whitefish Software,0,2,True,0
1593080,Romance of Raskya,"Jun 2, 2021",6.99,"Basileus Games, LLC",0,0,False,0
1644080,Rock 'n' Roll Will Never Die!,"Apr 28, 2022",17.99,Valtteri Tavast,0,11,False,0
1490610,METALLIC CHILD,"Sep 15, 2021",24.99,STUDIO HG,0,943,False,0
517370,Tavernier,"Aug 25, 2016",2.99,From The Bard,0,136,False,0
1336120,Bridge Constructor: The Walking Dead,"Nov 19, 2020",9.99,ClockStone,0,119,True,0
1057540,Cthulhu Saves Christmas,"Dec 23, 2019",9.99,Zeboyd Digital Entertainment LLC,0,181,False,0
672720,Crime Solitaire 2: The Smoking Gun,"Jul 26, 2017",6.99,Desktop Gaming,0,4,False,0
235520,The White Laboratory,"Mar 28, 2019",9.99,Laboratory Systems,0,236,False,0
432540,Devil Sealing Stone,"Apr 11, 2016",7.99,WJLEGAME,0,4,False,0
409660,Angry Video Game Nerd II: ASSimilation,"Mar 29, 2016",9.99,FreakZone Games,0,662,True,0
1016010,W4RR-i/o-RS: Descent,"Feb 20, 2019",4.99,Xeneder,0,4,False,0
662830,Bombix,"Mar 2, 2018",0.0,Pragmatix Ltd,0,908,False,0
1124860,Otter Space Rescue,"Aug 27, 2019",0.99,Noah Lewin,0,5,False,0
1634290,Chuhou Joutai 2: Paraided!,"Jul 1, 2021",4.99,Drillimation Systems,0,4,False,0
1413480,Shin Megami Tensei III Nocturne HD Remaster,"May 20, 2021",49.99,ATLUS,0,2008,False,0
115800,Owlboy,"Nov 1, 2016",24.99,D-Pad Studio,0,4444,True,0
499450,The Witcher 3: Wild Hunt - Game of the Year Edition,"Aug 29, 2016",0.0,CD PROJEKT RED,0,0,False,0
1483060,Cube Paradox,"Dec 15, 2020",2.99,"ZeroABr,Wasune",0,15,False,0
1411630,Ice Star Tribes,"Sep 16, 2020",7.99,Avisgames,0,0,False,0
1903850,Jessica Secret of the Caribbean,"Mar 14, 2022",5.39,GFI,0,0,False,0
1694380,Am Madness,"Aug 27, 2021",3.99,James Stringer,0,4,False,0
386840,Sentinel 4: Dark Star,"Aug 13, 2015",6.99,Origin8 Technologies Ltd,0,45,False,0
1927950,Harmony Overture,"May 17, 2022",0.0,Sleepy Squirrel Studios,0,0,False,0
1381640,Captain Frogger,"Aug 17, 2020",2.99,flapper3 inc.,0,9,False,0
2320,QUAKE II,"Aug 3, 2007",4.99,id Software,0,3071,False,0
1285490,Way of Boy: Another Way,"May 9, 2020",2.99,Rapak Games,0,6,False,0
1162570,The Protagonist: EX-1,"Jul 18, 2021",13.99,3Mind Games,0,15,False,0
1005300,The Jackbox Party Pack 6,"Oct 16, 2019",29.99,"Jackbox Games, Inc.",0,2228,True,0
415200,Motorsport Manager,"Nov 9, 2016",19.99,Playsport Games,0,10633,True,0
1842390,One Day,"Dec 28, 2021",0.0,Teeling,0,0,False,0
1011670,Totally Reliable Delivery Service,"Apr 1, 2021",14.99,We're Five Games,0,483,True,0
243970,"Invisible, Inc.","May 12, 2015",19.99,Klei Entertainment,0,4701,True,0
1846830,Gummings,"Jan 11, 2022",1.99,Timon Softa,0,4,False,0
671180,Elementals Reborn,"Aug 21, 2017",1.99,"alexnown,Kunio",0,4,False,0
714510,Chaos Souls,"Nov 7, 2017",0.0,Visualnoveler,0,12,False,0
39530,Painkiller: Black Edition,"Jan 24, 2007",9.99,People Can Fly,0,1270,False,0
1938180,Axolotl is Dry,"Apr 25, 2022",9.99,Manodeix,0,26,False,0
386510,Pyramid Raid,"Dec 15, 2015",2.99,Travian Games GmbH,0,96,False,0
1813650,VR Sweet Heart,"Feb 20, 2022",6.99,William at Oxford,0,4,False,0
320410,Near Impact,"Sep 16, 2014",0.99,Sonalysts Combat Simulations,0,2,False,0
1114660,4K Bricks Breaker Plus,"Oct 2, 2019",1.99,PhantomHeadache,0,2,False,0
1671290,Geography Quiz Festival: Guess the countries and flags!,"Oct 7, 2021",3.99,Trigger the Monster,0,0,False,0
1059430,PAGAN PEAK VR,"Oct 30, 2019",3.99,anotherworld GmbH,0,130,False,0
1937250,WART,"Apr 2, 2022",5.99,类人猿Leiry,0,0,False,0
990180,The Ghost of You,"Dec 21, 2018",5.99,Noodletub Games,0,24,False,0
1276820,Space War Machine,"May 11, 2020",0.99,Keith Ty Havron,0,1,False,0
1164010,Mouse Cursor,"Oct 7, 2019",1.99,chengcong,0,121,False,0
1999680,Rue la résistance,"Jun 14, 2022",0.0,RVT,0,0,False,0
1046070,Helltower,"Mar 26, 2019",4.99,Dragonware,0,3,False,0
758190,Dragon Cliff,"May 11, 2018",2.99,Meta Interaction,0,5672,False,0
1425770,再苟一步 One More Step,"Nov 6, 2020",4.99,01 Games,0,46,False,0
471400,Space Jammers,"Mar 8, 2017",14.99,Spread Shot Studios LLC,0,10,True,0
797020,TinyWar high-speed,"Feb 21, 2018",9.99,Masakazu Yanai,0,11,False,0
1432390,Sonority,"May 25, 2022",15.99,Hanging Gardens Interactive,0,59,True,0
1278150,Nayati River,"Aug 20, 2021",18.99,Worlds To Play,0,49,False,0
969420,Dereliction,"Nov 22, 2018",0.99,Alex Zimich,0,0,False,0
1626210,Raygun Gadabout Playtest,"Jun 17, 2022",0.0,Unknown,0,0,False,0
1602460,Mazeing,"Jun 14, 2021",0.99,CircleGames,0,1,False,0
302570,Dangerous,"Dec 16, 2014",19.99,Binary Helix,0,14,False,0
1135450,Psy High 2: High Summer,"Aug 15, 2019",5.99,Choice of Games,0,9,True,0
409870,Phantom Brave PC,"Jul 25, 2016",19.99,"Nippon Ichi Software, Inc.",0,412,False,0
1297430,Deadly Dozen Reloaded,"Apr 29, 2022",29.99,N-Fusion Interactive,0,15,False,0
840430,Planetary Dustoff,"Dec 16, 2019",14.99,Rymdfall AB,0,39,False,0
1555230,Starvoly,"Mar 14, 2021",14.99,Zeratd Gaming,0,7,False,0
980560,Overcraft,"Jan 24, 2019",1.99,SunshineOvercast,0,0,False,0
1470060,GHOSTWINTER,"Dec 3, 2020",0.0,Dimpiks,0,10,False,0
794180,PRO FISHING SIMULATOR,"Nov 29, 2018",9.99,Sanuk Games,0,17,False,0
1282080,Chang'an: The capital of Tang Dynasty,"May 13, 2021",9.99,Romulus,0,38,False,0
1217900,Chronostation,"Mar 2, 2020",9.99,Manfromstars,0,20,False,0
664060,Willful,"Aug 9, 2017",3.99,Luke Vincent,0,7,False,0
1553080,Nikola Tesla: War of the Currents,"May 12, 2022",6.99,Choice of Games,0,12,True,0
1617030,tERRORbane,"Apr 1, 2022",15.99,BitNine Studio,0,159,False,0
377710,Idol Magical Girl Chiru Chiru Michiru Part 1,"Jul 29, 2015",19.99,Frontwing,0,155,False,0
1741230,Fantasy Heroes: 4-Directional Character Editor & Sprite Sheet Maker,"Sep 27, 2021",19.99,Hippo Games,0,5,False,0
625560,The Overdreamer,"Jul 16, 2017",10.99,Hars,0,13,False,0
581370,Drizzlepath: Glass,"Feb 14, 2017",2.99,Tonguç Bodur,0,96,False,0
1035270,Furry Chronicles,"Mar 10, 2019",2.99,DYSTANT Games,0,3,True,0
1182370,Mr. Hopp's Playhouse,"Nov 15, 2019",0.0,Moonbit,0,1014,False,0
880870,Donut Arena,"Mar 17, 2022",2.99,Mario Ariano,0,3,False,0
1513500,Plumber,"Jan 21, 2021",4.99,Miltan,0,6,False,0
775580,ITTA,"Apr 22, 2020",14.99,Glass Revolver,0,214,False,0
410040,Hope in Hell,"Nov 4, 2015",2.99,Emeryon games,0,1,False,0
1261790,ABSOLUTE,"May 10, 2020",2.99,Ladder Games,0,0,False,0
729130,Sound Soarer,"Oct 11, 2017",4.99,Bjarki Arge Andreasen,0,1,False,0
341090,On A Roll 3D,"Feb 12, 2015",3.99,Battenberg Software,0,228,True,0
338070,ルナティックドーン レジェンドパック,"Jan 8, 2015",34.99,ARTDINK,0,16,False,0
589940,Eye of the Temple,"Oct 14, 2021",13.99,Rune Skovbo Johansen,0,261,False,0
849200,Shadow of the Tomb Raider: Definitive Edition,"Sep 14, 2018",0.0,"Eidos-Montréal,Crystal Dynamics,Nixxes,Feral Interactive (Mac),Feral interactive (Linux)",0,12657,True,0
746680,Bounce Rescue!,"Feb 1, 2018",1.99,Bitecore Ltd.,0,6,True,0
524220,NieR:Automata™,"Mar 17, 2017",39.99,"Square Enix,PlatinumGames Inc.",0,91816,False,0
285840,Enemy Mind,"Jun 6, 2014",9.99,Schell Games,0,666,False,0
24780,SimCity™ 4 Deluxe Edition,"Jul 20, 2010",19.99,"EA - Maxis,Aspyr (Mac)",0,5729,False,0
1189820,Lightale,"Mar 3, 2020",9.99,SmilingKey,0,3,False,0
423900,Dinocide,"Jan 21, 2016",9.99,AtomicTorch Studio,0,114,True,0
1306910,DICHOTOMY,"Aug 2, 2021",10.99,RedStarGames,0,1,False,0
1387590,列传：革新战争,"Jan 6, 2021",16.99,Ash Game Studio,0,157,False,0
514930,Super Hop 'N' Bop ULTRA,"Oct 17, 2016",1.99,CTgames,0,6,False,0
1964840,Core Iris,"May 20, 2022",4.99,Joseph Lodge,0,0,False,0
1968420,Catch the Yeti!,"May 12, 2022",2.99,Pinebud Games,0,0,False,0
1517320,1000 Shards,"Jan 22, 2021",0.99,olsenF,0,10,False,0
758440,Last Rose,"Aug 30, 2019",6.99,GNATINK,0,14,False,0
1110200,Spaceman Defender,"Jul 19, 2019",1.99,LoadUpGames.com,0,1,False,0
936600,Shoot'n'Scroll 3D,"Oct 3, 2018",4.99,PlayMobileFree,0,3,False,0
973100,Super Realistic Autocross,"Aug 6, 2019",9.99,"Doonamai, LLC",0,11,False,0
697550,It Lurks Below,"May 29, 2019",19.99,Graybeard Games,0,1023,False,0
771070,Infinos Gaiden,"Jan 19, 2018",10.99,Picorinne Soft,0,66,False,0
556830,GemWars,"Nov 29, 2016",7.99,"uyi technology Co,Ltd",0,3,False,0
1139200,World left Behind,"Sep 13, 2019",0.0,keron veal,0,10,False,0
562010,Tanki Online,"Mar 2, 2017",0.0,Alternativa Game Ltd.,0,3238,False,0
1887200,Mechaguard,"Feb 21, 2022",24.99,Fuliorta,0,17,False,0
1171250,Suka's Escape,"Oct 29, 2019",9.99,Flying Escape Kick Studios,0,0,False,0
1425300,Factorization,"Oct 6, 2020",6.99,Celerium Games,0,2,True,0
890220,Math Fun,"Aug 4, 2018",4.99,Yash Future Tech Solutions Pvt Ltd,0,98,False,0
1532770,Sex and the Furry Titty,"Jun 3, 2021",5.99,Furlough Games,0,0,False,0
1222180,Retro Drift,"Aug 12, 2020",0.99,Meng Games,0,23,False,0
251430,The Inner World,"Sep 27, 2013",14.99,Studio Fizbin,0,914,True,0
399130,Massive Cleavage vs Zombies: Awesome Edition,"Jul 8, 2016",2.99,Awesome Enterprises,0,82,False,0
1730530,SparkMutts Playtest,"Aug 18, 2021",0.0,Unknown,0,0,False,0
545980,Voodoo Vince: Remastered,"Apr 17, 2017",14.99,"Beep Games, Inc.",0,359,False,0
868710,Hope of Humanity,"Jun 9, 2020",0.0,Artepi Corporation,0,8,True,0
830490,Achievement Lurker: You are going to have to work hard for these nuts,"Jun 19, 2018",1.99,Perverse Games,0,34,False,0
247370,Mutant Mudds Deluxe,"Nov 21, 2013",9.99,Renegade Kid,0,414,False,0
898490,Dorian Morris Adventure,"Nov 16, 2020",8.99,Forestlight Games,0,14,False,0
1837020,MotionMuse,"Feb 16, 2022",34.99,Muni Animation,0,6,False,0
562160,The Inner Darkness,"Feb 24, 2017",4.99,Nauris Amatnieks,0,64,False,0
1273690,Ashwalkers,"Apr 15, 2021",11.99,Nameless XIII,0,118,False,0
1133770,Witch Halloween,"Oct 31, 2019",6.99,Towndarktales,0,0,False,0
1558480,My Territory Was Witches' Island!?,"Mar 12, 2021",12.99,PastureSoft,0,0,False,0
256576,CSX ES44AC Add-on Livery,"Jan 1, 2009",4.99,Dovetail Games,0,0,False,0
687850,Head Goal: Soccer Online,"Aug 18, 2017",0.0,Unusualsoft,0,510,False,0
656940,The Theodore Adventures,"Jul 20, 2017",0.99,norum82,0,14,False,0
1722640,Park Rangers of The Undead Playtest,"Aug 26, 2021",0.0,Unknown,0,0,False,0
445230,Lost girl`s [diary],"Mar 24, 2016",0.0,SmoleVN,0,832,False,0
1767570,Tour de France 2022,"Jun 9, 2022",39.99,Cyanide Studio,0,38,False,0
1148650,The Legend of Bum-Bo,"Nov 12, 2019",14.99,"Edmund McMillen,James Interactive,Ridiculon",0,4396,False,0
1174810,Curse of the dungeon,"Oct 31, 2019",0.99,Axe Games,0,1,False,0
1572330,Hero of the Demon,"Aug 13, 2021",14.99,Mousou Endemic,0,36,False,0
1174320,Travel Mosaics 10: Spooky Halloween,"Oct 28, 2019",2.99,Jetdogs Studios,0,10,False,0
1592020,Demonsions: Industry,"Apr 22, 2021",2.99,"Vyrulent Studios,StarLight",0,7,False,0
1500580,Cyber Defense 2088,"Jul 9, 2021",4.99,Tazzo,0,1,False,0
496930,Sumeru,"Sep 21, 2016",3.99,BigCheeseGames,0,123,True,0
1457180,Honkstory 2: There was No 1,"Nov 19, 2020",0.99,Santaworks,0,3,False,0
275390,Guacamelee! Super Turbo Championship Edition,"Aug 21, 2014",4.99,DrinkBox Studios,0,5507,False,0
415010,The Other 99,"Aug 25, 2016",0.0,Burning Arrow,0,42,False,0
402330,Press X to Not Die,"Oct 6, 2017",0.74,All Seeing Eye Games,0,3032,True,0
365430,Everything is Black and White,"Apr 23, 2015",1.99,Thomas Gwaltney,0,9,False,0
1183300,Dawnfall,"Dec 2, 2019",4.99,Heart's Choice,0,5,True,0
1550280,Jamie's Toy Box,"Jul 23, 2021",0.89,"Milos Baskic,Agnieszka Michalska,Daniel Butler",0,15,False,0
1429100,Siren Head: The Siren's Forest,"Oct 15, 2020",0.0,Gwydion LLyr Meredydd,0,172,False,0
1827450,Champion of Venus,"Apr 18, 2022",5.99,Umbrelloid,0,0,True,0
1013340,brainCloud Bombers,"Nov 7, 2019",0.0,bitHeads,0,9,False,0
1570320,Battle Star Asteroids,"May 12, 2021",0.99,JPG_Games,0,13,False,0
789290,RPG Merchant,"Feb 14, 2018",9.99,Skyward Digital,0,13,False,0
372390,D3DGear - Game Recording and Streaming Software,"May 21, 2015",34.99,D3DGear Technologies,0,356,False,0
787710,Comrades and Barons: Solitaire of Bloody 1919,"Feb 8, 2018",4.99,Maris Ozols,0,37,False,0
1600930,Foul Play - Yuri Visual Novel,"Oct 21, 2021",13.99,Bandit Visual Games,0,22,False,0
403780,Color Symphony 2,"Oct 16, 2015",1.89,REMIMORY,0,42,True,0
1577530,Spider-Robots War,"Apr 2, 2021",2.99,Laush Dmitriy Sergeevich,0,16,False,0
32460,Monkey Island™ 2 Special Edition: LeChuck’s Revenge™,"Jul 7, 2010",9.99,LucasArts,0,2001,False,0
359340,Pixel Puzzles Mosaics,"Jun 9, 2017",4.99,Pixel Puzzles,0,60,False,0
1203750,The Girl of Glass: A Summer Bird's Tale,"Sep 22, 2020",14.99,Markus with friends,0,41,False,0
898390,Megalith,"May 8, 2020",24.99,"Disruptive Games, Inc.",0,43,False,0
898320,Synth Ninja,"Oct 11, 2021",1.99,Volens Nolens Games,0,1,False,0
603320,Age of Defense,"May 27, 2019",9.99,Battlecruiser Games,0,397,False,0
1518190,Evil Mansion,"Mar 27, 2021",0.0,Ceeeb Studio,0,0,False,0
1280070,Ballad of The Masked Bandits,"Jun 1, 2020",0.0,"Big Boot Stoodts, LLC",0,31,False,0
1738520,Bikini Armour Explorers,"Feb 4, 2022",15.99,Kiralice Sha,0,73,False,0
664180,Draw Puzzle 画之谜,"Aug 4, 2017",4.99,Hen Wen Studio,0,772,False,0
1015140,10 Miles To Safety,"Oct 21, 2020",9.99,Trickjump Games,0,629,False,0
868930,Nobunaga's Shadow,"Jun 11, 2018",9.99,Ultaan Games,0,14,False,0
1928620,内卷三年竟穿越：皇帝模拟器,"Apr 19, 2022",2.99,HexGameStudio,0,3,False,0
312510,Mega Coin Squad,"Aug 15, 2014",14.99,Big Pixel Studios,0,68,True,0
367110,Dustbowl,"May 18, 2015",8.99,The Pompous Pixel,0,92,False,0
387860,the static speaks my name,"Aug 10, 2015",0.0,the whale husband,0,4336,True,0
969190,Cult of the Glitch King,"Nov 20, 2018",2.99,Unknown,0,0,False,0
330270,Warlocks vs Shadows,"Aug 19, 2015",13.99,Frozen District,0,172,True,0
605040,Zarya and the Cursed Skull,"Mar 8, 2017",9.99,Rodz,0,4,False,0
1667100,Hardpunch: Fuck 4Joy,"Oct 4, 2021",14.99,"Orgipix Prod,Ojoy Studios",0,0,False,0
466860,上帝之城 I：监狱帝国 [City of God I - Prison Empire],"Jul 9, 2018",18.99,Pixel Gangsta Studio,0,1310,False,0
508580,CasinoXR,"Aug 4, 2016",14.99,8-Bit Development,0,18,False,0
558990,Opus Magnum,"Dec 7, 2017",19.99,Zachtronics,0,4666,True,0
1800290,Bolt Action,"Nov 30, 2021",0.99,James Prior,0,3,False,0
1330080,The Fantastic Adventure of Monsieur Grape,"Jul 3, 2020",0.0,Patrick Murrell,0,5,False,0
689300,Monsteria,"Aug 8, 2017",7.99,Sharkbird,0,5,False,0
1335890,Fractured Voyage,"Jun 18, 2020",0.99,Jackson Helm,0,0,False,0
37960,Jewel Quest Pack,"Aug 24, 2009",19.99,iWin,0,34,False,0
818790,Stunt Hill,"Mar 25, 2018",1.99,CasGames,0,18,False,0
851240,Journey to Valhalla,"Sep 10, 2018",4.99,PolyLab Studio,0,0,True,0
769080,The Little War,"Dec 27, 2017",5.99,Hexagons Studio,0,19,False,0
428940,CONTASION 2,"Apr 22, 2016",6.99,Alex Woodcock,0,3,False,0
362140,Ashes of Immortality II,"Aug 28, 2015",4.99,Warfare Studios,0,18,False,0
662940,Never Not Shooting,"Aug 21, 2017",3.99,Hand Cannon Games,0,1,False,0
1285010,Cyber Protocol,"Sep 17, 2020",9.99,RedDeer.Games,0,13,False,0
505290,Super Rock Blasters!,"Jan 17, 2017",2.99,QuadraTron Games,0,3,True,0
368650,Dark Echo,"May 11, 2015",2.99,RAC7 Games,0,693,True,0
538840,City Climber,"Feb 24, 2017",6.99,Ondrej Angelovic,0,225,True,0
1060020,Boxwrecker Arena,"Sep 12, 2019",11.99,Jealous Ducks,0,1,False,0
300,Day of Defeat: Source,"Jul 12, 2010",9.99,Valve,0,16439,True,0
1381270,休止符 StopSign,"Aug 12, 2020",3.99,泽渔制作组,0,5,False,0
749960,Townsmen VR,"Mar 24, 2022",31.99,HandyGames,0,251,False,0
1224840,Frozen Memories,"Mar 11, 2022",2.99,SKT STUDIO,0,65,False,0
1625920,S.E.N.S.E. Playtest,"May 9, 2021",0.0,Unknown,0,0,False,0
1285100,Faking to Dance,"May 17, 2022",0.0,Datawheel,0,0,False,0
961710,Puzzle Out VR,"Mar 5, 2019",1.99,Glock Software,0,0,False,0
428230,Swift,"Jun 2, 2016",5.99,Windflow,0,5,False,0
1684880,Reset,"Jan 15, 2022",0.99,Reset Game Studio,0,0,False,0
1518090,Freelancer Life Simulator: Prologue,"Feb 4, 2021",0.0,DiamosDev,0,3,False,0
1824740,黑白米拖更记,"Dec 6, 2021",0.99,"黑米,白米",0,2,False,0
1293850,The Magic Elevator,"Jun 11, 2020",0.99,Johan Pruys,0,4,False,0
230330,FINAL FANTASY® XI: Ultimate Collection Seekers Edition,"Apr 19, 2013",29.99,Square Enix,0,205,False,0
1018590,Virtual Diary,"Feb 12, 2019",0.0,LIB Studio,0,3,False,0
1627380,Saturated Outer Space Playtest,"Jul 7, 2021",0.0,Unknown,0,0,False,0
1340820,Wreck the Insects,"Jun 22, 2020",0.99,M3NOS Games,0,0,False,0
407680,Last Days of Spring Visual Novel,"Oct 7, 2015",2.99,Sapphire Dragon Productions,0,71,False,0
473520,Autumn,"May 14, 2016",0.49,Nuno Donato,0,117,True,0
1153730,SteamCity Chronicles - Rise Of The Rose,"Jun 16, 2020",12.99,FeelThere,0,6,False,0
868730,Chessers,"Oct 19, 2020",2.99,Saintly Games,0,3,False,0
298110,Far Cry® 4,Nov 2014,29.99,"Ubisoft Montreal, Red Storm, Shanghai, Toronto, Kiev",0,35175,False,0
454750,Aeternum,"Jul 18, 2017",5.99,Creaky Lantern Games,0,9,False,0
1820180,Color by Number - Monster Heroes,"Dec 2, 2021",1.99,Boogygames Studios,0,1,False,0
1489120,sunny-place,"Dec 21, 2021",6.99,tjern,0,52,True,0
1298280,Captain Disaster in: Death Has A Million Stomping Boots,"May 28, 2020",10.99,"Dave Seaman,R Riebau",0,16,False,0
1756550,Code.Breaker(),"Dec 18, 2021",9.99,HokaBento Studio,0,2,False,0
1385320,Pipe Mania,"Aug 11, 2020",4.99,Empire Interactive,0,6,False,0
601320,Schlocks,"Apr 18, 2017",14.99,Fancy Bear Games,0,5,False,0
1739150,Spookity Hollow,"Sep 16, 2021",3.59,Joure Visser,0,8,False,0
782100,#CuteSnake,"Mar 15, 2018",0.99,Sunrise9,0,37,False,0
1731870,Viral Firar,"Sep 7, 2021",1.99,Stratera Games,0,170,False,0
1067600,The Defender: Farm and Castle,"May 16, 2019",0.0,Kobsoft Kitti,0,908,False,0
1744620,Dance of Cubes,"Sep 15, 2021",0.99,Eivind Magnus Hvidevold,0,1,False,0
347670,Karate Master 2 Knock Down Blow,"Mar 20, 2015",9.99,Crian Soft,0,517,False,0
1036600,Junglex,"Apr 5, 2019",0.99,RewindApp,0,23,False,0
1887240,World War 3 Playtest,"May 20, 2022",0.0,Unknown,0,0,False,0
1538620,Zoo Cleaner,"Feb 15, 2021",0.99,Quarlellle,0,29,False,0
270070,The Girl and the Robot,"Aug 17, 2016",9.99,Flying Carpets Games,0,42,True,0
1495100,Detective Solitaire: Inspector Magic And The Forbidden Magic,"Feb 1, 2021",4.99,Somer Games,0,2,False,0
1386950,Heavy Metal Babes,"Dec 21, 2020",0.0,SexyArts Games,0,0,False,0
338530,Trouble In The Manor,"Nov 17, 2015",0.99,Charyb Games,0,174,False,0
1446090,PAGO FOREST: DRAGON'S REVENGE,"Oct 27, 2020",5.99,Futurtech,0,4,False,0
1201230,Immortal Life,"Apr 27, 2022",16.99,YiFang Studio,0,1296,False,0
1642600,Mud River,"Sep 21, 2021",2.99,Felipe Mattar,0,2,True,0
95700,The Cat and the Coup,"Jun 15, 2011",0.0,Peter Brinson and Kurosh ValaNejad,0,932,False,0
977500,克苏鲁异闻录,"Aug 28, 2019",12.99,LLC Blini Games,0,152,False,0
1761130,Lake Road,"Oct 5, 2021",19.99,Golden Dragon Studio,0,2,False,0
238750,Might & Magic X - Legacy,"Jan 23, 2014",29.99,Ubisoft,0,1949,False,0
1783110,Chasing Sunsets,"Feb 14, 2022",9.99,Stone Fox Studios,0,0,True,0
466430,Choice of Alexandria,"Jun 10, 2016",2.99,Choice of Games,0,68,True,0
1254630,Spacky's Nightshift,"Mar 11, 2020",4.99,HawkSandwich,0,21,False,0
91900,Post Apocalyptic Mayhem,"Mar 17, 2011",9.99,Steel Monkeys,0,1253,False,0
965860,SnowNight,"Dec 14, 2018",1.99,Hollowings,0,336,False,0
1716250,Holiday Jigsaw Thanksgiving Day,"Sep 27, 2021",0.49,Creobit,0,3,False,0
1349000,Jigsaw Puzzle - Animals,"Aug 1, 2020",0.99,Tribus Games Indie,0,26,False,0
1691510,Monster Wilds,"Oct 5, 2021",0.0,Magic Monsters,0,0,False,0
1526330,Lilith Was Dead,"Feb 2, 2021",2.99,Heat Wave Games,0,9,False,0
2050480,TOTEMS 2,"Jul 2, 2022",24.99,DGV-Games,0,10,False,0
1135060,King of the Sandcastle,"Jan 17, 2020",2.99,Sokpop Collective,0,8,False,0
393220,Super Man Or Monster,"Oct 31, 2017",12.99,Xform,0,87,False,0
839730,Planum,"Apr 18, 2018",0.99,CONVEY Studios,0,10,False,0
976070,Bad Note 破碎的笔记,"Nov 30, 2018",0.99,Red.Soul,0,14,False,0
674220,ClickBit,"Dec 2, 2017",1.99,NorthernLights Games,0,18,False,0
719070,BlowOut,"Mar 6, 2018",6.99,"Terminal Reality,Cavetap",0,6,False,0
801280,Cowboy Escape,"Feb 26, 2018",0.99,azimuth team,0,23,False,0
1854740,HINA-CHAN's BIG TRADE! Millionaire Lunch,"Jan 10, 2022",6.99,ISY,0,13,False,0
1303660,Geometric Sniper,"Dec 17, 2020",1.99,YAW Studios,0,260,False,0
1246620,Neon Parasite,"Nov 13, 2020",7.99,Louis Protano,0,4,False,0
1522630,Dark Treasury,"Jan 31, 2021",2.99,"KuKusFs Production,Red Axe",0,26,False,0
822070,SAS VS Zombies,"Mar 23, 2018",0.49,Nikita Ghost_RUS,0,9,False,0
1422670,Son Savaşçı,"Nov 18, 2020",0.99,"Narut Studio's,Umut Haznedar",0,5,False,0
2053280,Antarctic Adventure,"Jul 14, 2022",0.0,Universidad Nacional de Tierra del Fuego,0,0,False,0
1299930,Vilset,"Aug 31, 2021",15.99,Another Reality,0,26,False,0
1291280,PXL-SHIP,"May 4, 2020",0.99,Joshua Bergstrom,0,2,False,0
1458650,Game Dev Company,"Nov 17, 2020",1.99,Zkolibre Studio,0,1,False,0
319740,There Came an Echo,"Feb 24, 2015",14.99,Iridium Studios,0,271,False,0
727070,Hex,"Nov 6, 2017",3.99,Studio Goya,0,28,False,0
1552080,Deepest Chamber,"Jul 22, 2021",12.99,Balcony Softworks,0,85,False,0
891950,Wagers of War,"Aug 8, 2018",0.0,Jumb-O-Fun Games Inc,0,32,False,0
1137490,Invasion 2037,"Nov 5, 2019",12.99,Little Beavers Games,0,87,False,0
2013990,Villwars,"Jun 14, 2022",24.99,Phoenixxx Games,0,9,False,0
1620860,Chicken Holmes - Chanislavski Whispers,"Jun 17, 2021",1.99,Dreamlike,0,16,False,0
314330,DROD: Gunthro and the Epic Blunder,"Sep 23, 2016",9.99,Caravel Games,0,112,True,0
422500,Emmerholt: Prologue,"Feb 14, 2017",0.0,Oneiric Entertainment LLC,0,75,False,0
971680,Montaro RE,"Nov 23, 2018",0.99,"JCKSLAP,Sherlerk,我師父的徒兒,Eazie",0,1067,False,0
583010,VoiceAttack,"Mar 18, 2017",11.99,VoiceAttack.com,0,757,False,0
703910,VR Patients,"Feb 9, 2022",0.0,VRpatients,0,0,False,0
953990,Heart of the Kingdom: Rebellion,"Jan 31, 2019",0.0,AllMySkyStudio,0,16,False,0
1804290,Circo:Dark Story,"Jan 14, 2022",0.99,The RedFox,0,0,False,0
447700,Crystal Crisis,"Jul 31, 2019",19.99,"Nicalis, Inc.",0,81,False,0
848520,Super Destronaut DX,"Jul 13, 2018",4.99,Petite Games,0,65,False,0
497000,Cross Death  VR,"Jul 28, 2016",9.99,"杭州虚弥科技有限公司,Virtual View",0,5,False,0
315920,Stonerid,"Aug 15, 2014",4.99,Enitvare,0,126,False,0
595270,Million to One Hero,"Jul 23, 2019",14.99,Over the Top Games,0,30,True,0
442760,Endless Burst,"Jul 25, 2016",4.99,Neon Squid Games,0,1,False,0
1232580,Knock on the Coffin Lid,"Apr 8, 2020",24.99,RedBoon,0,410,False,0
1446420,Otherside,"Nov 2, 2020",0.99,Ben Lapid,0,7,False,0
1055610,Deep Space Battle Simulator,"Nov 5, 2021",9.99,yeswecamp,0,278,True,0
571520,Kalaban,"Dec 29, 2016",4.99,"Rayhouse Productions,GameRealmMadness",0,37,False,0
2024030,浮世渡り,"Jun 30, 2022",2.99,Huji Studio,0,0,False,0
1085940,Orders Of The Ruler,"Dec 27, 2019",19.99,E2D2Works,0,1,False,0
497820,Quanero VR,"Aug 12, 2016",0.0,Laserboys3000,0,307,False,0
514740,Final Cut: Death on the Silver Screen Collector's Edition,"Aug 25, 2016",9.99,Eipix Entertainment,0,4,False,0
1798140,三国：万人敌,"Apr 17, 2022",0.0,51game,0,0,False,0
702210,Princess Serena ~Raid of Demon Legion~,"Sep 21, 2017",1.99,Dieselmine,0,98,False,0
1127400,Mindustry,"Sep 26, 2019",5.99,AnukenDev,0,11084,True,0
1957100,Natal Perdido,"Apr 21, 2022",1.99,70X7,0,9,False,0
341950,Lux Delux,"May 1, 2015",9.99,Sillysoft Games,0,256,True,0
686940,Captivus,"Oct 3, 2017",0.0,Christopher Howard,0,5,False,0
450440,Creepy Castle,"Oct 31, 2016",9.99,Dopterra,0,163,False,0
499890,Aaero,"Apr 11, 2017",14.99,Mad Fellows,0,696,False,0
1290880,Coloring Game: Girls,"Jul 22, 2022",6.29,L. Stotch,0,0,False,0
1806200,Scientifically Accurate Dinosaur Mating Simulator 2021,"Dec 24, 2021",4.24,Stegalosaurus Game Development,0,2,True,0
837260,Roller Coaster Apocalypse VR,"Apr 17, 2018",2.99,NetDinamica,0,3,False,0
1570120,BUNKER,"Mar 25, 2021",1.99,Pavel Ryabtsev,0,7,False,0
2027290,Stunts Contest Police Car,"Jul 15, 2022",4.99,"Cristian Manolachi,Atomic Fabrik",0,1,False,0
1830170,Cosmic Security,"Feb 12, 2022",54.99,Growingup Games,0,0,False,0
1622920,Fire Dogs,"Oct 28, 2021",2.99,Profour,0,25,True,0
1510150,Survival Draw,"Jan 14, 2021",5.99,BovinoSoftware,0,5,False,0
1008820,LOTUS Minigames: United Nations,"Jan 21, 2019",3.99,Oriolus Software GmbH,0,10,False,0
925100,The Elder Scrolls Online - Elsweyr,"May 21, 2019",0.0,Zenimax Online Studios,0,870,False,0
1857140,RetroDrift: Retrowave Online Road,"Jan 20, 2022",1.99,PlatSTUDIO,0,34,False,0
1366750,Alien Cat 5,"Jul 21, 2020",0.5,Repa games,0,16,False,0
1579310,Light Infantry,"Aug 3, 2021",8.99,isonosuke,0,17,False,0
1758370,18Korea,"Dec 7, 2021",9.99,Sinkhole Studio,0,14,False,0
1017240,DEEP HOLE,"Feb 28, 2019",2.99,AMG GAMES,0,6,False,0
1500400,Sokoban Gianta,"Dec 29, 2020",4.99,JChip Game,0,1,True,0
1578660,80s Volleyball,"Jun 3, 2021",0.99,Igor Ayello Borges,0,5,False,0
440760,Cube Destroyer,"Feb 15, 2016",0.99,Freedomize Studio,0,968,False,0
1116600,Art Of Air War,"Jan 6, 2021",13.99,Jotar,0,1,False,0
1363960,Sweetest Thing,"Jul 25, 2020",4.99,Seven Sails,0,4,False,0
1114230,Gear Puzzle: the inheritance of grandpa,"Sep 5, 2019",4.99,HunDong Studio,0,44,False,0
1852530,Kung Fu Er San,"Jul 13, 2022",2.99,CMC Games,0,0,True,0
6250,Making History: The Calm & the Storm,"Mar 13, 2007",4.99,Muzzy Lane,0,477,False,0
1456260,Flashlight,"Oct 25, 2021",2.99,SouthWater Games,0,3,False,0
428550,Momodora: Reverie Under The Moonlight,"Mar 4, 2016",9.99,Bombservice,0,8956,True,0
904820,VR Jogger,"Aug 17, 2018",0.0,EnsenaSoft,0,12,False,0
502750,Quest for Glory 1-5,"Aug 29, 2016",9.99,Sierra,0,307,False,0
237850,Dreamfall Chapters,"Jul 21, 2017",24.99,Red Thread Games,0,3448,True,0
1338360,Color Security,"Sep 6, 2020",0.0,TposeSoftware,0,5,False,0
1629630,Solar Scion Playtest,"May 7, 2021",0.0,Unknown,0,0,False,0
1755870,The Monster Within,"Oct 22, 2021",14.99,GMO Free Games,0,35,False,0
1028460,Spellcasting Collection,"Mar 18, 2019",6.99,Legend Entertainment,0,5,False,0
1079830,Cris Tales,"Jul 20, 2021",15.99,"Dreams Uncorporated,SYCK",0,203,False,0
1074610,COLLAPSED,"Aug 1, 2019",14.99,Glaive Games,0,130,False,0
646010,Golem,"May 29, 2018",14.99,Longbow Games,0,20,False,0
543050,ARC Continuum,"May 4, 2017",9.99,Akimbo Creations,0,4,False,0
1080240,It's Raining Fists and Metal,"Dec 20, 2019",3.99,"Marco Amadei,Riccardo Ricci",0,3,True,0
2059630,ZombieMaze,"Jul 1, 2022",1.99,Junseok Oh,0,0,False,0
1490870,Pale Night,"Jun 20, 2022",11.99,Pretty French Games,0,15,False,0
1276170,Pandemic Panic!,"Apr 23, 2020",4.99,EDIT WORKS,0,2,False,0
1397300,Kyma Maker's Island,"Mar 25, 2021",11.99,Kidness,0,3,True,0
1777210,Can You Escape,"Oct 17, 2021",0.99,Grazebang,0,0,False,0
1082860,Simgirls: Lovemore College RPG,"Aug 2, 2019",2.99,Blackspears Media Inc.,0,4,False,0
1862180,Lunar Odyssey,"Feb 21, 2022",9.99,Fractal Blue Entertainment,0,2,False,0
2010390,Bug Butcher,"Jun 25, 2022",24.99,Chuvdji,0,12,False,0
770270,Warbot,"Mar 26, 2018",18.99,Shanghai Lusion Computer Software Co. Ltd.,0,4,False,0
1161440,World War 2 Winter Gun Range VR Simulator,"Nov 27, 2019",4.99,Monkey Reality,0,4,False,0
341290,Lazors,"Sep 25, 2016",4.99,Pyrosphere,0,20,True,0
849630,Wolf Balls,"May 17, 2018",1.99,N.R. Burnette,0,11,False,0
1373670,The Roy Game,"Dec 30, 2021",0.0,Stanley Dam,0,0,False,0
690460,Sky Hunter,"Nov 9, 2017",10.99,Codex7,0,16,False,0
1208490,TAXIDERMY,"Jan 14, 2020",2.99,Fernando Tittz,0,10,False,0
1582570,The Little Red Lie,"Apr 6, 2021",0.0,Tired Moon Studios,0,0,False,0
1301000,MYSTERY of the Missing Brigantine,"Feb 3, 2022",5.99,GFI,0,1,False,0
1269300,This Means Warp,"Mar 17, 2022",19.99,Outlier,0,169,False,0
1588600,Sorcs: Siege Chronicles,"May 6, 2021",12.99,"Brit0nS,Serj",0,4,False,0
717300,Arena,"May 17, 2019",0.0,FX GAMES,0,22,False,0
514160,18 Wheels of Steel: Across America,"Aug 26, 2016",9.99,"SCS Software,Sunstorm Interactive",0,116,False,0
1058550,Rainbow Hunter,"May 13, 2019",0.99,Colossus Game Studio,0,15,False,0
1218770,Classic Card Game Canasta,"Jan 23, 2020",1.99,Webfoot,0,4,False,0
1464520,Blewie,"Dec 9, 2020",1.99,Freegashtantae Games,0,2,False,0
1744200,City Legends: The Curse of the Crimson Shadow Collector's Edition,"Sep 21, 2021",7.99,DominiGames,0,2,False,0
906650,Gumstein: The Awakening,"Jan 30, 2019",0.0,PAIN Games,0,4,False,0
1950520,DangerousIsland,"Apr 13, 2022",1.99,ccy,0,0,False,0
1081810,时之扉,"Jun 11, 2019",0.0,JT Interactive Entertainment,0,17,False,0
1183480,Bonsai Castles,"Apr 29, 2021",14.99,Hyakuren Soft,0,18,False,0
1231120,Staying Together,"Jun 3, 2020",4.99,Holtzem Games,0,5,False,0
1255420,Murders in Space,"May 12, 2020",6.99,Hitech Productions,0,1,False,0
641910,Bike Rush,"Jan 15, 2018",1.74,Axyos Games,0,30,False,0
263180,Squirt's Adventure,"Mar 5, 2014",0.0,The Dept of Silly Stuff,0,14,False,0
1004310,Maze 3D,"Jan 7, 2019",2.99,Jake Peng,0,5,False,0
1010100,Airborn,"Jul 24, 2020",8.44,Still Not Sure,0,84,False,0
763520,Hard Place,"Feb 20, 2018",1.99,Red twice potato,0,25,False,0
467960,Home Behind,"Jun 2, 2016",5.99,TPP Studio,0,4654,True,0
613400,Sakeretsu,"Jun 21, 2017",1.99,KLASSEN,0,4,False,0
1606610,Rescuer,"Aug 6, 2021",9.99,GamesBraz,0,2,False,0
1486870,Hiddenverse: Ominous Opus,"Dec 10, 2020",9.99,Shaman Games Studio,0,1,False,0
1019190,Urizen Frosty Plus The New Warriors,"Mar 3, 2021",5.99,Red Moon Studio,0,1,False,0
727030,Museu do Círio de Nazaré em Realidade Virtual,"Oct 18, 2017",0.0,LOOT Interactive,0,4,False,0
1077090,Bucket Knight,"Sep 27, 2019",2.49,PigeonDev,0,23,False,0
880380,Franchise Hockey Manager 5,"Oct 5, 2018",19.99,"Out of the Park Developments,Minos Games",0,91,False,0
1991570,Arruyo,"Jun 11, 2022",0.0,DigiPen Europe-Bilbao,0,0,False,0
1330960,The Commission 1920: Organized Crime Grand Strategy,"Feb 11, 2021",14.99,302 Interactive,0,23,False,0
1926110,Bibi & Tina - New adventures with horses,"Jul 19, 2022",13.49,Korion Games,0,0,False,0
1007950,Birchian Flight Simulator,"Jul 4, 2019",4.99,BirchTree,0,7,False,0
377430,Who Is Mike - A Visual Novel,"Sep 29, 2015",0.0,Fervent,0,382,True,0
955740,Mini Healer,"Apr 24, 2020",7.99,Sad Doge,0,1408,False,0
1974040,The Questing,"Jun 15, 2022",0.99,ProjectAlive,0,2,False,0
436500,Diaries of a Spaceport Janitor,"Sep 16, 2016",9.99,Sundae Month,0,586,False,0
648120,Pixel Painter,"Jun 19, 2017",0.99,Dio Alias Games,0,732,False,0
619500,cyubeVR,"Jan 26, 2018",14.99,Stonebrick Studios,0,620,False,0
678940,Nox Dei,"Dec 1, 2017",0.0,Binary Souls,0,29,False,0
415030,One More Dungeon,"Nov 23, 2015",4.99,Stately Snail,0,475,True,0
699170,Fell Seal: Arbiter's Mark,"Apr 30, 2019",29.99,6 Eyes Studio,0,4358,True,0
471720,K Station,"Jun 15, 2016",0.0,Maya Games,100,10,False,100
2012420,Under Siege 2,"Jun 18, 2022",5.99,Interactive Pixel Entmt.,0,0,False,0
1306260,ClickCells: CPU girls,"May 19, 2020",0.49,Crew Lab,0,0,False,0
887800,Snooker 19,"Apr 17, 2019",34.99,Lab42,0,356,False,0
1102930,KoboldKare,"Mar 31, 2020",14.99,Naelstrof,0,0,True,0
497720,Funfair Ride Simulator 3,"Aug 4, 2016",5.99,Pixelsplit Simulations,0,55,True,0
673820,Master of ABC,"Aug 2, 2017",0.5,Yang Sun,0,14,False,0
354770,Trigger Saint,"Oct 9, 2015",6.99,Aaron Arcand,0,19,False,0
840090,Battleground Shooting Training 吃鸡枪法训练器,"Jun 22, 2018",1.99,"Shenzhen Simeng Technology Co., Ltd.",0,3,False,0
433480,Rayon Riddles - Rise of the Goblin King,"Nov 11, 2016",3.59,Lost The Game Studios,0,14,False,0
508690,AnimVR,"Dec 19, 2018",29.99,NVRMIND,0,9,False,0
991600,Rabbit Burn,"May 17, 2019",14.99,Bio Sapiens,0,0,False,0
1765700,Quest Of Graal,"Feb 4, 2022",9.99,"Pixel-Archipel,Théo Mn",0,19,True,0
527750,Merger 3D,"Sep 29, 2016",0.65,"Mahhaon,Art-Arcade,Sun Pixel",0,80,False,0
604000,Like Clay,"Mar 14, 2017",0.99,free08Games,0,82,False,0
1019270,Strangers of the Power 3,"May 1, 2019",4.99,Tuomo Laine,0,6,True,0
1540250,Red Trains,"May 31, 2021",19.99,Dialectic Games,0,0,False,0
1727520,Yamafuda! 2nd station,"Sep 24, 2021",12.99,KPC,0,93,False,0
2006300,Panty Load,"Jun 8, 2022",1.99,Worrysome Software,0,0,False,0
755240,Raining Coins,"Dec 6, 2017",3.99,Crazysoft Limited,0,6,True,0
1117480,Dead Hand,"Jul 26, 2019",14.99,One Man Army Games,0,15,False,0
855650,TRIGGER,"Jun 16, 2018",5.0,Léo-Paul LACHARTRE,0,6,False,0
375510,New kind of adventure,"Jun 4, 2015",1.99,Mint Age Studios,0,612,False,0
1744050,Hidden Words,"Oct 8, 2021",4.99,Alcedo Games,0,6,False,0
1848840,Fadry,"Jun 21, 2022",0.0,Lucy of Bohemia,0,0,False,0
1307490,Not My President - Level 1,"May 28, 2020",0.0,TankCatGames,0,5,False,0
657180,The Adliberum Engine (ADLENGINE),"Jun 23, 2017",0.0,Liam Twose,0,6,False,0
1020840,豆腐脑模拟器 Tofu Pudding Simulator,"May 6, 2019",1.99,"Beijing ECG Technology Co., Ltd.",0,39,False,0
1597560,Click Your Crush!,"Jul 2, 2021",1.99,Cream Team,0,0,False,0
523770,Of Bird and Cage,"May 20, 2021",14.99,Capricia Productions,0,160,False,0
1678980,Reef Rumble,"Feb 11, 2022",9.99,"Paul Leduc,Maxime Martens",0,2,False,0
619600,Wrecked: Get Your Ship Together,"Apr 13, 2017",0.0,Business Mouse Studios,0,28,False,0
500420,SoulHunt,"Dec 23, 2016",8.99,WinterCell Studios,0,70,True,0
441510,The Incredible Baron,"May 27, 2016",4.99,FlatRedBall,0,37,False,0
1444730,My Sweet Washing Machine!,"Oct 23, 2020",1.99,玫瑰工作室,0,47,True,0
833670,Naughty study for exams with a ghost,"Nov 15, 2018",1.99,kyapion,0,6,False,0
1658620,Idle Wasteland,"Jul 15, 2021",0.0,Checkbox Entertainment,0,0,False,0
980760,GoodColor,"Dec 17, 2018",4.99,Arational Entertainment,0,1,False,0
623040,Crystal Vibes feat. Ott.,Jul 2018,0.49,Ben Outram,0,7,False,0
1622970,Packing House,"Dec 10, 2021",9.99,"SmartLife,Roman Studio",0,40,False,0
1032520,JermaSlots,"Apr 6, 2019",0.0,Steve Khad Grant,0,482,False,0
1531290,Nebuli,"Feb 16, 2021",9.99,Spiky Software LLC,0,2,False,0
720270,Defense Task Force - Sci Fi Tower Defense,"Jun 19, 2018",2.99,ChillX Ltd,0,35,False,0
805270,Playcraft,"Oct 23, 2019",0.0,Bebop Games,0,526,False,0
1315620,EndlessShinyBlues,"Nov 30, 2020",1.79,YouthAndLove,0,10,False,0
457490,"Forgotten, Not Lost - A Kinetic Novel","Apr 1, 2016",1.99,Afterthought Studios,0,196,True,0
434580,Attack of the Mutant Fishcrows,"May 18, 2019",0.99,WILDLOGICGAMES LTD,0,6,False,0
992790,Switch & Ditch,"Jan 9, 2019",0.0,Tempera Games,0,6,False,0
1953510,RO-BOUNCE,"May 27, 2022",0.0,AstroDuck Studios,0,0,False,0
596990,Mini Rollers,"Jun 16, 2017",3.99,"Gawkfish Studios,Alex Gimson",0,4,False,0
1227150,Jump Boy,"Feb 1, 2020",0.99,AHui.Game,0,0,False,0
447930,LYDIA: SWEET DREAMS,"Oct 3, 2016",9.99,C-DRIVE MEDIA ART,0,4,False,0
385020,none,"Nov 4, 2015",0.0,none,0,13,True,0
1318280,OverShoot Battle Race,"Nov 30, 2021",9.99,OnlineObject,0,18,False,0
351100,Niffelheim,"Sep 26, 2018",19.99,Ellada Games,0,1525,True,0
1428100,Instruments of Destruction,"Mar 2, 2022",19.99,Radiangames,0,476,False,0
771370,Confederate Express,"Apr 10, 2018",9.99,Maksym Pashanin,0,6,False,0
19030,Rocket Knight,"May 11, 2010",14.99,Climax Studios,0,101,False,0
500340,QUACK ATTACK 1985: TURBO DX EDITION,"Dec 19, 2016",0.99,ATTACK MOUNTAIN,0,22,False,0
1417200,Hentai Students: Love Puzzle,"Nov 22, 2020",1.99,Honey Girl,0,0,False,0
1876220,"Lights, Camera, Reaction! IRL Edition","Mar 19, 2022",4.99,Fluxean,0,0,False,0
354050,Starlight Tactics™,"Apr 7, 2015",9.99,"Escape Hatch Entertainment,LLC",0,15,False,0
493480,ERISLE,"Mar 10, 2017",0.0,Expect Studio,0,10,False,0
851850,DRAGON BALL Z: KAKAROT,"Jan 16, 2020",59.99,CyberConnect2 Co. Ltd.,0,30838,False,0
1642330,Fairy Godmother Stories: Puss in Boots Collector's Edition,"May 28, 2021",9.99,Domini Games,0,2,False,0
893470,Salary Man Escape,"Sep 18, 2018",10.99,Red Accent Studios,0,34,False,0
760530,Futurejam,"Aug 6, 2018",0.0,2049VR,0,5,False,0
1365930,Shadow Walls,"Oct 22, 2020",0.99,My Oldschool Console,0,46,False,0
1309550,Far Eastern Federal University Virtual Expo,"May 26, 2020",0.0,VIRTUAL REALITY LABORATORY DV,0,6,False,0
1931090,Hexagonal Tower,"Apr 4, 2022",7.99,Z.F. Gams,0,22,False,0
310890,Breach & Clear: Deadline Rebirth (2016),"Jul 20, 2015",9.99,"Mighty Rabbit Studios,Gun Media",0,453,True,0
1221330,One Shot,"Feb 27, 2020",3.99,Ibrahim Hisham,0,4,False,0
586150,Armored Freedom,"Jul 21, 2017",9.99,Killer Bees Games,0,6,True,0
892560,PaulPaul - Act 1,"Jul 25, 2018",0.0,Another Circus,0,35,False,0
732950,Pairs,"Nov 20, 2017",0.0,Jellyfish Parade,0,26,True,0
1904160,Trainz Plus,"May 30, 2022",7.99,N3V Games,0,7,False,0
302130,Brink of Consciousness: Dorian Gray Syndrome Collector's Edition,"Jul 18, 2014",9.99,MagicIndie,0,229,False,0
808980,Rose Seed Replica,"Sep 9, 2020",14.99,LezLiz,0,17,True,0
1715460,Touhou Hero of Ice Fairy: Prologue,"Dec 17, 2021",0.0,GAMEPULSE 游戏脉冲,0,0,False,0
403840,Stacks TNT,"Mar 13, 2019",4.99,Funcraft Games,0,14,False,0
1479890,Inua - A Story in Ice and Time,"Feb 10, 2022",14.99,"The Pixel Hunt,IKO,ARTE France",0,23,False,0
825380,强军,"Jun 29, 2018",0.0,"Ares Game Co., Ltd.",0,88,False,0
681520,The Rodinia Project,"Aug 9, 2017",5.99,Aegon Games Ltd,0,27,False,0
514640,TankYou!,"Sep 16, 2016",4.99,Virgil Tuser,0,11,False,0
346810,Marble Age,"Mar 4, 2015",5.99,Clarus Victoria,0,565,False,0
1791650,深渊公主 Release The Bride,"Mar 11, 2022",14.99,ALI NASSER ALI AL-SADI,0,16,False,0
691190,Desktop Audio Visualizer,"Dec 17, 2018",2.09,RainySoft,0,28,False,0
847790,Indentured Servant,"Jun 8, 2018",0.0,Saoi Games,0,13,False,0
708150,Lost Artifacts - Ancient Tribe Survival,"Feb 1, 2018",4.99,Creobit,0,74,False,0
1222170,Cutish,"Jan 28, 2020",5.99,DUBUS Alain,0,25,False,0
1922870,Shady Business,"Mar 29, 2022",10.99,Jirobobo,0,9,False,0
779550,The Rising of the Rose Ocelot,"Feb 2, 2018",1.99,Jakob Hild,0,2,False,0
675490,Artifact Adventure Gaiden,"Jan 9, 2018",9.99,bluffman,0,40,False,0
341150,Age of Fear 2: The Chaos Lord GOLD,"Mar 27, 2015",4.99,Leslaw Sliwko,0,245,True,0
341490,Undead Legions II,"Jul 30, 2018",3.99,Key17 Games,0,6,False,0
1297800,ChronoBreach Ultra,"Nov 18, 2021",2.99,UpsilonGames,0,27,False,0
1063130,H Chan,"Jun 13, 2019",0.74,HGames,0,0,False,0
388450,Spooky Bonus,"Oct 15, 2015",9.99,Grey Alien Games,0,245,False,0
924960,Conjure Strike,"Sep 28, 2018",14.99,The Strike Team,0,1,False,0
1034400,Mystery Solitaire The Black Raven,"May 6, 2019",4.99,Somer Games,0,16,False,0
958750,Re-O-Ri,"Nov 27, 2019",0.0,"Get Out Games,Virtual World Arcade",0,64,False,0
1014570,AlienAfterlife,"Feb 11, 2019",2.99,Jeremy Couillard,0,28,False,0
909110,Acid Nimbus,"Oct 1, 2018",0.0,Hernan Caro Vilaburges,0,161,False,0
439260,BUTTS: The VR Experience,"Feb 3, 2016",0.0,Gentle Manhands,0,68,False,0
263820,EvilQuest,"Feb 20, 2014",1.99,Chaosoft Games,0,563,False,0
512410,69 Ways to Kill a Zombie,"Jun 8, 2017",0.79,Wadup Games,0,7,False,0
864940,"150,000 B.C.","May 30, 2018",0.99,carrot,0,117,False,0
856310,Seul (Alone): The entrée,"Aug 30, 2018",2.99,Paranormal Games,0,1,False,0
1755460,Island Crusaders,"Nov 12, 2021",4.99,Keaton Applebaum,0,21,False,0
420,Half-Life 2: Episode Two,"Oct 10, 2007",7.99,Valve,0,28981,True,0
640050,Soldiers of the Universe,"Nov 30, 2017",4.99,Rocwise Entertainment,0,207,False,0
2071530,Half-Earth Socialism,"Jul 19, 2022",0.0,"Francis Tseng,Son La Pham,Drew Pendergrass,Troy Vettese",0,0,True,0
751870,Chopper Battle New Horizon,"Nov 25, 2017",9.99,magnussoft,0,0,False,0
673310,Adam Waste,"Nov 21, 2017",11.99,Blackturn Ltd,0,5,False,0
1026390,Magic Heart,"Mar 31, 2019",1.99,Red Cattus,0,12,False,0
603230,The Wendigo,"Mar 2, 2017",0.99,warka,0,22,False,0
1894450,11 Islands 2: Story of Love,"Feb 24, 2022",5.99,JoyFul Software,0,5,False,0
1091720,叙事曲：难忘的回忆 / Ballade: with Memories,"Oct 15, 2019",5.99,286studio,0,40,False,0
19200,Tank Universal,"Aug 21, 2008",4.99,Dialogue Design,0,247,False,0
816350,The Flood,"Mar 30, 2018",0.0,Ondrej Angelovic,0,921,True,0
1559790,SLASH OF BULLET,"Apr 23, 2021",4.99,kan.kikuchi,0,7,False,0
1751640,Let Them Trade Playtest,"Sep 9, 2021",0.0,Unknown,0,0,False,0
874700,The Putinland: Divide & Conquer,"Jul 3, 2018",0.49,"Tero Lunkka,BlackThug",0,20,False,0
977630,Shelter 3,"Mar 30, 2021",19.99,Might and Delight,0,160,False,0
698320,NanoScape,"Sep 14, 2017",1.99,SnowFlame,0,5,False,0
1558210,FortressCraft : Chapter 1,"Apr 16, 2021",9.99,ProjectorGames,0,19,False,0
529160,Moekuri: Adorable + Tactical SRPG,"Dec 16, 2016",11.99,MokyuSoft,0,331,False,0
1090440,Kelipot,"Nov 3, 2020",13.99,Unlimited Fly Games,0,609,False,0
903560,Pixel Fishies,"Dec 16, 2018",2.99,Jim Rogers,0,0,True,0
1814170,Lingo,"Dec 12, 2021",9.99,Brenton Wildes,0,4,False,0
1829030,Paunch 2,"Dec 22, 2021",0.0,Kozhakov,0,0,False,0
1165170,Morok,"Oct 14, 2019",0.0,Varoi games,0,57,True,0
645750,Rule with an Iron Fish - A Pirate Fishing Adventure,"Aug 24, 2017",9.99,Kestrel Games,0,30,False,0
1498940,Binky's Trash Service,"Jan 16, 2021",2.99,ondydev,0,15,False,0
1070550,Don't Escape Trilogy,"Jul 29, 2019",4.99,scriptwelder,0,208,False,0
1657350,Cyberflight,"Aug 13, 2021",2.99,Grenoble,0,5,False,0
1854810,My Pet Sitter is a Futanari,"May 27, 2022",0.66,owlyboi,0,0,False,0
1223110,BalloonBoyBob,"Feb 9, 2020",10.99,"FreeAnimals_Software,Dnovel",0,27,False,0
760580,INSPACE 2980,"Oct 11, 2018",0.74,R_Games,0,5,False,0
1055280,Wizardas,"Jun 1, 2019",1.99,EllGames,0,1,False,0
1301480,Bishoujo Battle Mahjong Solitaire,"May 20, 2020",2.99,Zoo Corporation,0,21,False,0
1037840,Running Ninja,"Mar 13, 2019",0.99,BBB Games,0,17,False,0
596280,You Are God,"May 19, 2017",4.99,BefuddleBug,0,8,False,0
2058060,Faraway,"Jul 15, 2022",0.0,XG Games,0,0,False,0
1472330,NOMAD Revisited,"Dec 10, 2020",1.99,Pixel Games UK,0,1,False,0
1838900,Apocalypse: Floodgates,"Apr 7, 2022",2.49,"RetroRave, LLC",0,4,False,0
656580,Claws of Furry,"Sep 4, 2018",9.99,Terahard Ltd,0,11,False,0
958670,MekaFighters,"Jul 13, 2021",0.0,Austin James,0,2,False,0
1251320,JumPlose,"Mar 5, 2020",0.99,DebugDrawnGames,0,1,False,0
668210,Super Fancy Pants Adventure,"Sep 20, 2017",9.99,Borne Games,0,1186,False,0
1851300,EM,"Jan 14, 2022",0.99,ANIY Studio,0,1,False,0
386640,Affected Zone Tactics,"Nov 17, 2015",0.0,Light Vision Interactive,0,167,False,0
934220,Buy Low Sell High,"Sep 28, 2018",4.99,Red Fox Studios,0,7,False,0
1327020,亭上满月映西枝~The Forever Moon,"Jun 12, 2020",1.99,凝冰剑斩,0,116,False,0
679390,Topdown Showdown,"Aug 30, 2017",0.99,Team Ryzal,0,1,False,0
1715330,Infinity Treasures,"Dec 15, 2021",0.99,Nerdboot,0,6,False,0
1887420,The Lost Oregon City Gold,"Apr 12, 2022",6.99,"Oh, a Rock! Studios",0,4,True,0
457130,Runes: The Forgotten Path,"Nov 14, 2018",0.0,StormBorn Studio,0,67,False,0
1593350,Increlution,"Oct 13, 2021",2.99,Gniller,0,528,True,0
1576590,Stories of Submission: eNTeR the cuck,"May 4, 2021",9.99,"Zee Vital,Swimming Rock,Marco Marco",0,0,False,0
348670,Immune - True Survival,"Dec 9, 2016",0.0,vidiludi games and entertainment,0,850,False,0
12900,AudioSurf,"Feb 15, 2008",9.99,Dylan Fitterer,0,10056,False,0
1145450,Mystery Case Files: Moths to a Flame Collector's Edition,"Aug 23, 2019",9.99,Eipix Entertainment,0,17,False,0
1904030,Maze Dungeon,"May 20, 2022",4.99,Tero Games,0,2,False,0
988330,One minute of death,"Dec 18, 2018",4.99,Krzysztof Konopka,0,4,False,0
1038410,ShooterSpheres,"Mar 20, 2019",8.99,RazzerGames,0,0,False,0
445220,Avorion,"Mar 9, 2020",24.99,Boxelware,0,9561,True,0
921570,OCTOPATH TRAVELER™,"Jun 7, 2019",59.99,"Square Enix,ACQUIRE Corp.",0,9336,False,0
1809770,Lust for Darkness VR: M Edition,"Nov 18, 2021",11.99,Iron VR,0,9,False,0
906870,FurryFury: Smash & Roll,"Apr 14, 2022",0.0,Demibug,0,815,False,0
754020,Galactic Harvester,"Mar 23, 2018",0.0,ToastieLabs,0,16,False,0
943230,Thrill Rollercoasters,"Sep 27, 2018",2.99,Gooners Game,0,4,False,0
1813990,Dinosaur Race,"Dec 21, 2021",9.99,SosiskaGames,0,2,False,0
1411840,Who Are You?,"Sep 11, 2020",1.99,"Season,Eason",0,6,False,0
371220,VERLIES II,"Sep 25, 2015",2.99,Koya Game,0,61,False,0
1592420,Marcella Moon: Curse of the Black Cat,"Oct 1, 2021",9.99,Hidden Ocean Games,0,3,False,0
1665050,Griddlers TED and PET 2,"Jul 13, 2021",4.99,Somer Games,0,2,False,0
698330,Z Runaway,"Sep 7, 2017",3.99,For Kids,0,83,True,0
525540,Six Feet Under,"Sep 20, 2016",0.0,"David Nestoruk,Karl Binder",0,16,False,0
650760,侠客风云传前传(Tale of Wuxia:The Pre-Sequel),"Aug 14, 2017",16.99,Heluo Studio,0,1731,False,0
919730,Project Z,"Oct 29, 2019",4.99,SlinDev,0,2,True,0
409670,Pink Hour,"Oct 28, 2015",0.0,Studio Pixel,0,893,False,0
1949750,Slime Corp,"May 24, 2022",0.0,Fifth Edge Studios,0,0,False,0
397340,SimplePlanes,"Dec 17, 2015",12.99,"Jundroo, LLC",0,8083,False,0
1108090,Climb With Wheelbarrow,"Aug 5, 2019",0.99,Pickle Drugs,0,154,False,0
1565480,Mysterious Blocks,"Mar 15, 2021",1.99,Enoops,0,5,False,0
1413780,TECHPACK,"Sep 25, 2020",4.99,Techpack,0,1,False,0
870730,Adapt or Perish,"Feb 11, 2019",9.99,Phr00t's Software,0,38,True,0
606960,CRIMSON METAL Classic 1999,"May 4, 2017",0.49,Madbox Entertainment,0,115,False,0
1158220,Kraken Academy!!,"Sep 10, 2021",17.99,Happy Broccoli Games,0,394,True,0
1503350,Cyberpunch,"Feb 15, 2021",24.99,Dirty Pixel Art,0,4,True,0
1161680,Bomb Bowling 2,"Oct 22, 2019",4.99,grin robot,0,6,False,0
1032590,Heaven Dust,"Feb 26, 2020",7.99,One Gruel Studio,0,402,False,0
654470,Blood Waves,"May 11, 2018",9.99,Light Road Games,0,113,False,0
922400,DX-Ball 2: 20th Anniversary Edition,"Nov 21, 2018",6.99,Longbow Games,0,343,False,0
1657170,Suspicious Downpour,"Jun 21, 2021",0.0,"Sugoi Yellow,fatherbeno",0,0,False,0
1613640,Dofense Playtest,"Sep 16, 2021",0.0,Unknown,0,0,False,0
1682380,Survive The Hill,"Jan 21, 2022",7.99,Redivided Studios,0,41,False,0
1119570,Discord Bot Builder,"Aug 1, 2019",5.99,MrGold,0,120,False,0
974180,Falnarion Tactics,"Jan 7, 2019",7.99,Team Syukino,0,20,False,0
1195140,URG,"Feb 1, 2021",19.99,Jani Penttinen,0,5,True,0
1718400,Makber,"Aug 25, 2021",2.99,celikgames,0,1,False,0
1033120,SEX MOTEL,"May 25, 2019",2.39,redhubvr,0,0,False,0
1239900,Infection Point,"Mar 21, 2020",13.99,JHEMGame,0,0,False,0
2009920,PUSSY 5,"Jun 9, 2022",0.99,Cyber Keks,0,0,False,0
1159070,A-Vroom!,"Sep 29, 2019",4.99,Team3Studio,0,3,False,0
1088590,love love love,"Jul 12, 2019",0.99,Tintin Game,0,171,False,0
1030770,Mech Game,"Aug 4, 2020",1.79,Spellbook,0,0,False,0
904800,Ambition,"Sep 6, 2018",0.0,"Henry Dang,Leander Jeyasing,Ethan Johnson,Kevin Cheng",0,9,False,0
978190,Steel Sword Story,"Jun 20, 2019",4.99,"8bits fanatics,KADOKAWA CORPORATION",0,55,False,0
1303270,Ungeon,"Oct 30, 2020",3.99,Jonas Dall,0,1,False,0
1593280,8089: The Next Action RPG,"Nov 5, 2021",9.99,Phr00t's Software,0,52,True,0
11340,Larva Mortus,"Mar 19, 2009",2.99,Meridian4,0,556,False,0
430300,MINUS ZERO,"Jun 16, 2016",1.99,TRIANGLE SERVICE,0,7,False,0
1824250,Make Her Cum,"Dec 17, 2021",5.99,"DreamBig Games,Lemonhaze Studio",0,0,False,0
610460,Rise of Balloons,"May 18, 2017",4.99,Firefolk,0,3,False,0
458820,"States, Firms, & Households","Apr 14, 2016",29.99,DMD 'Ware,0,0,False,0
356400,Thumper,"Oct 10, 2016",5.99,Drool,0,3235,False,0
1837780,Spellcaster,"Jan 16, 2022",2.99,Andrzej Jozenkow,0,3,False,0
1081370,"BornWild • Versus Season 1, Vol.1","Jan 23, 2020",18.99,West Dragon Productions,0,3,False,0
230070,The Age of Decadence,"Oct 14, 2015",12.99,Iron Tower Studio,0,2565,False,0
1427320,Decamped,"Apr 29, 2021",3.99,Sobek Games,0,5,False,0
1335030,Ginkgo,"Jun 26, 2020",0.0,Ginkgo,0,217,False,0
491650,Reset 1-1,"Aug 30, 2016",1.99,Panda Indie Studio,0,149,False,0
669750,Brain Storm : Tower Bombarde,"Jul 28, 2017",3.99,SaintHeiser,0,15,False,0
890030,Shadow of the Tomb Raider: Definitive Edition,"Sep 14, 2018",0.0,"Eidos-Montréal,Crystal Dynamics,Nixxes,Feral Interactive (Mac),Feral interactive (Linux)",0,12819,True,0
647670,Grand Expanse,"Aug 8, 2017",0.99,Tendril Studio,0,7,False,0
808090,"Bury Me, My Love","Jan 10, 2019",4.99,"The Pixel Hunt,ARTE France,FIGS",0,66,False,0
613210,BlobCat,"Aug 31, 2017",9.99,BySamb,0,54,False,0
1380250,Timber Jump VR,"Sep 4, 2020",14.99,Techfragout,0,0,False,0
1571440,Lunch Lady,"Apr 15, 2021",4.99,Manic Mice,0,7364,False,0
1102500,A Glider's Journey,"Sep 27, 2019",4.99,"Emma Franklin,Charlie Marshall",0,42,False,0
1430720,Clash of Warlords,"Feb 7, 2021",6.99,XINLINE GAMES,0,7,False,0
761170,Radical Dungeon Sweeper,"Feb 12, 2018",12.99,"Benjamin Soulé,Mathieu Leyssenne,Yoann Laulan",0,149,False,0
1834230,Zapling Bygone Playtest,"Dec 2, 2021",0.0,Unknown,0,0,False,0
1565740,Sea Battle: Annihilation,"Apr 5, 2021",1.99,LaxieStudios,0,2,False,0
302830,BLOCKADE 3D,"Dec 19, 2014",0.0,Novalink,0,15518,False,0
824830,Corpse Party: Blood Drive,"Oct 10, 2019",19.99,"MAGES. Inc.,5pb.",0,197,False,0
1802390,Occupy Mars: The Game Playtest,"Feb 19, 2022",0.0,Unknown,0,0,False,0
1531360,The Wicked Playtest,"Feb 14, 2021",0.0,Unknown,0,0,False,0
334480,Robinson Crusoe and the Cursed Pirates,"Feb 10, 2015",9.99,MagicIndie,0,26,False,0
1257300,King of Cooking,"May 6, 2021",2.99,Team EnE,0,7,False,0
921920,Robikon,"Sep 13, 2018",0.99,StalkerAlex..,0,1,False,0
906010,TAL: Arctic 2,"Aug 3, 2018",0.99,Snkl Studio,0,22,False,0
1041320,Lords Mobile,"Jun 2, 2019",0.0,IGG SINGAPORE PTE. LTD.,0,2913,False,0
955360,Stronghold: A Hero's Fate,"Nov 16, 2018",5.99,Choice of Games,0,10,True,0
1500380,Night in Riverager,"Feb 2, 2021",0.0,Two Star Games,0,164,False,0
922650,Caveman Chuck,"Sep 20, 2018",4.99,Prime Bit Games SA,0,21,False,0
827540,A Penny For Some Motivation,"Apr 10, 2018",0.99,LJumpStarTD,0,1,False,0
1783960,Furry Fetishists,"Dec 19, 2021",6.99,Furry Top Games,0,0,False,0
1901900,Take Over Body 2,"Mar 20, 2022",0.99,GGaming,0,0,False,0
1425030,Cyberwinter,"Jun 23, 2021",4.99,Panda Pasha Games,0,2,False,0
498000,Mushroom Crusher Extreme,"May 10, 2019",7.99,"Mushroom Party,Team Jolly Roger",0,10,True,0
1411360,SpaceCrash,"Nov 16, 2020",0.0,Yannick Laubscher,0,2,True,0
1393320,Keyword: A Spider's Thread,"Sep 27, 2021",16.99,City From Naught Inc.,0,155,False,0
488821,Tom Clancy's Rainbow Six® Siege,"Dec 1, 2015",19.99,Ubisoft Montreal,0,312232,False,0
1175800,Command & Control 3,"Jun 7, 2021",19.99,C&C Game Studio,0,16,False,0
321260,Wickland,"Feb 6, 2015",0.99,Mad Ram Software,0,444,False,0
1391790,Hentai Milf Quiz 2,"Aug 27, 2020",0.99,Cyber Keks,0,0,False,0
504260,Happy Pong,"Aug 22, 2016",2.99,Poppgames,0,6,False,0
936010,Feed the Pets Origins,"Oct 1, 2018",0.99,"Volrest,Meine Liebe:3",0,15,False,0
1290670,Freedom! Do or Die,"May 1, 2020",5.99,Julian Henley,0,4,False,0
1704170,Stay Alive On The Tank: Explosive Shells In The Darkness,"Nov 17, 2021",9.99,barsovya,0,2,False,0
778980,The Drain Collector,"Jan 4, 2018",0.99,R H C s,0,0,True,0
851350,Let's Play with Nanai!,"Nov 1, 2018",39.99,VRJCC,0,4,False,0
555890,Burgers 2,"Jan 13, 2017",2.99,Digitized Organism,0,20,False,0
1503580,Epic City Builder 4,"Oct 14, 2021",19.99,Andrew Rowe,0,15,True,0
1683730,Welcome to PINEHILLS,"Aug 28, 2021",4.99,SPLR Studio,0,7,False,0
1031910,The Path To Die,"Mar 8, 2019",9.99,Cat Logic Games,0,13,False,0
526160,The Wild Eight,"Oct 3, 2019",24.99,FNTASTIC,0,4664,False,0
1006760,Cyborg Ninja vs. The Third Reich,"Mar 11, 2019",0.99,Anarchy Softworks LLC,0,4,False,0
1235800,Oneiro,"Jun 18, 2021",4.99,Ryan Olah,0,35,False,0
391780,Uebergame,"Oct 26, 2015",0.0,Duion,0,258,True,0
1298480,Kardboard Kings: Card Shop Simulator,"Feb 10, 2022",19.99,"Henry's House,Oscar Brittain,Rob Gross",0,207,False,0
1867450,How To Bathe Your Cat: Impossible Mission,"Jan 20, 2022",0.99,Fractal Projects,0,26,False,0
544990,NOBUNAGA'S AMBITION,"Dec 13, 2016",12.99,"KOEI TECMO GAMES CO., LTD.",0,8,False,0
355860,Albino Lullaby: Episode 1,"Sep 14, 2015",9.99,Ape Law,0,255,False,0
386710,C:\raft,"Oct 2, 2017",6.99,Nicholas Hydock,0,18,True,0
1874400,Mini Mini-Golf,"Jan 28, 2022",9.99,Piece Of Voxel,0,8,False,0
371100,Waste Walkers,"Jun 1, 2015",9.99,Corrosive Studios LLC,0,155,False,0
529730,Seabed Prelude,"Feb 24, 2017",0.0,MythicOwl,0,4,False,0
1240130,Dashing Fire,"Nov 12, 2020",6.99,Blackthornprod,0,72,False,0
1806130,我就是要红,"Jan 23, 2022",5.99,闪艺互动,0,1,False,0
1820170,The Two of Us,"Dec 18, 2021",0.0,Ethan Fitzgerald,0,0,False,0
1183030,Layers of Fear VR,"Dec 10, 2019",11.99,Incuvo S.A.,0,137,False,0
774661,Filthy Frank Kart,"Sep 29, 2019",6.99,Adam David,0,6,False,0
771420,Primal Light,"Jul 8, 2020",14.99,Fat Gem,0,261,True,0
1676700,Smoots Summer Games - First Training,"Jul 12, 2021",0.0,Kaneda Games,0,0,False,0
610730,The Chosen Warriors,"Aug 17, 2020",0.99,GoeX GameS,0,60,False,0
301360,Kill Fun Yeah,"May 30, 2014",9.99,Arctic Anteater,0,38,True,0
551130,Tiki Brawl,"Oct 8, 2020",0.99,Last Five,0,1,False,0
957150,冷月清辉照天涯(KUNG FU LEGEND),"Apr 25, 2019",4.99,个人工作室（Two friends）,0,3,False,0
951190,Ancient lands: the Tsar awakening,"Apr 29, 2019",9.99,Anatoliy Sidorov,0,14,False,0
1443190,Knights of Grumthorr,"Oct 21, 2020",0.0,Matt Lloyd,0,0,False,0
474020,Ragnorium,"Apr 25, 2022",24.99,Vitali Kirpu,0,385,False,0
1834950,Salaryman Shi,"Jun 30, 2022",4.99,Cliax Games,0,2,False,0
805940,RUSSIA BATTLEGROUNDS,"Jul 13, 2018",0.99,Agafonoff,0,2624,False,0
448560,Mind Games,"Mar 4, 2016",2.99,AK Games,0,121,True,0
712870,Vectorium,"May 2, 2018",4.99,IndigoBlue Game Studio,0,59,False,0
1208510,Kingdom Warrior,"Mar 14, 2020",0.99,sheen.games,0,6,False,0
1779040,Poly Memory: Furries,"Oct 16, 2021",1.99,Cute Hannah's Games,0,2,False,0
1099110,愚者地牢-UP主的消失,"Jun 18, 2019",0.0,老梅,0,167,False,0
748730,Seek Not a Lighthouse,"Nov 20, 2017",4.99,"MidnightCoffee, Inc.",0,7,False,0
1979280,Jigsaw Puzzle - Futanari Massage,"Apr 26, 2022",1.99,EroticGamesClub,0,0,False,0
1533980,Swiss Alps Jigsaw Puzzles,"Feb 13, 2021",0.59,Boogygames Studios,0,3,False,0
996380,Smartphone Tycoon,"Mar 1, 2019",6.99,Roastery Games,0,774,False,0
1344810,Homeland: Lay to Rest,"Jun 23, 2020",0.0,Nuclear Lunch,0,24,False,0
1490980,Mirror Layers,"Oct 29, 2021",19.99,"Revolab,Ivan Zanotti's MyMadnessWorks",0,54,False,0
821320,SPAGHET,"Apr 13, 2018",1.99,Torrey Daniel,0,138,False,0
21110,F.E.A.R.,"May 21, 2010",54.99,"Monolith Productions, Inc.,Timegate",0,0,False,0
1111090,Alpha Lyrae Discovery,"Aug 8, 2019",4.99,xe2050,0,18,False,0
295670,Hive Jump,"Jan 18, 2017",19.99,Graphite Lab,0,256,True,0
602430,Yono and the Celestial Elephants,"Oct 12, 2017",14.99,Neckbolt,0,182,False,0
587070,PROTOThYPE _ a love story,"Feb 15, 2017",4.99,Monkeys Tales Studio,0,12,True,0
409710,BioShock™ Remastered,"Sep 15, 2016",19.99,"2K Boston,2K Australia,Blind Squirrel,Feral Interactive (Mac)",0,34221,False,0
1332840,Rise and Fall,"Aug 14, 2020",0.0,Post Boredom Games,0,3,False,0
1351180,Voyager,"Jan 14, 2022",4.99,Toleap Consulting AB,0,3,False,0
1127840,Landlord's Super,"Apr 30, 2020",19.99,Minskworks,0,742,False,0
695460,Coffee Pixes,"Nov 7, 2017",0.74,Fuyu Games AB,0,3,False,0
416600,Full Metal Furies,"Jan 17, 2018",19.99,Cellar Door Games,0,2181,True,0
1975570,Cricket Captain 2022,"Jun 12, 2022",29.99,Childish Things Ltd,0,9,False,0
302290,Infinite Game Works Episode 0,"Jun 10, 2014",12.99,Sakura River Interactive,0,6,True,0
460910,A-Gents,"Apr 20, 2016",2.99,phime studio LLC,0,101,True,0
283640,Salt and Sanctuary,"May 17, 2016",17.99,Ska Studios,0,14973,True,0
1055620,Minions Battle,"May 17, 2019",0.99,RewindApp,0,73,False,0
1452670,Simp Attack,"Dec 1, 2020",1.99,Simp Attack Studio,0,0,False,0
866960,Slime Kingdom,"Jun 14, 2018",0.0,Po-Jui Huang,0,7,False,0
1825880,作死吧！UP主！,"Mar 10, 2022",4.99,Kwing works,0,39,False,0
693880,Trivia Vault: 1980's Trivia 2,"Aug 22, 2017",9.99,Ripknot Systems,0,39,False,0
260230,Valiant Hearts: The Great War™ / Soldats Inconnus : Mémoires de la Grande Guerre™,"Jun 25, 2014",14.99,Ubisoft Montpellier,0,20709,False,0
466720,Vintage VR,"May 2, 2016",0.0,Dunderware,0,77,False,0
811250,Content Creator Simulator,"Mar 9, 2018",0.99,Epic Fire,0,8,False,0
698830,Puzzle Dating,"Sep 14, 2017",0.99,M. Hanka,0,32,False,0
643620,Night Trap - 25th Anniversary Edition,"Aug 15, 2017",14.99,Screaming Villains,0,131,False,0
1830480,50,"Mar 11, 2022",0.0,XYZStudio,0,0,False,0
297120,Heavy Bullets,"Sep 18, 2014",9.99,"Terri Vellmann,Doseone",0,1166,True,0
1448600,Sheepy,"Jul 24, 2021",0.0,Eksperimental Games,0,0,False,0
431390,Diorama No.1 : Blocked In,"Apr 5, 2016",0.0,The Shoebox Diorama (Daniel Ernst),0,22,False,0
1623000,Kate: Collateral Damage,"Oct 22, 2021",7.99,Ludic Studios,0,36,False,0
1510900,Pilfered Liberty,"May 21, 2021",0.99,Autumn's Dawn,0,1,False,0
1826920,Sex Girlfriend Simulator,"Dec 10, 2021",1.19,Slippy Floor,0,0,False,0
1047860,Dunrog,"Oct 1, 2020",14.99,OnionMilk,0,24,False,0
1505700,Berzerk Flashback,"Feb 9, 2021",9.99,Berzerk Studio,0,48,False,0
1483800,Adventure Llama,"Dec 10, 2020",0.99,Orube Game Studio,0,25,False,0
1221600,Raccoon The Miner,"Feb 24, 2020",0.0,"Andrii Lazariev,Eugene Nesterovych",0,12,False,0
623050,CyberClub-2077,"Sep 27, 2017",9.99,Dalian Magical Storm Network Technology Co. Ltd.,0,8,False,0
1222940,Cragls,"Jan 27, 2020",0.0,Tim-Jannick Hopp,0,15,False,0
1262720,Ruin Raiders,"Oct 14, 2021",19.99,OverPowered Team,0,27,False,0
470270,Tribal Pass,"Aug 26, 2016",6.99,"Tribe Tea,Stas Shostak,Evgeniy Yudin,Alexzander Protasenya,Ruslan Viter",0,280,True,0
848610,Adult Toy Store,"Dec 12, 2018",19.99,ChaoYe Liu,0,2,False,0
1031650,Emu War!,"Mar 19, 2020",9.99,Hermit Mode,0,10,False,0
1003190,Alpacapaca Double Dash,"Jan 28, 2020",5.99,Synnergy Circle Games,0,16,False,0
629730,Blade and Sorcery,"Dec 11, 2018",19.99,WarpFrog,0,31863,False,0
529640,SteamVR Driver for FOVE,"Jan 11, 2019",0.0,"FOVE, Inc.",0,2,False,0
346210,Garden Rescue,"Feb 2, 2015",3.99,Rainbow Games,0,96,False,0
1405360,Brutal Dinosaur,"Mar 27, 2021",14.99,Animas Games,0,3,False,0
919290,Nebula Realms,"Jun 22, 2022",0.0,Xaloc Studios S.L.,0,0,False,0
1046530,Universe 24,"Apr 23, 2019",7.99,Allsvinn,0,5,False,0
786580,Gleaner Heights,"Feb 21, 2018",9.99,Emilios Manolidis,0,237,True,0
434820,Brushwood Buddies,"Feb 17, 2016",2.99,Steven Colling,0,104,True,0
334850,1931: Scheherazade at the Library of Pergamum,"Mar 26, 2015",0.49,"Black Chicken Studios, inc.",0,115,False,0
963980,STARBOY,"Nov 30, 2018",9.99,"BoominShit,Banjo",0,0,False,0
1915210,The Mensional,"Apr 21, 2022",4.99,Delil Timurtaş,0,36,False,0
1947110,PIPI IS YOU,"Apr 15, 2022",0.99,微云,0,3,False,0
267340,Beware Planet Earth,"Apr 11, 2014",9.99,Lightmare Studio,0,200,False,0
1002600,Temple of Pizza,"Jan 13, 2019",0.0,Paul Kohler,0,2,False,0
1670310,孑游列国,"Jul 14, 2021",14.99,Mystical95 Studio,0,15,False,0
1727140,CYNOROID FORSAKEN,"Jun 3, 2022",5.99,Crush-vAdin,0,8,False,0
1132860,Jera,"Aug 21, 2019",0.0,DigiPen Europe-Bilbao,0,11,False,0
46350,Real Warfare 1242,"Nov 30, 2011",3.99,Unicorn Games Studio,0,47,False,0
720150,Shikhondo(食魂徒) - Soul Eater,"Oct 9, 2017",9.99,DeerFarm,0,166,False,0
399790,Destiny Warriors RPG,"Sep 11, 2015",1.99,ninjalex,0,515,False,0
1936630,Firewerx,"Apr 1, 2022",6.99,QuinnBinn,0,1,False,0
416800,Cluck Yegger in Escape From The Planet of The Poultroid,"Nov 9, 2015",2.99,Guys From Andromeda LLC,0,37,True,0
987800,CandyVenture,"Dec 14, 2018",0.0,Stephen Miller,0,13,False,0
1541860,NULLORE: beginning,"Apr 30, 2021",3.99,RSA World,0,5,False,0
1826030,シオリノコトハ - Dark Reflections -,"Jan 18, 2022",24.99,"CyberStep, Inc.,Rideon Works Co. Ltd,",0,4,False,0
757350,SAWKOBAN,"Jan 11, 2018",0.99,Bullid Games,0,54,True,0
836870,Art of Murder - Deadly Secrets,"Jul 13, 2018",4.99,City Interactive S.A.,0,6,False,0
784150,Workers & Resources: Soviet Republic,"Mar 15, 2019",34.99,3Division,0,10272,False,0
849178,Shadow of the Tomb Raider: Definitive Edition,"Sep 14, 2018",0.0,"Eidos-Montréal,Crystal Dynamics,Nixxes,Feral Interactive (Mac),Feral interactive (Linux)",0,13036,True,0
1838830,Paradox Factor,"May 5, 2022",1.99,Hosted Games,0,3,True,0
1121400,Drums of War,"Oct 1, 2019",5.09,Grind Core Games LLC,0,9,False,0
1298260,Stay home and play with waifu!,"May 6, 2020",0.99,Cyber Keks,0,0,False,0
725080,Fearful Symmetry & The Cursed Prince,"Dec 12, 2017",9.99,Gamera Interactive,0,40,False,0
1778190,Dark effigy,"Nov 7, 2021",1.99,daGusto,0,2,False,0
301500,BOMB: Who let the dogfight?,"Jul 29, 2015",7.99,La Moustache Studio,0,47,True,0
861230,Arevoatl Seven Coins,"Jun 7, 2018",0.99,Arevoatl Games,0,18,False,0
838760,Haunted Legends: The Stone Guest Collector's Edition,"May 2, 2018",0.0,AMAX Interactive,0,1,False,0
911880,Caramba!,"Aug 14, 2018",0.99,Russian Pirates,0,19,True,0
1798810,Chefy-Chef,"May 6, 2022",4.99,BUG-Studio,0,14,False,0
425720,Cloudlands : VR Minigolf,"Apr 5, 2016",19.99,Futuretown,0,256,False,0
619590,CubeBall VR,"May 10, 2017",2.99,Tachyon Factory,0,1,False,0
1203460,Koo & Yuu,"Dec 26, 2019",0.99,BlueFront,0,23,True,0
652880,Samsara,"Feb 6, 2018",14.99,JaffaJam,0,29,False,0
1106180,SpriteStack,"Jul 15, 2019",29.99,Rezoner,0,58,True,0
6200,Ghost Master®,"Dec 21, 2006",4.99,Sick Puppies,0,1429,False,0
360010,Remnants Of Isolation,"May 1, 2015",1.99,Team Isolation,0,74,False,0
508530,HackyZack,"Mar 28, 2017",9.99,Spaceboy Games,0,162,False,0
663670,Killer Queen Black,"Oct 11, 2019",9.99,"Liquid Bit, LLC,BumbleBear Games, LLC",0,480,False,0
1832080,灰猫爱拼图,"Dec 16, 2021",0.99,灰猫,0,0,False,0
801180,Beer Pong VR,"Mar 3, 2018",11.99,Axis Granted Creations Team,0,1,False,0
1584340,Space Ship DRIFT,"Apr 7, 2021",0.99,Hede,0,3,True,0
372800,RPG MO,"Aug 18, 2015",0.0,Marxnet,0,2110,True,0
298630,The Escapists,"Feb 13, 2015",17.99,Mouldy Toof Studios,0,13760,True,0
1914700,Elteria Hunter,"Mar 10, 2022",8.99,CH-Gaming Studio,0,1,False,0
734920,MEANDERS,"Feb 7, 2018",2.99,"ATOMIC BREATH,FraZack",0,376,False,0
1046650,Hentai Pair,"Aug 9, 2019",0.99,Reddiamondgames,0,0,False,0
1161570,Dark Parables: Portrait of the Stained Princess Collector's Edition,"Sep 20, 2019",9.99,"Eipix Entertainment,Blue Tea Games",0,20,False,0
1879570,Insipid,"Feb 2, 2022",0.99,Simple Logic Games,0,2,False,0
801490,HellCrunch,"Mar 16, 2018",3.99,TensionSplice,0,6,False,0
1904430,Jigsaw Novel - Naughty Stewardesses,"Feb 12, 2022",1.99,DIG Publishing,0,0,False,0
1225660,Athena Trivia,"May 18, 2021",4.99,DIG Publishing,0,4,True,0
1740990,Lawnmower Game: Space Fight,"Oct 26, 2021",0.49,"Tero Lunkka,Valkeala Software",0,6,False,0
1464840,Monolith,"Nov 27, 2020",0.0,202-N Studios,0,3,False,0
1259600,There Was the Moon,"Jul 24, 2020",9.99,Ben Lapid,0,25,False,0
1398730,Winter Wonderland,"Oct 10, 2021",6.99,Dharker Studio,0,0,False,0
1379050,Mystical Mayhem,"Oct 29, 2020",11.99,Rock Nano,0,7,False,0
1124660,STORM AREA 51: AYY LMAO EDITION,"Sep 19, 2019",0.99,Agafonoff,0,581,False,0
1193280,Reverse Fantasy Legend 2,"Dec 12, 2019",29.99,废材炼金术士,0,1,False,0
834170,Chameleon Video Player,"May 16, 2018",0.0,Christopher Cinq-Mars Jarvis,0,12,True,0
567380,Heartbound,"Dec 24, 2018",9.99,Pirate Software,0,1325,True,0
555510,MachiaVillain,"May 16, 2018",19.99,Wild Factor,0,437,True,0
774411,Temple of Xiala,"Feb 15, 2018",1.99,Hannes Delbeke,0,35,False,0
42710,Call of Duty®: Black Ops,"Nov 9, 2010",19.99,Treyarch,0,15124,False,0
742360,全民王者,"Jan 26, 2018",1.99,Zhongshan Xinglong Animation Technology Co. Ltd.,0,6,False,0
3330,Zuma Deluxe,"Aug 30, 2006",4.99,"PopCap Games, Inc.",0,2330,False,0
315260,Space Hack,"Aug 5, 2014",4.99,Unknown,0,0,False,0
1197110,Advancity,"Apr 22, 2020",14.99,Tbjbu2 Originals,0,6,False,0
609150,STAR OCEAN™ - THE LAST HOPE -™ 4K & Full HD Remaster,"Nov 28, 2017",20.99,"Square Enix,tri-Ace",0,873,False,0
462670,VR-Xterminator,"Dec 20, 2016",4.99,Since Idea Games,0,8,False,0
496290,Deep Dark Dungeon,"May 8, 2018",9.99,GlassCats,0,30,False,0
533050,Lazy Galaxy: Rebel Story,"Aug 22, 2018",4.99,Coldwild Games,0,27,True,0
1375690,Arcanion: Tale of Magi,"Sep 8, 2020",10.99,"Jaymonius,AbstracttheOrigin",0,3,False,0
1280500,Terracosmic,"May 27, 2020",0.99,Jakub Klementewicz,0,11,False,0
1253270,Scoot Kaboom and the Tomb of Doom,"Jun 1, 2021",11.99,Janius Digital,0,48,False,0
940180,Hailey,"Oct 5, 2018",2.99,Evan Veinotte,0,1,False,0
598500,Startide,"Sep 8, 2017",0.99,"Swimming Scorpions,MMEU",0,10,False,0
1440330,In It Together,"Jan 28, 2021",9.99,Armarti,0,3,False,0
2001780,Wuscar Playtest,"May 19, 2022",0.0,Unknown,0,0,False,0
219150,Hotline Miami,"Oct 23, 2012",9.99,Dennaton Games,0,73932,True,0
543650,Last Days,"Oct 20, 2016",0.0,CrackedGhostGames,0,24,False,0
620210,Fatal Twelve,"Mar 30, 2018",19.99,aiueoKompany,0,643,True,0
576410,Nihilist Simulator,"Dec 11, 2017",1.99,hyperboreanGames,0,53,False,0
397750,Guided Meditation VR,"Oct 3, 2016",14.99,Cubicle Ninjas,0,89,False,0
1413500,Infectra,"Sep 22, 2020",0.49,Boar-in-games,0,7,False,0
1878700,R.E.A.C.T Playtest,"Mar 11, 2022",0.0,Unknown,0,0,False,0
1495120,Fairytale Mosaics Cinderella 2,"Jan 4, 2021",4.99,Somer Games,0,3,False,0
1953060,Time Thief,"May 24, 2022",0.0,Matheus Mortatti,0,0,True,0
1379900,Shikokushi ~food and sightseeing and beauties~,"Aug 21, 2020",19.99,Flying Panjandrum / ふらいんぐパンジャンドラム,0,52,False,0
1094020,天下往事 Journey of the world,"Jun 16, 2019",0.0,十弦曲觞,0,2,False,0
1157040,Arkan: The dog adventurer,"Oct 3, 2019",7.99,Madao Studio,0,14,False,0
954610,Onii-chan Asobo,"Sep 27, 2019",8.99,ilシ,0,0,False,0
1233120,Street Racing 2020,"Mar 30, 2020",19.99,Technologies&Simulators,0,1,False,0
1674980,Viking Heroes 2,"Jul 28, 2021",6.99,Yustas Games Studio,0,13,False,0
1466110,Orbiterrion,"Apr 15, 2021",9.99,Indecisive Raccoon,0,4,False,0
494850,VeeR Pong,"May 29, 2017",4.99,Ian Slattery,0,2,False,0
1386700,Venkazoid Blast,"Aug 24, 2020",0.99,Phillip Herrera,0,2,False,0
1154340,Night Road,"Mar 20, 2020",3.99,Jared Skinner,0,4,False,0
1455420,Choco Pixel S,"Nov 8, 2020",1.99,Blender Games,0,3,False,0
365800,AdvertCity,"Jun 5, 2015",19.99,VoxelStorm,0,49,True,0
541670,Disney Infinity 3.0: Gold Edition,"Dec 9, 2016",29.99,"Avalanche Software,Heavy Iron Studios",0,690,False,0
1146370,Master of Magic Classic,"Feb 25, 2020",5.99,SimTex,0,467,False,0
598990,Pizza Connection,"Apr 5, 2017",0.59,Assemble Entertainment,0,34,True,0
1681080,New Supper Banana!,"Dec 15, 2021",3.99,Pikku-a,0,3,False,0
1463350,WordTactics,"Dec 31, 2020",3.99,Cory Forrest Cohen,0,5,True,0
1669630,Gridform Playtest,"Jul 9, 2021",0.0,Unknown,0,0,False,0
609850,Slinger VR,"Apr 23, 2020",14.99,Empyrean,0,30,False,0
927080,Space Fox Kimi,"Sep 7, 2018",0.99,ShenTzu,0,6,False,0
1501850,Love and Romance Interactive [Co-op for Couples],"Nov 1, 2021",99.99,marriedbook,0,0,False,0
1172450,Carto,"Oct 27, 2020",19.99,Sunhead Games,0,4649,False,0
956560,StarCrossed,"Feb 11, 2020",9.99,Contigo Games,0,55,True,0
1561500,子非猫,"Apr 14, 2021",0.99,东极互娱网络科技有限公司,0,4,False,0
1939420,Running in the Y2K Playtest,"Apr 10, 2022",0.0,Unknown,0,0,False,0
279440,Joe Dever's Lone Wolf HD Remastered,"Nov 27, 2014",14.99,Forge Reply srl,0,520,False,0
656030,The Lost Legends of Redwall™: The Scout Act 1,"Sep 14, 2018",9.99,Soma Games,0,84,False,0
1684750,I deserve a happy ending,"Jun 29, 2022",3.99,Man-Eater Games,0,5,True,0
1070940,Aster,"May 1, 2020",2.99,KS,0,0,False,0
870780,Control Ultimate Edition,"Aug 27, 2020",39.99,Remedy Entertainment,0,27911,False,0
936700,Ms. Squeaker's Home for the Sick,"Sep 28, 2018",3.99,Targon Studios,0,24,False,0
854680,DeepLands,"Jul 1, 2020",2.99,Tim Venekamp,0,4,False,0
1296720,欢乐消消乐,"Jun 8, 2020",0.0,赣州怡玩文化传媒有限公司,0,4,False,0
1868870,Ninehouse,"Mar 17, 2022",3.99,Game Hat Studio,0,0,False,0
821890,Steven Universe: Save the Light,"Aug 13, 2018",24.99,"Grumpyface Studios,Finite Reflection Studios",0,900,False,0
1143750,VRocker,"Jun 18, 2020",10.99,digitalsoulVR,0,57,False,0
1201950,Lust of the Apartment Wives,"Feb 9, 2020",14.99,U+Me PLUS,0,0,False,0
1169510,Game Breaker,"Dec 13, 2019",8.99,Game Breaker,0,3,False,0
1289170,Defenders of the West,"Nov 30, 2020",9.99,Jura Ex Alto,0,7,False,0
1458810,Dismantled,"Dec 7, 2020",3.99,Productions Pluie De Sang,0,0,False,0
873490,不落城-Unconquered Castle,"Oct 12, 2018",9.99,灰烬天国,0,106,False,0
1483980,Phi,"Dec 16, 2020",0.0,Quad Cycles,0,81,False,0
836110,Time Tenshi Paradox: Episode 2,"Apr 13, 2018",1.79,Silver Cow Studio,0,12,True,0
577160,Skyling: Garden Defense,"Feb 13, 2017",0.99,"Mighty Studios, LLC",0,8,False,0
1757250,Unreal Element World,"Jan 22, 2022",5.99,呆梨游戏,0,1,False,0
1377790,异形杀手：初现 Alien Killer: Appearance,"Jan 1, 2021",0.0,海马兄弟工作室 Hippocampus Brothers Studio,0,0,False,0
1562470,Rurizakura,"Apr 19, 2021",17.99,CANDY VIOLET,0,12,False,0
1768300,Grid Miner,"May 3, 2022",2.99,Kairoscope,0,25,False,0
1169050,Language Worm,"Oct 18, 2019",0.99,Christopher Pollard,0,1,False,0
1008700,Golf Pool VR,"Jul 19, 2022",4.99,LastnOni,0,13,False,0
833440,Vera Swings,"Oct 11, 2018",1.99,Brett Yeager,0,10,True,0
796940,Red Embrace,"Feb 15, 2018",4.99,Argent Games,0,129,True,0
1120090,Gobligeddon,"Aug 13, 2019",0.0,Gkeylab,0,22,False,0
1386900,Observer: System Redux,"Nov 10, 2020",29.99,"Bloober Team,Anshar Studios",0,1101,False,0
1357190,Conjurer Andy's Repeatable Dungeon,"Sep 7, 2020",7.99,Firebrand Games Ltd.,0,0,False,0
693190,Survival driver 2: Heavy vehicles,"Aug 23, 2017",0.49,Tero Lunkka,0,15,False,0
1345980,Survive.com,"Jul 19, 2020",0.0,Reum Entertainment,0,3,False,0
1181030,Forest Guardian,"Mar 30, 2020",10.99,TsukiWare,0,0,True,0
787260,Universe Balancing Bureau,"Feb 5, 2018",0.0,Game Kombinat,0,19,False,0
429330,Stikbold! A Dodgeball Adventure,"Apr 1, 2016",4.99,Game Swing,0,362,False,0
1645950,Cat Dungeon Escape,"Jun 21, 2021",1.29,Criando Games,0,7,False,0
1164020,Iron Sun,"Nov 20, 2019",0.99,Nibras Game Studio,0,0,False,0
836450,Heaven Will Be Mine,"Jul 25, 2018",14.99,"Pillow Fight,Worst Girls Games",0,326,True,0
742030,MahJong,"Nov 8, 2017",4.99,baKno Games,0,11,True,0
1070430,Space Duke,"May 8, 2019",3.99,AHui.Game,0,1,False,0
269030,The Yawhg,"Feb 27, 2014",9.99,"Damian Sommer,Emily Carroll",0,1106,False,0
845050,Last Regiment,"Jun 15, 2020",19.99,Boomzap Inc,0,69,False,0
798190,Star Clash,"Mar 2, 2018",0.99,ZGame Studio,0,2,False,0
1240530,Dungeon Warriors,"Oct 1, 2020",2.99,Ant Design Games,0,6,False,0
545850,Shady Brook - A Dark Mystery Text Adventure,"Oct 24, 2016",2.99,Storycentric Worlds,0,13,False,0
622380,RETNE,"Aug 2, 2017",0.0,"VRNI Ltd,Kainos",0,36,False,0
499120,Dark Parables: The Red Riding Hood Sisters Collector's Edition,"Aug 9, 2016",9.99,Blue Tea Games,0,26,False,0
1174460,Poker Club,"Nov 20, 2020",19.99,Ripstone,0,145,False,0
200230,Off-Road Drive,"Sep 29, 2011",4.99,1C-Avalon,0,376,False,0
514750,Nightmare Adventures: The Witch's Prison,"Aug 29, 2016",6.99,Ghost Ship Studios,0,16,False,0
788490,StackFortress,"Mar 4, 2018",9.99,Overimagined Games,0,7,False,0
814580,Where Time Stood Still,"Apr 13, 2018",3.99,Ocean Software,0,9,False,0
1508900,MahjongSchool,"Apr 30, 2021",4.99,RedLizard Studio,0,48,False,0
1782880,Spacious Snake,"Oct 21, 2021",0.99,Giant Head,0,22,False,0
1600450,Pride and Prejudice: Blood Ties,"Oct 26, 2021",9.99,"Telltale Games Ltd (UK),Wonderland",0,6,False,0
794760,ABYSS CRAWLERS plus　迷宮クロウラ＋,"Mar 8, 2018",4.99,YANEURAGAMES,0,67,False,0
730430,This Is the President,"Dec 6, 2021",14.99,SuperPAC,0,120,True,0
1791640,Froggy,"Oct 31, 2021",0.49,Luci Entertainment,0,24,False,0
1415580,Heart World,"Dec 24, 2020",0.99,凌望游戏工作室,0,1,False,0
223430,Miner Wars 2081,"Nov 28, 2012",4.99,Keen Software House,0,125,False,0
329020,Battlegrounds of Eldhelm,"Oct 22, 2014",0.0,Essence Ltd.,0,145,False,0
1471730,"Kick it, Bunny!","Feb 17, 2021",9.99,DillyFrame,0,6,False,0
1528860,The Legend of Karl,"Feb 21, 2021",0.0,Actplus Studio,0,224,False,0
1854970,MILF HUNTER,"Apr 1, 2022",0.59,Milk Poison,0,0,False,0
1585910,Roll,"May 13, 2021",4.99,Joseph Distler,0,265,False,0
1171990,"Aah, Halloween pie!","Oct 24, 2019",4.99,Ingeniousfun,0,2,False,0
387890,Radial Impact,"Aug 3, 2015",0.99,Devin Sherry,0,0,False,0
1103390,ThreeStep,"Oct 18, 2019",5.99,CakeNeq Games,0,2,False,0
1026610,Deathless Dungeon,"Jul 29, 2019",6.99,Ember Works,0,20,False,0
1207540,Puzzle Frame,"Feb 11, 2020",1.99,"Kynapsis, Lda",0,11,True,0
667340,Anxiety,"Jul 21, 2017",0.99,PiFTy,0,2,False,0
230190,War for the Overworld,"Apr 2, 2015",29.99,Brightrock Games,0,5919,True,0
1801950,My Soldiers,"Jan 29, 2022",19.99,Coolpeng,0,0,False,0
1338390,Tyrannis,"Jul 8, 2020",9.99,cGh ONE,0,14,False,0
1054150,Fantasy Battles,"May 7, 2019",10.99,Area VR,0,1,False,0
305480,Heileen 2: The Hands Of Fate,"Jun 11, 2014",9.99,Winter Wolves,0,23,True,0
1627730,Spinning Top,"May 25, 2021",5.99,Abula Studio,0,0,False,0
1871160,Blind wizard's assistant,"Jun 10, 2022",4.99,Smakit games,0,1,False,0
1131620,Dominion,"Oct 7, 2021",0.0,Temple Gates Games,0,0,False,0
1174970,Empty Sharp,"Dec 2, 2019",5.99,Meltdownergames,0,1,False,0
377570,Space Drifters 2D,"Mar 28, 2016",0.99,Matthew Coyle,0,25,True,0
1360140,Bird Boxing,"Aug 20, 2021",4.99,Frisson Games,0,2,False,0
959090,WayDown,"Nov 5, 2018",2.99,"CakeNeq Games,Dinobyte Softworks",0,4,False,0
567280,Cube Runner,"Dec 13, 2016",10.99,EGAMER,0,807,False,0
314000,Pool Nation FX Lite,"Dec 7, 2015",0.0,Cherry Pop Games,0,1168,False,0
1009460,"Hello, Goodbye","Apr 18, 2019",29.99,Lump of Sugar,0,51,False,0
1484050,MADE : Interactive Movie – 01. Run away!,"Jan 12, 2021",14.99,JOONSPICTURES,0,22,False,0
991780,Notes of Soul,"Jan 17, 2019",29.99,（Hong Kong）GKD Game Studio,0,16089,False,0
1193510,Antarctic Heritage Trust,"Jul 23, 2020",0.0,Staples VR,0,22,False,0
726810,Void Cube Runner,"Apr 19, 2018",0.0,Razard,0,6,False,0
415980,Quatro Luzes,"Nov 13, 2015",5.99,Jardel Elias,0,8,True,0
1331330,CurryKitten FPV Simulator,"Jun 12, 2020",1.99,Wayne Andrews,0,28,True,0
1912700,3D PUZZLE - Wood House,"Mar 4, 2022",9.99,PUZZLE Games,0,8,True,0
1840870,Sporty Peppers,"Apr 16, 2022",4.99,Sporty Peppers,0,1,False,0
1815250,漂流佣兵 Playtest,"Apr 29, 2022",0.0,Unknown,0,0,False,0
981430,Gordian Quest,"Jun 23, 2022",19.99,"Mixed Realms Pte Ltd,Swag Soft Holdings Pte Ltd",0,3839,False,0
801610,Amigo Fishing,"Apr 12, 2018",0.0,Amigo VR,0,13,False,0
1143570,VolticPistol,"Mar 26, 2020",9.99,Sunset Arctic Games,0,11,True,0
705710,Sense of The Devil,"Sep 22, 2017",0.99,Racing Bros,0,44,True,0
1379560,Steven Universe: Unleash the Light,"Feb 19, 2021",24.99,Grumpyface Studios,0,390,False,0
620790,The Slopes,"May 19, 2017",1.99,"Peter Labick,Connor Laux",0,2,False,0
383840,Nimbatus - The Space Drone Constructor,"May 14, 2020",19.99,Stray Fawn Studio,0,1479,True,0
793490,Exocraft,"Mar 12, 2019",0.0,GoldFire Studios,0,166,False,0
2061530,Our Home,"Jul 2, 2022",4.99,Kanitch,0,0,False,0
1111340,Dream Jump Adventure,"Sep 2, 2019",0.99,redlion422,0,1,False,0
294060,Aaru's Awakening,"Feb 23, 2015",14.99,Lumenox ehf,0,92,True,0
783310,Burden,"Jan 17, 2019",8.99,Black Book Development,0,21,False,0
785990,Hub Culture VR,"Feb 7, 2018",0.0,Hub Culture Ltd,0,4,False,0
308400,Cube Samurai: RUN!,"Jun 15, 2016",4.99,Red Meat Games,0,2,False,0
1107860,Dofense,"May 16, 2022",12.99,Blue Math,0,4,False,0
1468810,鬼谷八荒 Tale of Immortal,"Jan 27, 2021",19.99,鬼谷工作室,0,105384,False,0
1299900,Everland (Stress Test),"May 16, 2020",0.0,Everland MMO,0,267,False,0
664240,RetroWar: 8-bit Party Battle,"Jun 17, 2019",9.99,Electron Studio,0,9,False,0
799260,Godly Corp,"Dec 13, 2018",0.79,TR8 Torus Studios,0,38,True,0
437000,GUILTY GEAR 2 -OVERTURE-,"Mar 31, 2016",19.99,Arc System Works,0,167,False,0
1991760,Word of mouth stories Playtest,"May 8, 2022",0.0,Unknown,0,0,False,0
339700,"I, Gladiator","Apr 7, 2015",7.99,Steel Monkeys,0,96,False,0
1120950,Chameleon Run Deluxe Edition,"Aug 29, 2019",5.99,"Hyperbolic Magnetism,CINEMAX, s.r.o.",0,64,False,0
67370,The Darkness II,"Feb 9, 2012",4.49,Digital Extremes,0,16071,False,0
1833960,Krai. Digital-poetry vol. 1,"Jan 17, 2022",0.0,KRAI,0,0,False,0
1083190,Disc Creatures,"Oct 17, 2019",14.99,PICORINNE SOFT,0,132,False,0
1276850,Kane's Shadow,"Apr 22, 2020",0.0,Plush Productions LLC,0,2,False,0
1500940,Far Lands,"Apr 22, 2022",15.99,Scalpel Softworks,0,24,False,0
1304870,Motel Murder,"Jun 12, 2020",4.99,NG Smith,0,2,False,0
716940,Grape Jelly,"Oct 3, 2017",0.49,Primitive Studio,0,27,False,0
699750,Pixel Traffic: Risky Bridge,"Sep 6, 2017",1.99,For Kids,0,44,True,0
1015790,Dark Hero Party,"Apr 9, 2020",14.99,U-ROOM,0,177,False,0
816330,The Council of Hanwell,"Mar 14, 2018",4.99,Steel Arts,0,48,False,0
976500,Venineth,"Apr 16, 2020",19.99,Venineth Team,0,128,False,0
1976960,Elysium Above 履云录 Playtest,"Jul 1, 2022",0.0,Unknown,0,0,False,0
838750,Shadow Wolf Mysteries: Cursed Wedding Collector's Edition,"Apr 30, 2018",9.99,AMAX Interactive,0,4,False,0
950730,Fallen Sky -Online-,"Oct 19, 2018",1.99,Marco Braun,0,4,False,0
1183210,Through The Unknown,"Jan 17, 2020",3.99,Cozy Cloud Productions,0,3,False,0
418640,Iron Commando - Koutetsu no Senshi,"Jul 13, 2016",2.79,Arcade Zone,0,27,False,0
2003320,Merge Beasts - Defense Game,"Jun 1, 2022",1.99,Boogygames Studios,0,0,False,0
865150,安全教育,"Jun 3, 2018",199.99,Colyu,0,0,False,0
1375420,Messier111,"Oct 21, 2020",4.99,"MELPOT, inc.",0,2,False,0
1431840,Murder by Moonlight - Call of the Wolf,"Oct 9, 2020",4.79,eFunSoft Games,0,13,False,0
1185870,Skyland 1976,"Nov 17, 2019",3.99,Simon CLAVEL,0,30,False,0
1366100,Azalea,"Nov 9, 2020",1.49,Rad Codex,0,27,False,0
891710,Thanksgiving Day Mosaic,"Oct 24, 2018",0.49,Creobit,0,14,False,0
1629570,Spacegirl 2038,"May 25, 2021",7.99,Borsuk Software,0,0,False,0
652890,Vanguard Knights,"Jan 9, 2019",4.99,Royal Skies LLC,0,23,False,0
679030,HELI-COMMANDO 2017,"Oct 7, 2017",0.99,RF,0,7,False,0
1218520,Neko Neko,"Feb 6, 2020",0.99,Neko Game,0,0,False,0
1673320,Survivor,"Jul 12, 2021",0.99,kolacape,0,109,False,0
1807980,Rhentsu,"Dec 22, 2021",3.99,Marcinho Manga,0,0,False,0
506590,Sky Valley,"Aug 4, 2016",1.99,Evgenii Gubanov,0,51,False,0
920450,Escape The Labyrinth,"Sep 15, 2018",5.99,ProjectKlowd Game Studios,0,1,True,0
386340,MegaSphere,"Aug 25, 2015",14.99,AKGames,0,82,True,0
1029790,Qubes,"Mar 15, 2019",4.99,DavideJ,0,8,False,0
293160,AntharioN,"Jul 15, 2015",14.99,Orphic Software,0,121,False,0
2022790,Cazzarion: Demon Hunting Playtest,"Jun 22, 2022",0.0,Unknown,0,0,False,0
1330890,Crystal Caves HD,"Oct 15, 2020",7.99,Emberheart Games,0,215,True,0
1183740,散歩するキーボード使い,"Nov 21, 2019",0.0,Sato Fumiya,0,32,False,0
812580,Chop It,"Sep 17, 2018",9.99,Giant Scam Industries,0,14,False,0
497090,Amihailu in Dreamland,"Aug 23, 2016",0.0,Delmunsoft,0,18,False,0
745030,Squarism,"Nov 21, 2017",2.99,"KirUn,algamedev,Alexander M",0,54,False,0
1575270,Robin: Race!,"Mar 30, 2021",9.99,Netzweck GmbH,0,4,True,0
681150,Rainbow Duck,"Aug 29, 2019",0.54,Boogygames Studios,0,13,False,0
939560,Monster Trampoline,"Jan 18, 2019",7.99,Xenofusion Studios,0,4,False,0
1292240,The Chess Variants Club,"Dec 15, 2020",4.99,"Minimol Games,Mens Sana Interactive",0,37,False,0
1131400,Project RIP,"Oct 12, 2019",13.99,Storming Tech,0,74,True,0
1533420,Neon White,"Jun 16, 2022",24.99,Angel Matrix,0,5091,False,0
525660,Moonlit Mayhem™,"Oct 5, 2016",2.99,Bloodmane Interactive,0,3,False,0
1506260,Funbag Fantasy 3if,"May 6, 2021",44.99,Waffle,0,0,False,0
1558530,Brawler,"Mar 17, 2021",6.99,Cobra Blade,0,2,False,0
22362,BRINK,"May 9, 2011",0.0,Splash Damage,0,3657,False,0
1956300,Beer Break,"Apr 30, 2022",4.99,Big Chibi LLC,0,2,True,0
816550,Gallows,"Mar 4, 2022",1.99,Gallows,0,2,False,0
1790220,Voxel Bash Playtest,"Oct 15, 2021",0.0,Unknown,0,0,False,0
406720,Alekhine's Gun,"Mar 11, 2016",14.99,Haggard Games,0,243,False,0
1569820,Shades of Rayna,"May 10, 2021",0.0,QuickSave,0,0,False,0
392970,New York Mysteries: High Voltage,"Jan 12, 2016",6.99,FIVE-BN GAMES,0,230,False,0
1689250,GATE,"Jul 30, 2021",4.99,Banshee Cat,0,21,False,0
1807750,封神榜2022,"Jan 6, 2022",9.99,FC Maker,0,682,False,0
1453080,DruMidia,"Nov 21, 2020",0.0,TeaLovers,0,3,False,0
1764730,История бомжа 2: полицейский беспредел,"Oct 6, 2021",0.99,Quarlellle,0,14,False,0
1679270,Balls out of Control,"Jul 16, 2021",0.99,Juan Daniel González Alcobre,0,0,False,0
847680,Pale Cachexia,"Apr 14, 2021",5.99,Argent Games,0,22,True,0
1184010,Monsters Mall,"Jan 29, 2021",1.99,Green Cube Games,0,26,False,0
1140970,Inside The Park VR,"Aug 30, 2019",14.99,Intelimmerse LLC,0,7,False,0
1920810,Calmie Dots,"May 16, 2022",0.99,CuteKateStudio,0,2,False,0
869440,Cherry in the Sky,"Dec 20, 2018",4.99,The Airship Abstraction,0,5,False,0
1634130,Escape From The Void,"Oct 5, 2021",9.99,La Compagnie des Projets Secondaires,0,0,False,0
1470170,BOY BEATS WORLD Playtest,"Nov 19, 2020",0.0,Unknown,0,0,False,0
655580,Micro Cosmic Worlds,"Jul 20, 2017",8.99,"Codon, Inc.,Mist",0,4,False,0
1730100,69 Yuki Love,"Sep 6, 2021",1.99,Loolust,0,0,True,0
821370,MLB Home Run Derby VR,"Apr 26, 2018",4.99,MLB,0,17,False,0
1863070,Cardstock Playtest,"Jan 13, 2022",0.0,Unknown,0,0,False,0
292620,Pressured,"Jul 18, 2014",2.99,Paul Marrable,0,268,False,0
245730,Flashback,"Oct 1, 2013",9.99,Unknown,0,0,False,0
1240460,TechnoTsunami,"Oct 28, 2020",4.99,Neon Castle,0,53,False,0
1183230,A Pirate's Pleasure,"Dec 2, 2019",5.99,Heart's Choice,0,5,True,0
1470590,Wave Break Playtest,"May 20, 2021",0.0,Unknown,0,0,False,0
427550,Tibetan Quest: Beyond the World's End,"Apr 7, 2016",9.99,Brave Giant LTD,0,123,True,0
711600,Dragon Orb,"Dec 7, 2017",9.99,WaVR,0,0,False,0
1130430,Escape from Chernobyl: Jailbreak,"Aug 30, 2019",2.99,Nelset,0,9,True,0
1134500,Follow the White Rabbit VR (화이트래빗),"Sep 11, 2019",9.99,Dexter Studios,0,2,False,0
1732310,Her Jentle Hi-ness,"Mar 24, 2022",14.99,Sky Bear Games,0,2,True,0
1979300,Village Guardians,"Jul 6, 2022",8.99,ICHIICHI KK,0,0,False,0
1839420,THE GAME,"Feb 24, 2022",0.99,Kyonbu,0,15,False,0
322170,Geometry Dash,"Dec 22, 2014",3.99,RobTop Games,0,182534,False,0
1367330,Close Combat: Modern Tactics,"Apr 15, 2021",29.99,Strategy 3 Tactics,0,4,False,0
707030,POSTAL 4: No Regerts,"Apr 20, 2022",39.99,Running With Scissors,0,5998,False,0
1365800,City Of Thugs,"Oct 2, 2021",0.0,Forever Young Games,0,0,False,0
1540780,Lama Azavtani-救赎,"Feb 19, 2021",4.99,"NuoMiGame游戏开发工作室,玖日六叔",0,8,False,0
720940,Horns of Fear,"Jun 7, 2018",4.99,Pixoala,0,66,False,0
253330,Neverending Nightmares,"Sep 26, 2014",3.74,Infinitap Games,0,1914,True,0
425580,The Room Two,"Jul 5, 2016",4.99,Fireproof Games,0,14447,False,0
1270840,New King,"Apr 16, 2020",4.99,Shanbo Studio,0,0,False,0
1060350,War of the Seraphim,"May 22, 2019",0.99,Mathman21,0,1,False,0
1168740,Old School Horror Game : Bright Day,"Oct 23, 2019",4.99,Daftlion Company,0,5,False,0
1019150,Apolune,"Feb 6, 2019",4.2,Lost Astronaut Studios,0,2,False,0
34273,Crack Down™,"Jun 1, 2010",0.99,SEGA,0,9,True,0
1816900,Aberration,"Jan 17, 2022",4.99,TiernanGames,0,5,False,0
1161810,SushiParty2,"Oct 28, 2019",9.99,AECRNIA,0,4,False,0
954350,NOLO HOME,"Mar 22, 2019",0.0,北京凌宇智控科技有限公司,0,20,False,0
392410,Toy Odyssey: The Lost and Found,"Sep 20, 2016",14.99,Hikergames,0,215,False,0
498660,Mind Spheres,"Jul 8, 2016",0.49,Microblast Games,0,518,False,0
512700,Duckles: the Jigsaw Witch,"Dec 20, 2016",4.99,Turbulon Interactive,0,7,False,0
818440,Forgotten Places: Lost Circus,"Mar 22, 2018",2.99,Sungift Games,0,30,False,0
1896450,Dank Subs,"May 10, 2022",0.0,Ross Champion,0,0,False,0
1188990,WREST,"Jul 28, 2020",19.99,Shaftesbury Lucid Inc,0,14,False,0
1579000,Super Head Ball,"Dec 17, 2021",5.99,Seth van Heijster,0,10,False,0
476240,KNIGHTS,"May 30, 2016",0.51,Arzola's,0,639,True,0
1433500,Hotel Transylvania: Scary-Tale Adventures,"Mar 11, 2022",39.99,Drakhar Studios,0,2,False,0
1398080,Seaside Cafe Story,"Nov 4, 2020",5.99,Studio Namaapa,0,11,False,0
1903880,Push the Sheep,"Mar 14, 2022",2.99,Fabio F Martins,0,0,False,0
766560,The Fruitless Flower 雾雨中的徒花,"Mar 9, 2018",0.99,凝冰剑斩,0,82,False,0
697650,The 25th Ward: The Silver Case,"Mar 13, 2018",19.99,"GRASSHOPPER MANUFACTURE INC.,Active Gaming Media Inc.",0,221,True,0
715270,Fire and Fury: English Civil War,"Dec 19, 2018",9.99,HexWar Games,0,9,False,0
679700,Dead Shits,"Nov 6, 2021",1.99,Black Humor Games,0,0,False,0
1837130,星塔星夜MONOBEHEVO,"May 31, 2022",6.99,iiloo,0,41,False,0
612160,Splinter Zone,"Jun 1, 2017",4.99,MOKKOGRAD,0,21,False,0
1626370,Raybound,"May 28, 2021",0.0,Braveo,0,12,True,0
1947120,Cosmic Ascension,"Apr 22, 2022",9.99,Fei Studio,0,4,False,0
557520,Torn,"Aug 28, 2018",5.99,Aspyr,0,125,False,0
1804180,Cristalix,"Jan 10, 2022",0.0,"Hany Burstein,shahar braha,Eyal Dorn,Alon Dorn",0,0,False,0
737390,Batch 17,"Jan 27, 2018",4.99,Baffled Games,0,3,False,0
404200,WARTILE,"Feb 8, 2018",19.99,Playwood Project,0,484,False,0
1229260,Monster Girls and the Mysterious Adventure,"Mar 19, 2020",18.99,NEKOTOKAGE GAMES,0,99,False,0
428660,Deliver Us The Moon,"Oct 10, 2019",24.99,KeokeN Interactive,0,4483,False,0
1268370,holedown,"Apr 9, 2020",9.99,grapefrukt games,0,45,False,0
1415200,Pitched Battle,"Sep 25, 2020",1.99,MoonGame,0,7,False,0
1698520,Simple Fish Adventure,"Aug 6, 2021",3.99,LostVolBytes,0,164,False,0
898500,Hentai City,"Dec 4, 2018",0.99,Waifu Games,0,0,False,0
1288920,Element-174 - Part 1,"Jan 3, 2022",11.99,Knotty Games,0,0,True,0
1277390,Death World,"May 24, 2020",0.0,Millenium Games,0,21,False,0
1867050,Jules,"Jan 21, 2022",0.99,Mario Bee,0,5,False,0
1214180,Mini Countries,"Feb 12, 2021",9.99,Yheeky Games,0,37,True,0
579110,Interkosmos,"Apr 25, 2017",0.99,Ovid Works,0,301,False,0
1105740,Wheel of Fate,"Feb 12, 2021",14.99,"UDX Interactive Inc.,Game Pill Inc.",0,45,False,0
768880,Beach Rules,"Jan 4, 2018",1.99,Copperpick Studio,0,18,False,0
1982830,Horse Shelter 2022 Playtest,"Apr 30, 2022",0.0,Unknown,0,0,False,0
1861780,Psychic,"Jan 17, 2022",0.49,Seaborgium Entertainment,0,14,False,0
1739340,Mr. Hopp's Manor Escape,"Oct 17, 2021",3.99,Moonbit,0,28,False,0
1213550,Devil's Kiss,"Feb 21, 2020",1.99,Size Five Games,0,28,True,0
1188020,Sir Smedieval,"Dec 13, 2019",4.99,Keeperkoto,0,0,False,0
1587930,Flingleberries!,"Apr 15, 2021",4.99,Sloth Planet Games,0,0,False,0
673630,Heaven And Earth,"Dec 13, 2017",1.99,Michael Hobbs,0,1,False,0
336300,Hearthlands,"Apr 28, 2017",9.99,Sergio,0,319,True,0
1339380,Kabukicho Story,"Aug 1, 2020",0.99,Mustella Games,0,41,False,0
1585360,Live/Wire,"May 14, 2021",0.0,Wild Village Games,0,0,False,0
1903220,Paint To Pixel,"Mar 1, 2022",3.99,Metro Boulot Dodo MBD,0,1,False,0
1342250,ZERO GUNNER 2-,"Dec 20, 2020",9.99,"CITY CONNECTION,Zerodiv",0,34,False,0
538070,Bad Dream: Coma,"Mar 9, 2017",8.99,Desert Fox,0,1612,False,0
724030,Buffy Stole Your Sandwich,"Oct 17, 2017",0.99,Xivek's Toybox,0,2,False,0
1103000,Qwerty's Prison,"Sep 4, 2019",2.99,ATHI,0,1,False,0
452970,Asemblance,"Jun 21, 2016",7.99,Nilo Studios,0,80,False,0
1945560,World of Mines Creator's Edition,"May 10, 2022",4.99,Cogoo,0,10,False,0
1863920,モールス信号で愛を伝えよ。,"May 29, 2022",0.0,INORK Game,0,0,False,0
1742450,西游记2021,"Sep 30, 2021",9.99,FC Maker,0,318,False,0
1853780,FPS Seduce - Hentai,"Jan 5, 2022",4.99,Elegant Girl Games,0,0,True,0
1510570,Toy Tinker Simulator: Prologue,"Jan 22, 2021",0.0,Turquoise Revival Games,0,116,False,0
692690,Dance Collider,"Nov 1, 2019",3.44,emergeWorlds,0,133,False,0
553020,Theatre of Doom,"Apr 19, 2017",2.49,Artery Games,0,7,True,0
299070,Warrior Kings: Battles,"May 6, 2014",9.99,Black Cactus,0,210,False,0
4500,S.T.A.L.K.E.R.: Shadow of Chernobyl,"Mar 20, 2007",19.99,GSC Game World,0,29072,False,0
437220,The Culling,"Oct 5, 2017",0.0,Xaviant,0,10248,True,0
597030,Aircraft Evolution,"Apr 3, 2018",9.99,Satur Entertainment,0,191,False,0
1484280,Demeo,"May 6, 2021",23.99,Resolution Games,0,1134,False,0
1787170,Squidoku,"Nov 8, 2021",0.99,everythingherbs,0,3,False,0
429680,Spellweaver,"Feb 1, 2016",0.0,Dream Reactor,0,995,False,0
733530,LOGistICAL: South Africa,"Jan 4, 2018",2.49,Sacada,0,5,False,0
1175970,Hibiscus Red,"Nov 8, 2019",0.99,Cunum Games,0,17,True,0
924390,Ozapell Mystery Text Adventure,"Apr 1, 2019",1.99,Ozapell,0,0,False,0
1962770,Nova Empire,"May 26, 2022",0.0,Gamebear Tech,0,0,False,0
1493560,Journey On,"Oct 6, 2021",5.99,BLACK MAGIC,0,12,False,0
944500,Antistatic,"Jan 24, 2019",7.99,bluehexagons,0,4,False,0
344850,Big Pharma,"Aug 27, 2015",24.99,Twice Circled,0,1351,True,0
1700,Arx Fatalis,"Apr 3, 2007",4.99,Arkane Studios,0,1315,False,0
1437890,Mexican Train Dominoes Gold,"Mar 3, 2021",3.99,Glowing Eye Games Ltd,0,4,False,0
521990,Galactic Storm,"Sep 16, 2016",2.99,Dawid Bujak,0,19,False,0
951530,Alien Shooter - Last Hope,"Nov 6, 2020",4.99,Sigma Team Inc.,0,138,False,0
1033580,Nano Driller,"Mar 5, 2019",1.99,Will Bowerman,0,8,False,0
505460,Foxhole,"Jul 27, 2017",29.99,Siege Camp,0,19208,False,0
1575690,Super Maze Labyrinth,"Apr 5, 2021",1.99,Flat Cat Games,0,7,False,0
1709000,Heavenly Hammer,"Oct 8, 2021",0.99,Sweet Games Studio,0,0,False,0
11240,Space Trader: Merchant Marine,"Oct 23, 2008",4.99,Meridian4,0,313,False,0
1202130,Starship Troopers: Terran Command,"Jun 16, 2022",29.99,The Artistocrats,0,4090,False,0
1684230,Arcaduis,"Jul 21, 2021",0.0,E-LoGame,0,0,False,0
1356360,Exploaris: Vermis story,"Sep 22, 2020",14.99,ViART Games,0,3,False,0
527190,WORLD END ECONOMiCA episode.03,"Dec 21, 2016",12.99,Spicy Tails,0,199,True,0
1706540,Limitless Hunger,"Oct 16, 2021",4.99,Void Ink,0,49,False,0
1005450,Vision Soft Reset,"Jan 16, 2019",9.99,Seafloor Games LLC,0,57,False,0
16810,Sid Meier's Civilization IV: Colonization,"Sep 23, 2008",19.99,Firaxis Games,0,825,False,0
1424900,Air Attack,"Oct 1, 2020",0.0,Four Pixels Games,0,66,False,0
365080,Unheard Screams - King Leopold II's Rule Over The Congo,"May 11, 2015",2.99,Locomotivah,0,8,False,0
1512350,As Fast As Possible,"Mar 22, 2021",3.99,Daniel Eder,0,4,False,0
673000,High Hell,"Oct 23, 2017",9.99,"Terri Vellmann,Doseone",0,1100,False,0
859560,Escape the Grid VR,"Jun 15, 2018",5.99,L&D Games,0,4,False,0
454560,Ultimate Fight Manager 2016,"Apr 28, 2016",0.0,"Snowfall,Night Node Software",0,8,True,0
1304290,Call of Corona: Micro Warfare,"May 15, 2020",3.99,Puggy Studios,0,14,False,0
1919570,Charset Crossfire,"Mar 28, 2022",1.99,Lemon & Plum,0,0,False,0
987790,Call of Pixel : Close Quarters,"Jul 22, 2019",0.0,Moka,0,16,False,0
717200,KEEPER- the hunter of insects,"Sep 29, 2017",0.99,Danilo Valeite,0,4,False,0
1606940,The Mystery of Caketropolis,"Jun 18, 2021",9.99,Afiq Suradi,0,63,False,0
839330,Catch Me If You Can,"Nov 19, 2021",4.99,Glorified Studios,0,16,False,0
1014350,Once A Stray,"Jan 28, 2019",0.0,"Ross Winters,Austin Pinzon,Adrian Lannon,Ana Beltran,David Almaguer,Ryan Rosado,Chris Perry,Emily Bannister,Nicolas Kemball-Cook,Doug Fialko,Joel Arroyo",0,6,False,0
1578880,Grammarian Ltd,"Apr 19, 2022",9.99,"Algorocks,Simpleton",0,14,False,0
1387610,Cowboys n' Stuff,"Sep 10, 2020",6.99,Josh Games,0,4,False,0
278970,Digger Online,"Jun 2, 2015",3.99,Дмитриев Максим Константинович,0,8680,False,0
1312990,Awkward Girls,"Jun 2, 2020",0.99,IR Studio,0,0,False,0
1373700,Barry the Bunny,"Oct 15, 2020",4.99,lightUP,0,18,False,0
330180,Pix the Cat,"Jan 29, 2015",4.99,Pastagames,0,296,True,0
490100,Quell Zen,"Jul 14, 2016",6.99,Fallen Tree Games Ltd,0,50,False,0
1040480,Daka Dara,"Mar 25, 2019",2.99,Sugarsnapp Games,0,0,False,0
2067750,Jigsaw Puzzle - Futanari Roomate,"Jul 10, 2022",1.99,EroticGamesClub,0,0,False,0
676520,Piece of Memory 2:Prologue,"Aug 10, 2017",1.99,MATRE,0,2,False,0
553910,Mystic Defense,"Nov 23, 2016",0.99,Mystified Games,0,2,False,0
1558060,Club Lipstick VR,"Mar 22, 2021",9.99,TooDrunkenBrothers,0,0,False,0
245450,Wizardry 8,"Sep 10, 2013",9.99,Sir-Tech Canada,0,794,False,0
551170,Onmyoji,"Apr 18, 2018",0.0,NetEase Games,0,2004,False,0
1724510,Detective Gman,"Oct 4, 2021",0.99,Greg Wildasin,0,2,False,0
888690,Guess who ?,"Jul 5, 2018",0.49,Easy game,0,54,False,0
865060,Murasaki Tsurugi,"Dec 18, 2018",4.99,Katatema,0,17,False,0
860550,Secrets of the Past: Dion,"Nov 28, 2018",3.99,Culturplay,0,10,False,0
1106980,Bulletorium,"Aug 13, 2019",0.99,Trukhan Hryhorii,0,5,False,0
1199240,Galactic Asteroids Patrol,"Jan 15, 2020",5.99,"Noam Toledano,Amir Abiri",0,1,False,0
724330,Age of Grit,"May 3, 2022",14.99,IQ Soup,0,37,True,0
736400,Soundscape Classic,"Nov 1, 2017",0.0,Groove Science,0,6,False,0
38010,Mahjong Quest Collection,"Aug 24, 2009",9.99,iWin,0,20,False,0
754330,Nogibator: Way Of Legs,"Feb 14, 2018",2.99,"TheDreik,Xitilon",0,28,False,0
1229030,A Hand With Many Fingers,"Jun 9, 2020",4.99,Colestia,0,174,False,0
1511780,Last Call BBS,"Jul 4, 2022",19.99,Zachtronics,0,273,True,0
1674780,Lone Fungus,"Mar 27, 2022",19.99,Basti Games,0,74,False,0
1450620,Alien Duel Elements,"Nov 27, 2020",0.99,N Games,0,4,False,0
1800560,Jagged Farm: Birth of a Hero,"Jan 25, 2022",4.49,Game Factory Interactive Ltd.,0,0,False,0
15380,Heroes of Might & Magic V: Hammers of Fate,"Oct 10, 2008",9.99,Nival,0,204,False,0
1527780,Crossbow Crusade,"Apr 30, 2021",10.99,HugePixel,0,18,False,0
1296860,Enter Digiton,"Aug 14, 2020",9.99,Morne Venter,0,24,False,0
646890,Distant Nightmare - Virtual reality,"Jun 30, 2017",1.99,FoV,0,1,False,0
699180,Human-powered spacecraft,"May 3, 2018",0.49,Shiv,0,529,False,0
599610,Lost Words: Beyond the Page,"Apr 6, 2021",14.99,"Sketchbook Games,Fourth State",0,338,False,0
1815170,Asteroides,"Jan 11, 2022",0.0,Verrua Giuseppe,0,4,False,0
1611280,G-MODEアーカイブス09 フライハイトクラウディア2,"May 24, 2021",4.99,G-MODE,0,1,False,0
1547790,Roze Blud,"Feb 2, 2022",9.99,New Hell Studios,0,6,False,0
1636490,Star Of The Show,"Nov 25, 2021",0.0,Chainsaw Development,0,2,False,0
1497950,EARTH DEFENSE FORCE: WORLD BROTHERS,"May 27, 2021",39.99,YUKE'S,0,470,False,0
759650,Christmas Puzzle 3,"Dec 15, 2017",9.99,Notus Games Ltd,0,12,False,0
695920,Super Seducer : How to Talk to Girls,"Mar 6, 2018",12.99,RLR Training Inc,0,1279,False,0
574920,SpaceJourney VR,"Feb 5, 2017",3.99,GEESCAN,0,3,False,0
224820,Super House of Dead Ninjas,"Feb 18, 2013",6.99,Megadev,0,1514,False,0
924900,One Gun: Cat,"Oct 19, 2018",10.99,Erow.Dev,0,68,False,0
479110,Hunter's Legacy,"Jul 19, 2016",6.99,Lienzo,0,31,False,0
1517390,Mars Mission,"Feb 1, 2021",0.0,Einfach Genial gGmbH,0,2,False,0
1606510,Steel Rain - Dawn of the Machines,"Oct 22, 2021",2.99,BIG4 Game Studio,0,0,False,0
333390,Tales of Aravorn: Seasons Of The Wolf,"Jan 15, 2015",24.99,Winter Wolves,0,50,True,0
24010,Train Simulator Classic,"Apr 21, 2022",24.99,Dovetail Games,0,16408,False,0
1154170,Strip Shooter,"Oct 11, 2019",1.99,Sin's Temptation,0,0,False,0
1909330,SEARCH ALL - SPIDERS,"Mar 1, 2022",1.99,Laush Dmitriy Sergeevich,0,33,False,0
1104470,Super Hero League of Hoboken,"Jul 3, 2019",6.99,Legend Entertainment,0,7,False,0
1179170,Super Angling,"Nov 19, 2019",2.99,"Instance Entertainment, LLC",0,3,False,0
580910,idleBeer,"Aug 31, 2017",0.99,Victor Corradi,0,12,True,0
1411000,Bean Climb,"Oct 30, 2020",0.99,Yoink Media,0,7,False,0
1554050,Ad Wars,"May 20, 2022",2.99,αGlitch,0,13,True,0
1682880,Stolen Eggs,"Jul 30, 2021",4.99,Reforged Group,0,4,False,0
877550,Digital Jigsaw Puzzle,"Aug 3, 2018",14.99,Timothy Findling,0,18,False,0
310970,Legions of Ashworld,"Jul 4, 2014",0.99,Jugilus,0,27,True,0
355520,The Albino Hunter (Original),"Mar 11, 2015",4.99,Cherry Co. Studios,0,245,False,0
1198310,Mr.King Luo!Don't be kidding,"Feb 10, 2020",3.99,"艾斯貝洛,koloro",0,33,False,0
1181160,Impossiball - Gamers Challenge,"Dec 16, 2019",2.99,DMD Interactive,0,9,False,0
822910,Mortal Squad: Portal to Hell,"Apr 17, 2018",0.99,Crematorium of Time,0,3,False,0
1249110,Skully,"Aug 4, 2020",29.99,Finish Line Games,0,113,False,0
559100,Phantom Doctrine,"Aug 14, 2018",39.99,CreativeForge Games,0,2889,False,0
707340,Awakening,"Sep 24, 2017",0.0,AwingSoft,0,8,False,0
1522640,Short Fuse,"Sep 25, 2021",4.99,Tag 44/24,0,7,False,0
1361270,Flying Slime,"Aug 19, 2020",2.99,JoinGames,0,19,False,0
1454060,Shooty,"Jul 7, 2021",1.99,Shooty,0,7,False,0
1233030,Armorik the Viking: The Eight Conquests,"Mar 10, 2020",6.99,Infogrames Multimedia SA,0,2,True,0
636430,Zombie Kill,"May 14, 2017",13.99,GPM,0,3,False,0
1937220,捕鱼王国Fishing Kingdom,"Apr 4, 2022",0.0,Elder Fish,0,0,False,0
810060,Beautiful Bricks,"Nov 6, 2019",7.99,Ready Wolf,0,23,False,0
722960,CASE 2: Animatronics Survival,"Feb 28, 2019",7.99,Walnut LLC,0,1642,False,0
844900,Director of Football,"Sep 20, 2018",1.99,Heartline / Greencode,0,7,False,0
1147140,Funny Road Chase Simulator,"Sep 6, 2019",1.99,Polantronic,0,0,False,0
497450,Blortasia,"Jan 5, 2017",6.99,Shape Space VR,0,49,False,0
1058680,VR Emergency Response Sim,"Jun 12, 2019",9.99,CodeBlue Entertainment,0,2,False,0
1562550,Little Monkeys Eat Bananas,"Apr 7, 2021",4.99,Amendment 2 Studios,0,1,False,0
1781920,Nakornsampan,"Dec 18, 2021",1.99,MakhamDev,0,7,False,0
513420,VR Escape the space station,"Aug 24, 2016",6.99,Joygo.Studio,0,38,False,0
861320,Beyond Minimalism,"Jun 18, 2018",3.99,SaintHeiser,0,2,False,0
1651440,Rhythm Knights Classic,"Sep 16, 2021",4.99,Dallen Larson Games,0,14,False,0
551100,Oblivion's Edge,"Nov 10, 2016",1.99,Odd Emu,0,9,True,0
1470240,Fairtravel Battle Playtest,"Nov 17, 2020",0.0,Unknown,0,0,False,0
1836680,Slidetracked,"Mar 19, 2022",4.99,Axis Aligned Games,0,13,True,0
566380,Speedball Arena,"Oct 25, 2017",9.99,Reality Reflection,0,30,False,0
1577470,Straya,"May 26, 2021",17.99,Ayrtech,0,22,False,0
422140,Wrestling Spirit 3,"Dec 9, 2015",19.99,Grey Dog Software,0,34,False,0
1095280,Covid 2069,"Jun 13, 2020",3.99,PalfreyGames,0,0,False,0
670340,Mysterious Adventure of Michael,"Jul 20, 2017",1.99,HUNTERS,0,4,False,0
1632280,Simple Ray tracing Mini Game 10,"Jun 18, 2021",14.99,Kazumitsu Ota,0,0,False,0
2085670,Formula TOP Playtest,"Jul 14, 2022",0.0,Unknown,0,0,False,0
455100,Gerty,"Dec 19, 2019",14.99,Spawn Point OSK,0,36,True,0
811080,Total Esports Action Manager,"Apr 2, 2019",9.99,Mighty Games,0,6,False,0
289840,Dracula 3: The Path of the Dragon,"Apr 17, 2014",7.99,Microids,0,71,False,0
397640,Nulldrifters,"Dec 14, 2015",1.99,Cliax Games,0,8,False,0
1803170,Four Animals,"Nov 11, 2021",0.99,Animals Rolling,0,4,False,0
1033670,Defoliation,"Apr 25, 2019",3.99,"Rising Win Tech. CO., LTD",0,5,False,0
1827460,Nonstop,"Feb 1, 2022",0.99,Sensy,0,4,False,0
1007040,EARTH DEFENSE FORCE 5,"Jul 11, 2019",59.99,SANDLOT,0,6244,False,0
1494150,Hentai Breakout City,"Apr 30, 2021",1.99,Pixel Miho,0,0,False,0
923390,Shoot-No-Shoot,"Sep 7, 2018",4.99,Teksensei,0,0,False,0
1354000,Abyss of Death,"Aug 24, 2020",2.99,Vainture Studio,0,3,False,0
1452870,Roads of Time 2: Odyssey,"Apr 8, 2021",4.99,GameOn Production,0,6,False,0
237990,The Banner Saga,"Jan 14, 2014",24.99,Stoic,0,12728,False,0
1264930,King of the Streets,"Apr 25, 2020",8.99,Field Magic,0,5,False,0
1500240,Connected Towers,"Dec 28, 2020",0.99,"NanningsGames,Sascha van Huis",0,3,True,0
1424840,FUCK OR DIE,"Feb 7, 2021",59.99,Hyper'sthene,0,0,False,0
1424650,Flicker,"Sep 16, 2020",0.99,"Dano Sato,JKArmi",0,1,False,0
804000,Expendable,"Feb 27, 2018",3.99,Rage Software,0,36,False,0
2010400,Hell Green Blue,"Jun 25, 2022",24.99,Grogovsly,0,13,False,0
961220,Sanatorium Purgatorium,"Oct 31, 2018",4.99,TMR,0,17,False,0
770390,Draugen,"May 29, 2019",19.99,Red Thread Games,0,1216,False,0
1131810,Gordon Streaman,"Sep 26, 2019",12.99,Brouillard,0,130,False,0
849350,Realistic Illusion,"May 4, 2018",16.99,PanTrojan Studio,0,4,False,0
1067430,Beam,"Sep 29, 2020",18.99,Binary Impact,0,51,False,0
764590,Shadow of Loot Box,"Jan 30, 2018",4.99,Stately Snail,0,56,False,0
342190,Skyworld,"Oct 17, 2017",4.99,"Vertigo Games,Wolfdog Interactive",0,191,False,0
1516940,Evil Seal,"Feb 8, 2021",8.99,Raffaele Mandese,0,6,False,0
356000,The Hero of Kendrickstone,"Mar 13, 2015",4.99,Choice of Games,0,75,True,0
700240,Project Genesis,"May 22, 2020",29.99,8 CIRCUIT STUDIOS,0,93,False,0
1454410,Dato of Srivijaya,"Dec 14, 2020",0.0,Sengkala Dev,0,5,False,0
1884350,CellSar,"Apr 26, 2022",9.99,DrSamatha,0,5,False,0
46710,Ironclads: High Seas,"Apr 28, 2010",9.99,Totem Games,0,15,False,0
1194600,Bronze Hoof,"Dec 11, 2019",0.0,Persic Games,0,7,False,0
566700,Eye in the Sky,"Dec 5, 2017",9.99,VinLia Games,0,80,False,0
1402320,Medal of Honor™: Above and Beyond,"Dec 10, 2020",31.99,Respawn Entertainment,0,1222,False,0
1404960,The Last Sunshine: Rekindled,"Mar 22, 2022",9.99,Four Eyes Productions,0,13,False,0
1490460,Exorcist Fairy,"Oct 9, 2021",12.99,青岛三脚猫工作室,0,181,False,0
462680,BalanCity,"Sep 21, 2016",7.99,MeNic Games,0,582,True,0
353080,Redrum: Time Lies,"Nov 7, 2018",6.99,Anarchy Enterprises,0,15,False,0
1189040,Smart Girl : Christmas,"Feb 2, 2020",0.99,Smart Party,0,3,False,0
815950,Chocolate makes you happy 4,"Mar 14, 2018",0.51,Blender Games,0,101,False,0
1695340,西湖断桥白娘子,"Aug 12, 2021",7.99,Wuwukai studio,0,167,False,0
862150,Prison Test,"May 29, 2018",0.49,Nikita Ghost_RUS,0,25,False,0
1748490,Jackpot Bennaction - B03 : Discover The Mystery Combination,"Oct 18, 2021",5.99,R. Benny,0,0,False,0
686950,AESCULAP® OrthoPilot®Elite VR Palpation,"Sep 18, 2017",0.0,NMY Mixed-Reality Communication GmbH,0,11,False,0
1554770,Last Standing,"May 3, 2021",2.99,"DIIV SOFT Co., LTD.",0,0,False,0
299780,Noir Syndrome,"Jun 4, 2014",4.99,Glass Knuckle Games,0,117,True,0
423650,Summer Fling,"Jun 16, 2016",12.99,Dharker Studio,0,65,False,0
1600980,MONSTER SLAYER,"Jun 23, 2021",3.99,Naouya,0,4,False,0
1826210,Relic Adventure,"Jan 28, 2022",1.99,"IOSEF,Loni.Chou",0,2,False,0
1463080,Snow Survival,"Mar 19, 2021",11.99,3m0 studio,0,11,False,0
403740,GabeN: The Final Decision,"Sep 21, 2015",0.99,Alex Zhang,0,426,False,0
1233170,Utopia Colony,"Feb 14, 2020",16.99,GridSky Software AS,0,55,False,0
1640780,Star Pixie,"Jun 29, 2021",1.99,HEG Games,0,0,False,0
385220,Pulut Adventure,"Jul 9, 2015",1.99,yayapipi,0,57,False,0
301380,Date Warp,"Sep 2, 2014",9.99,Hanako Games,0,141,True,0
414140,Jewel bits,"Dec 21, 2016",6.99,Mysia Games,0,1,False,0
1986970,Phone Seller Simulator,"Jul 4, 2022",9.99,JoyFull Games,0,1,False,0
1372350,SkyLife: VoxelSurvival,"Nov 9, 2020",1.99,Voxeled Studios,0,7,False,0
411720,Quantum Lock,"Jan 7, 2016",5.99,"FAT BOMB STUDIOS, LLC",0,7,False,0
918680,Castle of Venia,"Aug 22, 2018",3.99,Classic Game Software,0,10,False,0
1153110,Rally Drift Cars,"Sep 18, 2019",1.99,"Polantronic,Polantronic",0,1,False,0
1041160,Observers,"Apr 9, 2019",4.99,ShooStudios,0,1,False,0
111400,Bunch of Heroes,"Sep 21, 2011",4.99,Nimble Giant Entertainment,0,201,False,0
1499680,Ertugrul Gazi,"Dec 28, 2020",2.99,UMURO,0,15,False,0
830360,Platform Challenge,"Apr 20, 2018",0.99,YOS,0,11,False,0
1703210,Box to the Box,"May 20, 2022",2.99,Derin,0,2,True,0
500470,Emergence ᵠ,"Jul 20, 2016",9.99,17th Dimension,0,37,False,0
496460,Life is Feudal: Forest Village,"May 26, 2017",24.99,Mindillusion,0,3518,False,0
567130,Boogeyman 2,"Feb 7, 2017",4.99,Barry McCabe,0,237,False,0
313480,Blitzkrieg Anthology,"Sep 16, 2014",4.99,Nival,0,1016,False,0
1039570,Find the Oil Racing Edition,"Apr 1, 2019",4.99,"Atomic Fabrik,Cristian Manolachi",0,15,False,0
1393850,Outer Frontier,"Sep 3, 2020",2.09,Roley Games,0,0,False,0
654680,Ziggurat 3D Chess,"Jul 30, 2017",0.0,Michael Lampel,0,13,False,0
859920,Double Head Shark Attack,"Oct 18, 2018",19.99,BigCode Games Pvt Ltd,0,0,False,0
1721510,Aeternum Quest™,"Nov 4, 2021",9.99,Wathitdew Record,0,3,False,0
1302160,Ultimate Wall Defense Force,"Sep 3, 2020",14.99,Tomas Gomez,0,5,False,0
1032260,Dodge This!,"Feb 25, 2019",0.99,HaDe Games,0,9,False,0
698950,Chaos and the White Robot,"Sep 15, 2017",0.99,SDF games,0,19,False,0
394310,Punch Club,"Jan 8, 2016",9.99,Lazy Bear Games,0,8753,True,0
1921160,TINY ISLANDS,"Mar 15, 2022",10.99,Enoops,0,13,False,0
1237900,Legion's Crawl 2,"Aug 30, 2020",9.99,Turnspender,0,3,False,0
1950070,Samurai Story,"May 20, 2022",24.99,TEAIB,0,58,False,0
757480,Broken Reality,"Nov 29, 2018",14.99,Dynamic Media Triad,0,1151,False,0
930620,Music Killer,"Oct 31, 2019",1.99,AbstractArt,0,208,False,0
1130900,黎明霞光,"Jan 10, 2020",2.99,动漫风格,0,7,False,0
1077210,C.H.A.S.E.D.,"Jul 23, 2020",2.99,RoseHoodGames,0,20,False,0
429540,Prime World: Defenders 2,"Nov 29, 2018",0.0,Nival,0,1506,False,0
1765540,Red Button,"Oct 15, 2021",0.0,"Токуров Егор (WZRDQQ),Орлов Александр (МОРЯЧОК)",0,0,False,0
393170,Bit Shifter,"Nov 2, 2015",14.99,Plastic Games,0,25,True,0
624330,Renamer,"Oct 24, 2019",0.99,Frozen Flame Software,0,3,False,0
608440,Volatile Triangle,"Mar 2, 2018",1.99,TraxxGames,0,7,False,0
1209650,The Island Story,"Jun 4, 2020",4.99,RedHill Game Studio,0,21,False,0
320670,Season Match 3 - Curse of the Witch Crow,"Oct 30, 2014",4.99,URSE Games,0,108,False,0
317370,The Keep,"Mar 16, 2017",14.99,"CINEMAX, s.r.o.",0,102,False,0
1543730,Pets and Girls,"Feb 17, 2022",0.51,IR Studio,0,0,False,0
493920,NeverMine,"Jul 26, 2016",14.99,Torn Banner Studios,0,1,False,0
765010,Strid,"Oct 26, 2018",0.0,kelkk,0,9,False,0
1567050,Operation Sexy Sudoku,"Feb 5, 2022",1.99,Operation Sexy Sudoku,0,0,True,0
30,Day of Defeat,"May 1, 2003",4.99,Valve,0,5179,True,0
592990,ChemCaper™: Act I - Petticles in Peril,"Nov 1, 2017",19.99,"ACE Ed-Venture Studio,Artoncode™",0,3,False,0
1078380,Zefira,"Jan 9, 2020",11.99,Mousou Endemic,0,77,False,0
431200,Disastr_Blastr,"Nov 21, 2016",1.99,Dog Theory,0,41,False,0
20920,The Witcher 2: Assassins of Kings Enhanced Edition,"Apr 16, 2012",19.99,CD PROJEKT RED,0,67259,True,0
1769570,Facility,"Nov 15, 2021",1.99,Dark Cloud City,0,1,False,0
591680,Taphouse VR,"Sep 27, 2018",0.0,Catland,0,190,False,0
657050,Humanity Must Perish,"Sep 25, 2017",0.0,Zetsubou,0,169,True,0
1812760,白花 the white flower,"Dec 22, 2021",0.0,"xp,heart-shaped 19",0,0,False,0
1135050,Dr. Umgebung's School of Life,"Jan 17, 2020",2.99,Sokpop Collective,0,6,False,0
1844200,星云纪,"Apr 27, 2022",0.0,加群领礼包，免费送首充,0,0,False,0
824580,The Last Tower,"Mar 28, 2018",0.99,Salsawi,0,24,False,0
802890,Muv-Luv Alternative (マブラヴ オルタネイティヴ),"Feb 28, 2018",39.99,aNCHOR Inc.,0,1710,False,0
349260,BlastZone 2,"Feb 19, 2015",9.99,Matt Edzenga,0,56,False,0
1384500,The Owl Quest,"Aug 18, 2020",1.99,Biscay JPh,0,5,False,0
1977110,Line Path,"May 26, 2022",2.09,Brain Pump,0,49,False,0
1067310,Gravitas,"Aug 23, 2019",0.0,Galaxy Shark Studios,0,5625,False,0
1152830,BounceBall3D,"Sep 22, 2019",0.99,Elphie,0,2,False,0
308440,Pushcat,"Jan 12, 2015",4.99,Zut Games,0,84,False,0
888070,Railroad Tracks,"Sep 14, 2018",0.0,socah development,0,24,False,0
389120,10 Minute Barbarian,"Jan 27, 2016",0.0,Wolff Dobson,0,18,False,0
1759260,Dungescape!,"Oct 2, 2021",0.99,Ben Barefoot,0,1,False,0
62000,Flight Control HD,"Nov 18, 2010",4.99,Firemint,0,467,False,0
1777760,Soccer Manager 2022,"Nov 26, 2021",0.0,Invincibles Studio Ltd,0,0,False,0
983240,Boobs or [redacted],"Jan 12, 2019",1.99,KZG,0,0,False,0
1600,Dangerous Waters,"Feb 7, 2006",2.99,Sonalysts,0,242,False,0
1151450,Utawarerumono: Prelude to the Fallen,"Jan 22, 2021",59.99,AQUAPLUS,0,575,False,0
1068540,Aurora Hex - Pattern Puzzles,"Jun 4, 2019",4.99,Final Game Studio,0,4,False,0
900290,Veritas,"Feb 12, 2020",12.99,Glitch Games,0,35,False,0
1825540,Superposition,"Dec 15, 2021",4.99,Anadodic LLC,0,9,True,0
1018770,Lizardquest-Alien waters,"Feb 16, 2019",14.99,Avisgames,0,0,False,0
1813190,Little Inner Monsters - Card Game,"Jun 20, 2022",4.99,Mens Sana Interactive,0,36,False,0
1451970,SATORI,"Aug 6, 2021",7.99,EMOTION THEORY,0,17,False,0
596870,Drop Hunt - Adventure Puzzle,"Feb 23, 2017",0.49,Oriplay,0,235,False,0
432770,Small Town Terrors: Livingston,"Jan 18, 2016",5.99,Gunnar Games,0,49,False,0
1298700,patter warrior,"Jul 15, 2020",0.99,KJ,0,0,False,0
816830,Varius,"Jun 1, 2018",0.99,Fish Tank Studio,0,19,False,0
681640,World of Contraptions,"Mar 24, 2022",9.99,JCP Games Studio,0,67,False,0
1422420,Dodgeball Academia,"Aug 5, 2021",24.99,Pocket Trap,0,286,False,0
792970,Wheelz2,"May 19, 2018",1.99,Chozabu,0,20,True,0
1146000,Joe Blunt - Up In Smoke,"Oct 1, 2019",1.99,Sykonest,0,3,False,0
937180,Impixable,"Nov 13, 2018",2.99,Flaming Bat Studios,0,1,False,0
1057710,Funny Bunny: Adventures,"Apr 24, 2019",9.99,mPower Games Studio,0,8,True,0
636560,Runewards: Strategy Card Game,"Feb 13, 2018",0.0,ReaverGames,0,31,False,0
515740,Radical Heroes: Crimson City Crisis,"Oct 4, 2016",2.99,Mad Unicorn Games,0,16,False,0
1859310,C.O.D.E.R.E.D,"Feb 10, 2022",10.99,Majoris Studios,0,1,True,0
467270,Weaves of Fate,"Aug 3, 2017",3.99,Tom Kingston,0,56,False,0
436530,Bullshot,"Nov 22, 2016",0.99,GATO STUDIO,0,223,True,0
813590,Solas and the White Winter,"Apr 13, 2018",9.99,Savepoint Studios,0,16,False,0
112100,Avadon: The Black Fortress,"Aug 17, 2011",9.99,Spiderweb Software,0,440,True,0
1411550,Divilixa,"Oct 28, 2020",0.0,Ice-Cold Shivering Studios,0,3,False,0
1389610,Hell Road VR,"Oct 9, 2021",11.99,Travolab Replay,0,55,False,0
1787650,Trick or Treat,"Nov 5, 2021",1.09,LTZinc,0,16,False,0
668030,Blue Flame VR,"Nov 9, 2017",2.49,Michal Bárta,0,2,False,0
439880,Heroes of Loot 2,"Jun 7, 2016",3.99,Orangepixel,0,26,True,0
526550,PitchFork,"Sep 29, 2016",14.99,Jacob Velez,0,3,False,0
1841100,Idle Sand Castle,"Jan 24, 2022",0.0,Oleh Baziv,0,0,False,0
577970,Punch Planet - Early Access,"Nov 8, 2017",19.99,Sector-K Games,0,150,False,0
1803160,CARROT,"Dec 3, 2021",4.99,ChaseFOX,0,16,False,0
370540,Gary Grigsby's War in the East,"Jul 9, 2015",79.99,2by3 Games,0,470,False,0
789090,Rainbow Reactor,"May 16, 2019",2.99,"Tunermaxx Media GmbH,Muikkumedia Oy",0,87,False,0
1675670,Priest Simulator: Heavy Duty,"Oct 18, 2021",0.0,Asmodev,0,0,False,0
1118940,Robot terminator,"Jul 26, 2019",0.99,tina,0,7,False,0
948340,Journey Through Memories,"Oct 20, 2018",0.99,"Niken Hertanto,Inkan Hertanto,Juan Rosales,Runze (Eric) Guo,Patrick Kagel",0,5,False,0
1436220,XIBALBA,"Nov 13, 2020",3.99,Reef Software,0,6,False,0
1650040,HuGe,"Jul 27, 2021",3.99,Dnovel,0,17,False,0
617720,ASTA : ASTA Server,"Jun 20, 2017",0.0,POLYGON GAMES,0,4,False,0
298030,Total Annihilation,"Dec 18, 2015",4.99,Cavedog Entertainment,0,2515,False,0
523180,Doritos VR Battle,"Nov 4, 2016",2.99,Capitola VR,0,11,False,0
956580,9Dragons : Kung Fu Arena,"May 27, 2019",0.0,Joongwon Entertainment,0,183,False,0
314970,Age of Conquest IV,"Apr 5, 2016",0.0,Noble Master LLC,0,1921,True,0
1544260,Meor Playtest,"Feb 3, 2021",0.0,Unknown,0,0,False,0
370590,Gem Wars: Attack of the Jiblets,"Dec 14, 2015",0.0,Queen Birdface Productions,0,43,False,0
1195250,Gateball VR,"Jun 4, 2020",0.99,NJoyGo Inc.,0,0,False,0
1610330,Realm of Night: The Forbidden Knowledge,"May 20, 2021",13.99,Mitredel studio,0,34,True,0
850270,Kaleido Chaos,"Aug 28, 2018",0.99,Weiqiang Ou,0,1,False,0
1516610,RC Airplane Challenge,"Dec 30, 2021",9.99,Strange Games Studios,0,4,False,0
1489840,Fortoresse,"Dec 17, 2020",0.0,Atelier 801,0,31,False,0
1112150,Nekour,"Sep 3, 2019",1.49,Patrick Sweeney,0,19,False,0
1780840,Loch Ness,"Dec 3, 2021",13.99,JFi Games,0,32,False,0
1372090,Hentai Cyberpunk,"Aug 13, 2020",0.99,SeedWall,0,0,False,0
582220,Virtual Idea Area,"Apr 14, 2017",10.99,Racaedym Software,0,3,False,0
677010,Darts VR,"Aug 7, 2017",2.99,The Awesome Game Studio,0,0,False,0
701740,Modest Kind,"Dec 21, 2017",3.99,Vedanta Team,0,11,False,0
1002030,Hentai beautiful girls,"Jan 23, 2019",0.99,Laush Dmitriy Sergeevich,0,0,False,0
383870,Firewatch,"Feb 9, 2016",19.99,Campo Santo,0,51303,True,0
872040,Hovership Havoc,"Apr 12, 2019",9.99,Snow Day Software,0,21,False,0
946860,Stamp Boy / 跳跳小子,"Sep 9, 2019",1.99,sadimakegames,0,85,True,0
1273540,Mail Mole + 'Xpress Deliveries,"Mar 3, 2021",14.99,"Talpa Games,Undercoders",0,146,True,0
420880,I must kill...: Fresh Meat,"Nov 30, 2015",0.0,Gaming Cats Studio,0,69,False,0
1564180,Steel Nations,"Sep 10, 2021",0.99,Temel KIRCI,0,5,False,0
923840,侠隐行录：困境疑云Wuxia archive: Crisis escape,"Sep 25, 2018",8.99,Adventurer's Tavern,0,135,False,0
1122490,Battleheart Legacy,"Oct 10, 2019",4.99,"Mika Mobile, Inc.",0,25,False,0
550400,Delicious - Emily's Hopes and Fears,"Jan 2, 2017",12.99,Blue Giraffe,0,61,False,0
214100,Rigonauts,"Aug 7, 2012",9.99,"Engient, Inc",0,30,False,0
1725990,GASERB,"Jan 28, 2022",0.0,Altug Alpcan Yasar,0,0,False,0
1880450,DoDodge2020 Playtest,"Feb 23, 2022",0.0,Unknown,0,0,False,0
916900,Paperbark,"Dec 12, 2018",8.99,Paper House,0,250,False,0
806000,OrcCraft,"Apr 21, 2018",0.0,Indie,0,22,False,0
1805810,Winter Dream,"Dec 1, 2021",2.99,Conor Hehr,0,2,True,0
1454360,Super Star Shooter 16,"Nov 12, 2020",3.89,JD Video Game Productions,0,2,True,0
1535190,Middle Age Conquest,"Feb 22, 2021",1.39,Musa GUNGOR,0,32,False,0
813540,Scheming Through The Zombie Apocalypse: The Beginning,"Jun 8, 2018",0.49,Entertainment Forge,0,270,False,0
1083700,3D Text Adventure,"Sep 10, 2019",0.0,Ariel Love,0,8,False,0
324710,To Be or Not To Be,"Feb 4, 2015",4.99,Tin Man Games,0,225,True,0
1598560,Life On A Pizza,"Jun 21, 2021",0.0,Euphoric Brothers,0,0,True,0
810080,DMD Branefold,"Mar 9, 2018",1.99,DMD 'Ware,0,0,False,0
378700,Neptune Flux,"Nov 15, 2016",7.99,Zoxide Games,0,26,False,0
1622490,Swing Dunk Playtest,"May 2, 2021",0.0,Unknown,0,0,False,0
1810500,Treasure Girl 3D 2,"Dec 22, 2021",1.99,Jhinbrush,0,0,False,0
686010,The Hunt - Rebuilt,"Sep 12, 2017",0.0,Peddler Games,0,22,False,0
655100,Oik 3,"Nov 9, 2017",0.74,Crew Lab,0,593,False,0
1928390,Sheep's Territory,"Mar 28, 2022",3.99,Cubic Curve,0,6,False,0
1324070,Monolight,"Jun 29, 2020",0.0,bit paradigm,0,281,False,0
1732190,FATAL FRAME / PROJECT ZERO: Maiden of Black Water,"Oct 27, 2021",39.99,"KOEI TECMO GAMES CO., LTD.",0,3283,False,0
1795640,SOLAR CAGE,"Dec 21, 2021",0.0,Scuffed Games,0,0,False,0
740730,Station Commander,"Dec 18, 2017",4.99,Technically Competent,0,1,True,0
1056330,L.S.S II,"Mar 12, 2021",2.99,FossettGaming,0,9,False,0
257770,Signal Ops,"Nov 18, 2013",9.99,Space Bullet Dynamics Corporation,0,53,True,0
1719100,Ruins of Albion,"Sep 15, 2021",0.0,The Caecus,0,0,False,0
1385590,Spark The Battle Dog,"Nov 23, 2020",3.99,First Coffee,0,5,False,0
1085800,Zenkat,"Jun 12, 2019",1.99,Retrace Gaming,0,0,False,0
1204410,Kosmokrats,"Nov 5, 2020",9.99,Pixel Delusion,0,81,False,0
1667770,Samurai Shampoo,"Jul 2, 2021",0.0,"Joey Einerhand,Luke Tobin,Rixte de Wolff,Nathan Snippe,Kylian de Vries,Koenraad Drost",0,0,False,0
1020390,Beat Blaster,"Feb 15, 2019",19.99,Ivanovich Games,0,8,False,0
731820,Final Storm,"Nov 2, 2017",1.99,Bit Bionic LLC,0,6,True,0
1511500,Elven Truth,"Jan 18, 2021",1.99,玫瑰工作室,0,2,False,0
824640,The Witch's Apprentice: A Magical Mishap,"Jun 10, 2018",9.99,Whalebox Studio,0,2,False,0
293880,Dark Scavenger,"May 16, 2014",4.99,Psydra Games LLC,0,198,False,0
551860,Abandon Ship,"Oct 22, 2019",12.49,Fireblade Software,0,775,True,0
841990,Der Milchbauer,"Aug 21, 2018",2.99,NMY Mixed-Reality Communication GmbH,0,3,False,0
1157010,Him and I,"Oct 4, 2019",9.99,Xenmentia Softworks,0,21,False,0
1064520,Helm Realm,"Nov 25, 2019",2.99,"Vincent Lagerros,Anton Blossner",0,3,True,0
1588620,ORIMON.1 - Bilfy & Krotroklon,"May 17, 2021",1.99,Star Shell,0,13,False,0
1563110,boom faster,"Mar 15, 2021",0.99,Crocodile and cactus,0,3,False,0
565650,SWAM,"Jan 5, 2017",0.0,Paul O'Bar,0,6,False,0
846370,OboStar,"May 1, 2018",1.99,Josh Tam Universe,0,2,False,0
1147980,Gene Rain:Wind Tower,"Jan 3, 2020",12.99,Deeli Network,0,23,False,0
31810,Nancy Drew®: Last Train to Blue Moon Canyon,"Oct 10, 2009",6.99,HeR Interactive,0,218,False,0
1444370,Escape The Tank,"Feb 24, 2021",1.99,Beelson516,0,2,False,0
1544300,Super Can Cannon,"Apr 22, 2021",2.99,LIQUID Softworks,0,1,False,0
269050,Year Walk,"Mar 6, 2014",5.99,Simogo,0,1722,False,0
1946870,Thunder League Playtest,"Apr 3, 2022",0.0,Unknown,0,0,False,0
743550,COSMONAUT,"Jan 11, 2018",0.0,"Neon Chasm, LLC",0,19,False,0
466160,Arelite Core,"Feb 8, 2017",19.99,Dragon Slumber,0,21,False,0
677620,Splitgate,"May 24, 2019",0.0,1047 Games,0,94853,True,0
1676570,Kosmo Laika: Space and Beyond,"Sep 23, 2021",1.99,Animalle Studio,0,9,False,0
1483100,One More Dungeon 2,"Jul 28, 2021",9.99,Stately Snail,0,33,False,0
1427400,Sky Journey - Jigsaw Landscapes,"Nov 5, 2020",1.99,RSoft Games,0,21,False,0
1794600,Dark Tales from México: Prelude. Just a Dream... with The Sack Man,"Nov 5, 2021",14.99,BitAll Force,0,2,False,0
280320,Adventurer Manager,"Dec 4, 2014",4.99,Vigilant Addiction Studios,0,338,False,0
1694830,The Witch Doctor,"Jul 29, 2021",0.59,Valkyria Games,0,4,False,0
238370,Magicka 2,"May 26, 2015",14.99,Pieces Interactive,0,8850,True,0
281060,Reversion - The Meeting (2nd Chapter),"Jul 8, 2014",0.54,3f Interactive,0,138,False,0
497730,The Wardrobe - Even Better Edition,"Feb 15, 2017",14.99,CINIC Games,0,304,False,0
1986230,What if your girl was a frog?,"Jun 3, 2022",0.99,Hunny Bunny Studio,0,90,False,0
1651460,Your first girlfriend,"Jul 8, 2021",2.99,JXQ GOOD GAME,0,0,False,0
1308040,Agence,"Sep 28, 2020",2.99,"Transitional Forms,National Film Board of Canada",0,13,False,0
11450,Overlord™,"Oct 26, 2007",4.99,Triumph Studios,0,5087,False,0
355570,ENIGMA : An Illusion Named Family,"Mar 19, 2015",4.99,AV media lab,0,24,False,0
1421390,Tichu,"Dec 21, 2021",11.99,Wojciech Lewandowski,0,6,False,0
251390,Call of Cthulhu: The Wasted Land,"Mar 6, 2014",0.0,Red Wasp Design Ltd,0,131,False,0
1478930,Chernobyl Liquidators Simulator Playtest,"Feb 5, 2021",0.0,Unknown,0,0,False,0
1499550,VR Luxury Life (Be a Billionaire),"Dec 29, 2020",4.99,William at Oxford,0,2,False,0
373640,Splotches,"Dec 3, 2018",9.99,Jolly Crouton Media Ltd.,0,7,False,0
1173310,Lab 7: Cold Nights,"May 6, 2020",5.99,CaveDave,0,25,False,0
947540,Spacefarers!,"Oct 15, 2018",4.99,Charles A. Debczak,0,2,False,0
1012430,Furs of Fury,"Jul 17, 2021",0.0,"Andy Domin,Sara Domin,Nick Ingvoldstad,Brendan Bagley",0,4,False,0
1353900,Lockdown Lewd UP! ❤️ New Hope Edition,"Sep 25, 2020",9.99,Team Tailnut,0,0,False,0
950250,Halfway Home,"Nov 4, 2018",0.0,Makeshift Monocle,0,4,False,0
1532520,Day Repeat Day,"Apr 13, 2021",7.99,Kimmo Lahtinen,0,24,False,0
536530,Marlene Betwixt,"Oct 25, 2016",3.99,Uzi Games,0,11,False,0
209950,Triple Town,"Dec 6, 2012",9.99,Spry Fox LLC,0,685,False,0
1103690,Interregnum-Alpha,"Jun 28, 2019",0.59,Lotus GamesTr,0,0,False,0
974370,Chop is dish,"Nov 28, 2018",2.99,HugePixel,0,33,False,0
268910,Cuphead,"Sep 29, 2017",19.99,Studio MDHR Entertainment Inc.,0,107896,False,0
1515200,Mission in Snowdriftland,"Dec 1, 2021",6.99,tons of bits,0,212,False,0
639270,Operation Warcade VR,"Aug 4, 2017",19.99,Ivanovich Games,0,271,False,0
1698000,Smash MAGA! Trump Zombie Apocalypse,"Jan 6, 2022",0.0,Twin Trouble,0,0,True,0
1409330,VR Travelling back to our childhoods: VR 1980s,"Sep 15, 2020",4.99,William at Oxford,0,2,False,0
1773750,Kiteboarding Pro Playtest,"Oct 5, 2021",0.0,Unknown,0,0,False,0
1819280,Hot Roads,"Nov 26, 2021",4.99,QuickBobber,0,1,False,0
674010,TerkEngine,"Oct 9, 2017",0.0,TerkStudios,0,0,False,0
407840,Guardians of Orion (Phase 2),"Dec 21, 2016",0.99,DANKIE,0,1984,False,0
975670,Neon Blast,"Apr 15, 2019",4.99,Hemphage Studio,0,2,False,0
1668800,Maze Mania: The Ultimate 3D Maze Game,"Nov 11, 2021",7.99,Space Sheep Gaming Ltd,0,2,False,0
508410,SKIPCHASER,"Jun 4, 2018",4.99,Ponywolf,0,44,False,0
3500,Mystery P.I.™ - The Lottery Ticket,"Oct 16, 2007",4.99,SpinTop Games,0,30,False,0
1048080,aMAZE Easter,"Mar 27, 2019",0.99,Blender Games,0,28,False,0
22500,Spectromancer,"Feb 11, 2009",6.99,"Apus Software,Three Donkeys LLC",0,207,False,0
1377450,Knell of St. Godhrkar,"Dec 4, 2021",0.0,二律背反,0,756,False,0
1441400,Mason: Building Bricks,"Nov 9, 2020",2.99,Telegmatic,0,17,False,0
847310,Doomsday on Demand,"Jun 26, 2018",2.99,Hosted Games,0,3,True,0
389980,Pluto,"Feb 22, 2018",0.0,Pluto VR,0,23,False,0
749470,TAOTH - The Adventures of the Herkulez,"Dec 11, 2017",1.99,Andreas Ammer,0,2,True,0
1004000,Card Brawl,"Jan 26, 2019",1.99,"MyDreamForever,Nehaew",0,20,False,0
1694110,Jigsaw Frame: Hot Anime,"Aug 13, 2021",2.99,Nimos Games,0,0,False,0
1651390,Gos Castle Runner,"Jun 14, 2021",0.99,Agostta Games,0,1,False,0
1060320,One Drop Bot,"Apr 25, 2019",2.99,David Draper Jr,0,89,True,0
1880710,Tuition Academia,"Feb 22, 2022",9.99,TwistedScarlett60,0,0,True,0
618670,One Bullet left,"Feb 26, 2018",3.99,OxPrimeStudio,0,4,False,0
941150,PsiSyn: The Game,"Jan 16, 2019",4.99,"FossettGaming,Breeze Interactive",0,15,False,0
334360,Passcode Breaker: The Day Before,"Oct 18, 2019",1.99,Tutorial Boss,0,5,False,0
1455930,BringIT to MOM,"Nov 10, 2020",4.99,InCiti GAMES,0,1,False,0
1582740,Reknum Cheri Dreamland,"Apr 29, 2021",6.99,NAPE GAMES,0,13,False,0
863590,Starcom: Nexus,"Dec 12, 2019",11.99,"Wx3 Labs, LLC",0,1362,True,0
1139780,SereNest,"Aug 29, 2019",5.99,Raonesoft,0,0,False,0
1802920,Tear of Time: Lost memory,"Mar 1, 2022",3.99,SIMPRA ORG,0,6,False,0
596240,Apocryph: an old-school shooter,"Apr 27, 2018",14.99,Bigzur Games,0,143,True,0
1559180,Survival on Amazonia,"Mar 10, 2021",24.99,Noxurtica,0,2,False,0
1389430,Trash Can Dungeon - Battle Against The ZOO,"Aug 20, 2020",0.0,"KADOKAWA,湿度ケイ",0,1,False,0
1285070,Bad Run - Turbo Edition,"Apr 21, 2020",3.99,"Headbang Games,Oray Studios",0,6,True,0
1253820,Oh My Girl,"Mar 26, 2020",0.99,CAT TEAM,0,0,False,0
737830,Christmas Puzzle,"Nov 7, 2017",9.99,Notus Games Ltd,0,15,False,0
706490,Little hidden city,"Feb 28, 2018",0.99,3dinvis games,0,148,False,0
1321920,SEX Office Story,"Jun 19, 2020",13.99,SEX Office Story VR,0,0,False,0
489160,VR Shooter Guns,"Sep 7, 2017",4.99,Cykyria,0,17,False,0
1693430,Dungeon Overseer,"Dec 21, 2021",0.0,Ripknot,0,15,False,0
1014130,Jitsumi's Game Booster,"May 20, 2019",5.99,THEEY STORE PTE. LTD.,0,80,False,0
1190930,ScribbleDude,"Jan 31, 2020",6.99,"RandomErik,Sparxe",0,18,False,0
676540,Mercfighter,"Aug 8, 2017",9.99,One Dave Software,0,0,False,0
1475600,The Santa Paradox,"Dec 7, 2020",5.99,Broken Bear Games,0,1,False,0
302260,Truffle Saga,"Jun 6, 2014",1.99,Colossal Games,0,49,False,0
1205960,My Cute Fuhrer,"Apr 16, 2020",1.99,CUTE ANIME GIRLS,0,929,False,0
1024150,Valentines Cafe,"Feb 14, 2019",0.99,"MyDreamForever_Old,Life Jumb DT",0,0,False,0
786630,MY 1980's DASHBOARD,"Feb 12, 2018",3.99,Pippala Games,0,51,False,0
1215520,Aldred Knight,"Feb 1, 2020",0.99,BITSTAIN,0,7,False,0
437900,Party Jousting,"Mar 1, 2016",0.0,vikingfabian.com,0,647,False,0
785770,Emergency Call 112 – The Fire Fighting Simulation 2,"Mar 18, 2021",29.99,Crenetic,0,1331,False,0
1450020,Ellie's Travel Diary,"Dec 7, 2020",7.19,"Newmatic Co., Ltd.",0,3,False,0
1732070,ZHP: Unlosing Ranger vs. Darkdeath Evilman,"May 10, 2022",19.99,"Nippon Ichi Software, Inc.,Codeglue",0,23,False,0
554590,Little Kingdom 2,"Dec 15, 2016",7.99,Andreil Game,0,4,True,0
522490,Carrie's Order Up!,"Sep 12, 2016",2.99,Ink Dragon Works,0,119,False,0
1390870,Simply Hard Platformer,"Sep 4, 2020",1.49,Dromedary Games,0,3,False,0
947970,Roads of Rome: New Generation 2,"Nov 2, 2018",4.99,Whiterra,0,13,False,0
1214380,Zombie Mutant DNA,"Mar 17, 2020",18.99,Teltamo,0,3,True,0
1194390,The Land of Crows,"Dec 23, 2019",0.0,Gemlore,0,20,False,0
1902110,Rising Sun VR,"Mar 3, 2022",0.99,VR Vision Inc.,0,2,False,0
677910,Life on Mars Remake,"Aug 11, 2017",17.99,Oscar Kenneth Albero Ingles,0,35,False,0
1179500,Star Gods,"Nov 12, 2019",1.99,JOP Studios,0,5,False,0
1306570,Fadeout: Underground,"Jun 24, 2022",0.0,Weston Mitchell,0,125,True,0
510060,Punch Bomb,"Dec 13, 2016",6.99,Chris Folea,0,35,False,0
1964430,Last Days of Lazarus Playtest,"Apr 12, 2022",0.0,Unknown,0,0,False,0
39670,Chaser,"Jul 16, 2010",4.99,Cauldron,0,774,False,0
1022920,Two Clusters: Kain,"Apr 30, 2019",0.0,Two Clusters,0,5,False,0
1772180,Eat Colors,"Jun 15, 2022",3.99,Icy Mountain Studios,0,13,False,0
1644140,Valley of No Roads,"Jun 10, 2021",7.99,Lunar Activities,0,6,False,0
1810000,Kuroi Tsubasa,"Apr 4, 2022",0.0,Blackwing Gaming,0,0,True,0
997770,Dungeon Maze,"Jan 3, 2019",5.99,Vaahtera Studios,0,0,False,0
1462600,ONNANOKO KEEPER,"Dec 11, 2020",0.99,ilyumi,0,2,False,0
523890,StarDrone VR,"Feb 7, 2020",2.99,Beatshapers,0,2,True,0
729920,Dark Dimensions: City of Ash Collector's Edition,"Nov 10, 2017",0.0,Daily Magic Productions,0,2,False,0
436270,Civil War: 1863,"Jun 21, 2016",9.99,HexWar Games,0,28,False,0
1533870,Atrius Star,"Feb 10, 2021",0.0,Atomic Lollypop,0,5,False,0
1551660,Gravity Mastery,"Mar 10, 2021",7.99,RedZyrro,0,3,False,0
1454400,Cookie Clicker,"Sep 1, 2021",4.99,"Orteil,DashNet",0,33473,False,0
566200,"Minions, Monsters, and Madness","Jan 10, 2017",3.99,Adam Hebert,0,4,False,0
555010,M.E.R.C.,"Jan 17, 2017",19.99,TinyMob Games,0,39,False,0
404510,Heaven's Hope - Special Edition,"Feb 25, 2016",9.99,Mosaic Mask Studio,0,94,False,0
1691130,Bigger Bikes,"Oct 22, 2021",0.99,Boom Games,0,4,False,0
603970,Shoot Loop VR,"Sep 28, 2017",1.99,ARLOOPA Inc.,0,0,False,0
1984630,Gone,"May 15, 2022",4.99,Michael Crowther,0,1,False,0
1756160,Unsafe,"Nov 18, 2021",11.99,OnSkull Games,0,101,False,0
1485250,Frame of Mind,"Jan 18, 2021",0.0,[SAMPLE TEXT] Studios ltd,0,644,False,0
1374200,Lockdown VR: Kidnapped,"Aug 20, 2020",6.99,Zoom Games,0,12,False,0
652830,Lost Legends: The Pharaoh's Tomb,"Jun 30, 2017",2.99,Escape VR LLC,0,6,False,0
569050,Paul Pixel - The Awakening,"Jan 9, 2017",3.99,Xoron GmbH,0,6,False,0
1744270,Indigo Loop,"Jun 30, 2022",1.99,mwroberts,0,0,False,0
756380,Super Bugman Extreme Ultra,"Mar 30, 2018",4.99,SyKoHPaTh,0,2,False,0
576130,State of Anarchy: Master of Mayhem,"Mar 31, 2017",2.99,Lapovich Team,0,437,True,0
1896360,Get Tanked! Playtest,"Mar 25, 2022",0.0,Unknown,0,0,False,0
492340,Pixel Cup Soccer 17,"Nov 1, 2021",9.99,Batovi Games Studio,0,262,True,0
46490,Still Life 2,"Jun 1, 2011",7.99,Microids,0,200,False,0
944770,sheepChat,"Dec 20, 2018",9.99,sheepChat Team,0,106,True,0
633320,Spirit Realm,"Jul 21, 2017",0.0,"Matthew Reed,James Raymond",0,19,False,0
568490,Frog Hop,"Feb 23, 2017",4.99,Tiny Warrior Games,0,21,True,0
503650,Fenimore Fillmore: The Westerner,"Mar 10, 2017",9.99,Casual Brothers,0,65,False,0
355000,GlassWire,"Jun 7, 2016",0.0,SecureMix LLC,0,305,False,0
1839770,Nargül Adventure Playtest,"Mar 24, 2022",0.0,Unknown,0,0,False,0
361560,Ice Cream Surfer,"Jun 22, 2015",2.99,Dolores Entertainment,0,11,False,0
394160,ARCADE GAME SERIES: PAC-MAN,"Apr 19, 2016",3.99,BANDAI NAMCO Studios Inc.,0,580,False,0
625820,Bionic Battle Mutants,"Oct 24, 2017",4.99,Monkeynetics,0,30,False,0
976930,Groove Gunner,"Feb 10, 2022",11.89,BitCutter Studios Inc.,0,25,True,0
763990,Chasing the Stars,"Jan 23, 2019",9.99,Ertal Games,0,0,False,0
872670,SCP: Pandemic,"Feb 22, 2022",19.99,Affray Interactive,0,1210,False,0
982720,Paradise Lost,"Mar 24, 2021",14.99,PolyAmorous,0,1087,False,0
986710,Nusantara: Legend of The Winged Ones,"Dec 7, 2018",4.99,SweetChiel,0,37,True,0
997240,Siluman Fantasy - First Half -,"Apr 19, 2019",11.99,Siluman Soft,0,0,False,0
955470,The Royal Game of Ur,"Nov 30, 2018",2.99,Guido Out,0,39,False,0
694960,Zenethics Lab : Outbreak,"Sep 4, 2017",3.99,Gilles Schaeck,0,5,False,0
1685120,Tichu Playtest,"Jul 7, 2021",0.0,Unknown,0,0,False,0
527380,Captain Kaon,"Apr 14, 2017",6.99,Engage Pixel,0,21,False,0
15270,Cold Fear™,"May 13, 2008",9.99,Darkworks,0,648,False,0
1718430,Mainly at Rest,"Aug 26, 2021",3.49,Daniel Seman,0,13,False,0
547150,The Morgue Fissure Between Worlds,"Mar 30, 2017",0.99,Zoltok's,0,15,False,0
676760,Noise,"Oct 13, 2019",1.31,Talentplace,0,139,False,0
861790,Bomb-Bomb,"May 17, 2018",1.99,Vito Devs,0,0,False,0
1298740,Hopebringers,"May 25, 2020",0.0,Critical Miss Games,0,27,False,0
356580,Aerannis,"Sep 15, 2015",0.99,ektomarch,0,92,False,0
1230660,TRF - The Race Factory,"Oct 26, 2020",4.99,O.Stogden,0,13,False,0
644420,Xion,"Aug 29, 2018",9.99,Zenz VR,0,35,False,0
758640,Nevertales: Legends Collector's Edition,"Dec 18, 2017",9.99,Mad Head Games,0,4,False,0
1080370,Dive with Sylvia VR,"Jun 11, 2019",4.99,Cascade Game Foundry SPC,0,2,False,0
1699880,Siren Head Horror Bunker VR,"Mar 31, 2022",3.49,Downgrade Studios,0,3,False,0
280540,GhostControl Inc.,"Jun 6, 2014",6.79,bumblebee,0,121,True,0
1863760,TowerFall with Friends Playtest,"Jan 30, 2022",0.0,Unknown,0,0,False,0
899480,Girls Dance,"Jul 28, 2018",0.99,Girls Dance studio,0,53,False,0
1300270,Blood price,"Aug 10, 2020",5.99,つきみたけ,0,0,False,0
444800,NO THING,"Apr 7, 2016",3.99,Evil Indie Games,0,245,True,0
1478350,Game Dev Masters,"Jun 3, 2022",14.99,Ryan Saunders,0,88,False,0
839930,My Car,"Mar 5, 2019",0.99,RewindApp,0,283,False,0
1761860,Punk Wars: Prologue,"Oct 12, 2021",0.0,Strategy Forge S.A.,0,0,False,0
1604700,Small Press Tycoon,"May 3, 2021",3.99,Inpatient Interactive,0,5,False,0
699330,The Iron Oath,"Apr 19, 2022",19.99,Curious Panda Games,0,278,False,0
431230,Tiny Guardians,"Mar 23, 2016",9.99,Kurechii,0,124,False,0
476540,Google Spotlight Stories: Pearl,"Oct 19, 2017",0.0,Google Inc.,0,332,False,0
870590,Moonbase Down,"Feb 22, 2022",2.99,Advent RPG,0,7,False,0
1031640,Super Orb Collector,"Feb 25, 2019",1.99,NanningsGames,0,11,True,0
1262040,Super Mombo Quest,"Nov 3, 2021",14.99,Orube Game Studio,0,173,False,0
1154800,ISLA test,"Oct 26, 2019",0.99,Areta Watanabe,0,6,False,0
778850,Please close the doors,"Jan 29, 2018",0.49,Koyotis Studio,0,49,False,0
565860,Tomato Way,"Dec 7, 2016",1.99,Vladislav Castillo Gonzalez,0,393,False,0
1762490,Color Guys,"Oct 19, 2021",0.99,Gabriel Almeida,0,3,False,0
778760,The Agency: Chapter 2,"Mar 8, 2018",4.99,Sapphire Dragon Productions,0,9,False,0
1220980,Where's Home?,"Apr 23, 2020",1.99,RollingStarStudios,0,1,False,0
962510,The Darkest Woods 2,"Nov 16, 2018",2.99,teamsupport,0,18,True,0
50910,Professor Fizzwizzle and the Molten Mystery,"Apr 21, 2010",6.99,Big Fish Games,0,26,False,0
1248810,离校日 The School Leaving Day,"Jul 16, 2020",5.99,Dracul Aurion,0,6,False,0
466050,Redemption Cemetery: Salvation of the Lost Collector's Edition,"Jul 12, 2016",9.99,AMAX Interactive,0,11,False,0
228560,Teenage Mutant Ninja Turtles™: Out of the Shadows,"Aug 28, 2013",0.0,Unknown,0,0,False,0
542670,Extreme Skiing VR,"Oct 24, 2016",7.99,乐客游戏,0,1,False,0
1044750,Q&A: A Light-Roasted Romance,"May 1, 2019",0.0,Word of Mouth Indie Games,0,5,False,0
667880,Dog Theatre,"Jan 29, 2018",2.99,Kyon Games,0,6,False,0
1314500,Improbable Soccer,"Jul 12, 2020",3.99,CyberLab Studios,0,4,False,0
222500,Rail Adventures - VR Tech Demo,"Aug 25, 2016",0.0,exosyphen studios,0,19,False,0
1093280,Ancient Stories: Gods of Egypt,"May 27, 2019",6.99,Panda Games Studio,0,3,False,0
2280,Ultimate Doom,"Aug 3, 2007",4.99,id Software,0,11912,False,0
1098810,我们的房屋 OUR HOUSE,"Sep 7, 2019",0.59,迷茫的菜鸟,0,4,False,0
23600,Depths of Peril,"Nov 23, 2010",9.99,Soldak Entertainment,0,94,True,0
676090,Legend Of Mercy 神医魔导,"Apr 24, 2018",3.99,SPG Mistarille,0,334,False,0
1024640,AppGameKit Studio,"Jul 24, 2019",24.99,TheGameCreators,0,62,True,0
1620380,INREAL,"May 2, 2022",1.99,triple A code GmbH,0,31,False,0
731520,Tooki,"Dec 15, 2017",9.99,Rhino Games Ireland,0,7,False,0
856650,Pylon Racer,"Feb 21, 2019",4.99,Johan Hammes,0,6,False,0
1075200,TOHU,"Jan 28, 2021",14.99,Fireart Games,0,347,False,0
1898470,Home VR Playtest,"Feb 11, 2022",0.0,Unknown,0,0,False,0
430240,Duplexer,"Jan 29, 2016",2.99,Vantage Games,0,8,False,0
38120,Farm Frenzy,"Feb 15, 2010",4.99,Alawar,0,52,False,0
466910,Worm.is: The Game,"May 4, 2016",0.0,Freakinware Studios,0,3624,False,0
1913940,Underground Dungeon,"Mar 9, 2022",2.99,PASTEL,0,7,False,0
1054510,Survivalist: Invisible Strain,"Jun 1, 2020",6.99,Bob,0,2022,False,0
642090,Coming Out on Top,"Oct 12, 2017",14.99,Obscurasoft,0,1116,True,0
994250,肥肥大作战 fat battle,"Jan 30, 2019",1.99,星零工作室,0,0,False,0
253290,FOTONICA,"Nov 6, 2014",14.99,Santa Ragione,0,713,True,0
1255810,幻想小镇危机,"Mar 23, 2020",0.99,sheen.games,0,6,False,0
601400,qb,"Aug 7, 2017",7.99,Armadillo Studios,0,39,True,0
37800,Quantz,"Sep 3, 2009",9.99,Gamerizon,0,29,False,0
1190760,Tales of the Deck,"Feb 6, 2020",9.99,One Bit Factory,0,13,False,0
1000750,Rotund Rebound,"Apr 1, 2022",19.99,Dahku,0,5,True,0
1372700,Off The Chains Disc Golf,"Nov 12, 2020",11.24,Dream Nerdy,0,20,False,0
1265270,Madness Fantasy,"Apr 10, 2020",2.99,Salvatore Comito,0,5,False,0
1183170,All World Pro Wrestling,"Dec 2, 2019",5.99,Heart's Choice,0,0,True,0
1629550,Hagia Sophia VR Experience,"May 21, 2021",9.99,ilhan özbay,0,3,False,0
1274090,Hotfix,"Oct 21, 2020",0.0,ol-web,0,40,False,0
1092770,Hacking with Benefits,"Aug 6, 2019",2.99,Husbando Games,0,0,True,0
851040,Darkest Mana : Master of the Table,"May 31, 2018",9.99,IKINA GAMES,0,1,False,0
758990,Ancient Warfare 3,"Dec 21, 2017",9.99,Jannik Nickel,0,1702,True,0
9200,RAGE,"Oct 3, 2011",9.99,id Software,0,12239,False,0
956880,Géants disparus VR,"Nov 29, 2018",0.0,Glitchr Studio,0,15,False,0
1733860,Slime Factory,"Mar 23, 2022",5.99,Blue Stone,0,2,False,0
1886480,Alien Space Bastards,"Feb 9, 2022",6.99,Paul Connor,0,7,False,0
669710,Outburst,"Mar 7, 2020",0.0,Have A Byte,0,30,False,0
747700,Space Shaft,"Mar 10, 2018",0.99,Starmops,0,7,False,0
2058250,Astroblaster,"Jul 10, 2022",2.99,David Armstrong,0,0,False,0
821500,Ria's Hook,"Apr 4, 2018",2.99,Fossil,0,348,False,0
790730,Nero Burning ROM,"Oct 16, 2018",49.99,Nero AG,0,10,False,0
259830,Wooden Sen'SeY,"Dec 5, 2013",9.99,Upper Byte,0,68,True,0
263460,Girls Like Robots,"Feb 14, 2014",6.99,Popcannibal,0,176,True,0
1607180,Big Quest 2: the Adventure,"May 4, 2021",3.99,ZeLDER,0,1,False,0
752060,Subwar 2050,"Nov 29, 2017",9.99,Particle Systems Ltd.,0,2,True,0
349520,Armillo,"Jul 3, 2020",0.0,Fuzzy Wuzzy Games Inc.,0,167,False,0
1457540,Beautiful Masseuse,"Nov 12, 2020",2.49,MAGame,0,20,False,0
505090,The Charming Empire,"Apr 18, 2017",29.99,OperaHouse Corporation,0,43,False,0
1243140,Hellpoint: The Thespian Feast,"Feb 20, 2020",0.0,Cradle Games,0,494,False,0
1757430,Squared Up,"Oct 5, 2021",0.0,SquaredUp Team,0,0,False,0
383730,RPG Maker 2000,"Jul 13, 2015",24.99,"Gotcha Gotcha Games,KADOKAWA,Yoji Ojima",0,96,False,0
1922000,Towerland,"Mar 21, 2022",2.99,Pitigamedev,0,3,False,0
1753050,My Inner Darkness Is A Hot Anime Girl!,"Oct 1, 2021",4.99,Sigyaad Team,0,20,False,0
1984220,Dungeon Fall,"May 16, 2022",5.99,"Hot Seat, Ltd",0,2,False,0
446870,Glitchrunners,"Apr 8, 2016",12.99,Torque Studios,0,5,False,0
1081200,Truck the System,"Sep 11, 2020",7.99,jorgen games Ltd,0,5,False,0
723820,BANANO BROS.,"Nov 1, 2017",0.0,Project Purity Team,0,23,False,0
881060,Fortune and Gloria,"Jul 24, 2018",5.99,Bad Logic Studios,0,4,False,0
831100,Brother Perro,"Apr 26, 2018",0.0,LUZSTARDOM,0,28,False,0
979070,Just Die Already,"May 20, 2021",5.99,DoubleMoose Games,0,1349,False,0
1245900,Comrade-in-Arms,"Mar 3, 2020",2.99,Traed Studios,0,5,False,0
1003070,Groomer,"Mar 11, 2019",0.49,Racing Bros,0,26,False,0
1092780,Depixtion,"Jun 17, 2019",7.99,DEVHOUR GAMES,0,46,True,0
576620,The Puzzle Room VR ( Escape The Room ),"Jan 4, 2017",12.99,Bellcat Game,0,39,False,0
1363770,Escape Quest,"Sep 29, 2020",2.99,Lumiere Studios,0,172,False,0
315460,Dig or Die,"Jul 10, 2018",11.99,Gaddy Games,0,3521,False,0
1338790,Good Mourning,"Apr 29, 2021",6.99,Platonic Partnership,0,20,False,0
1723570,Quest of Wizard,"Dec 1, 2021",2.99,Alexey Suslin,0,11,False,0
2820,X3: Terran Conflict,"Oct 16, 2008",15.99,Egosoft,0,2154,True,0
1162520,Richman10,"Oct 24, 2019",13.99,"Softstar Technology (Beijing) Co.,Ltd",0,6309,False,0
1151920,Color Defense,"Jan 20, 2020",0.0,BUG DUCK GAMES,0,26,False,0
17180,Mosby's Confederacy,"Nov 19, 2008",9.99,"Tilted Mill Entertainment, Inc.",0,24,False,0
1616190,LineArt Jigsaw Puzzle - Erotica 5,"May 22, 2021",1.99,LineArtBabe,0,0,False,0
294570,Freddi Fish 5: The Case of the Creature of Coral Cove,"Jun 6, 2014",6.99,Humongous Entertainment,0,106,True,0
1055150,Eva Reynes,"Sep 11, 2019",9.99,Potatobrain Games,0,10,False,0
1181650,Have a Blast,"Aug 26, 2021",7.99,Bojan Endrovski,0,5,False,0
294550,Freddi Fish 4: The Case of the Hogfish Rustlers of Briny Gulch,"May 29, 2014",6.99,Humongous Entertainment,0,106,True,0
1333900,Maidens of the Ocean Solitaire,"Jun 14, 2020",5.94,Deyteris,0,8,False,0
1579670,Pocket Mina,"Jul 12, 2021",4.99,acet,0,1,False,0
1462040,FINAL FANTASY VII REMAKE INTERGRADE,"Jun 17, 2022",69.99,Square Enix,0,5510,False,0
1604690,Last Blossom: Roleplaying tabletop based scene,"May 20, 2021",0.0,Vadym Lysytsia,0,0,False,0
555050,Racket Fury: Table Tennis VR,"Nov 9, 2017",19.99,Pixel Edge Games,0,232,False,0
1452950,Seditionis: Tower Defense,"Nov 18, 2020",0.0,"Dragonflare Studios,Dragonfire Studios",0,7,True,0
673580,Hamlet,"Oct 26, 2018",9.99,Haven Studios,0,0,False,0
1361440,DuelVox,"Jul 27, 2020",4.99,Piece Of Voxel,0,21,False,0
822240,Animal Jam,"Dec 11, 2018",0.0,"WildWorks, Inc.",0,1744,False,0
1108630,Gythol Granditti: The Crypt of Darkness,"Jul 19, 2019",0.0,GZ Storm,0,10,False,0
1063140,Under Spire 尖塔自走棋,"Jul 1, 2019",2.99,CoolHeartGame,0,3,False,0
703080,Planet Zoo,"Nov 5, 2019",44.99,Frontier Developments,0,52931,False,0
1588780,Laser Droplets,"Apr 15, 2021",1.99,Kikashi Online,0,1,False,0
1341200,DYNASTY WARRIORS 9 Empires,"Dec 22, 2021",59.99,"KOEI TECMO GAMES CO., LTD.",0,595,False,0
19830,Tom Clancy's Rainbow Six® 3 Gold,"Sep 25, 2008",9.99,"Red Storm Entertainment,Ubisoft Montreal",0,1353,False,0
1156500,Project Apocalypse,"May 4, 2021",6.99,Sargonius,0,7,False,0
1046230,Soccer Player Simulator,"Mar 27, 2019",0.99,Kiddy,0,168,False,0
285800,Braveland,"Mar 17, 2014",6.99,Tortuga Team,0,2355,True,0
1474410,Artillery Royale,"Mar 31, 2021",0.0,jrmgx,0,9,False,0
770620,Web Designer 15 Premium Steam Edition,"Feb 22, 2018",74.99,MAGIX Software GmbH,0,18,False,0
335190,200% Mixed Juice!,"Oct 23, 2015",6.99,Orange_Juice,0,592,False,0
1578550,Aero Battle,"Mar 31, 2021",9.99,Stas Paty9mkin,0,8,False,0
1182830,QT,"Jan 23, 2020",9.99,Happy Snake,0,181,True,0
787150,Necro Wars,"Jan 10, 2020",4.99,Liquid Llama Games,0,6,False,0
1279330,Under Lock,"Jan 12, 2021",4.99,Shakitum,0,53,False,0
1768730,Alien Extraction,"Mar 28, 2022",10.39,Crooks Peak,0,14,False,0
893720,One Hand Clapping,"Dec 14, 2021",14.99,Bad Dream Games,0,350,False,0
1059080,ROAD HOMEWARD 2: river trip,"Apr 29, 2019",3.99,OFF1C1AL,0,6,False,0
1252510,Mars Plan,"Apr 9, 2020",5.99,VRSoft.Co.Ltd,0,2,False,0
332630,The Guilt and the Shadow,"Feb 2, 2015",8.99,oophok,0,43,False,0
1303420,CAMEO: CCTV Detective,"May 29, 2020",5.99,Wreck Tangle Games,0,3,False,0
1845830,ViRo Live Studio,"Jul 8, 2022",29.99,"ViRo Playspace,LewdTube",0,0,False,0
1339500,Gym Tycoon,"Nov 23, 2020",7.99,Green Forest Games,0,62,False,0
1624610,Mecha Snake,"May 18, 2021",0.99,Akane Games,0,1,False,0
918180,Test your knowledge: Cats,"Aug 27, 2018",3.99,Laush Dmitriy Sergeevich,0,17,False,0
1435840,DIG THE GROUND,"Oct 15, 2020",2.0,Itera Labs,0,5,False,0
1997070,"HEN, CHICKS AND CATS","Jun 17, 2022",1.99,Moraes Game Studio,0,17,False,0
392100,Fatal Theory,"Sep 14, 2016",0.0,2 Hit Studio,0,6,True,0
809840,Anime show 动漫时装秀,"Jun 22, 2018",3.59,Anime fashion show,0,13,False,0
1827500,Generations Of Destruction,"Dec 13, 2021",3.99,Tim Borkert,0,1,False,0
1086670,Roll+Heart,"Aug 2, 2019",9.99,Owl Sanctuary Studios,0,1,False,0
1265440,Fire Guild,"Mar 25, 2020",2.99,Dmitriy Zaletov,0,1,False,0
566570,Hover Skate VR,"Mar 17, 2017",9.99,Hyper Light Studios,0,15,False,0
488040,VR Toolbox: 360 Desktop,"Dec 26, 2016",9.99,MyDream Interactive Inc.,0,64,False,0
1148010,Love Chan,"Sep 27, 2019",0.74,Hnew,0,14,False,0
384880,Judged: A Court Simulator,"Nov 15, 2018",9.99,Can of Soda Games,0,1,False,0
1995100,DouDas Danger,"Jun 25, 2022",10.99,loloF,0,9,False,0
440740,Epic battles within 5 seconds!,"Feb 8, 2016",0.0,YFC games,0,185,False,0
321830,Cavern Kings,"Sep 30, 2014",4.99,VINE,0,153,False,0
1220190,Hentai Darts,"May 5, 2020",0.99,Studio Inward,0,0,False,0
1469450,Moon Caves,"Feb 4, 2021",4.99,RPROGaming,0,3,False,0
1458370,Shuzzler,"Jan 20, 2022",14.99,DC Creation Studios,0,1,False,0
1712360,Rookie Bowman,"Aug 17, 2021",0.99,mapacarta,0,13,False,0
1035890,vApe Escape,"Mar 15, 2019",0.0,Gamechuck,0,92,False,0
675980,Atomic Sky,"Aug 29, 2017",1.99,Evgeniy Alemzhin,0,3,False,0
1715110,Perfect Tides Playtest,"Aug 9, 2021",0.0,Unknown,0,0,False,0
999220,Amnesia: Rebirth,"Oct 20, 2020",29.99,Frictional Games,0,4916,True,0
579490,RUSH: A Disney • PIXAR Adventure,"Sep 14, 2018",19.99,Asobo Studio,0,141,False,0
1514100,Adventure War : Battlefield,"Oct 8, 2021",0.0,Gold Turtle Games,0,17,False,0
1096130,Rose Riddle 2: Werewolf Shadow,"Dec 18, 2019",6.99,Yustas Game Studio,0,12,False,0
1774130,QontoWars,"Oct 16, 2021",3.99,QontoLabs,0,1,False,0
1586630,Jigsaw Foundry,"Apr 28, 2021",14.99,Bill Stanbrook,0,1,False,0
740340,NeuroMatrix,"Sep 13, 2018",4.99,NEO,0,7,False,0
1459560,Untitled Space Game,"Nov 16, 2020",0.0,Hummus Studios,0,22,False,0
1324270,Space Station Tycoon,"Oct 29, 2020",19.99,Lunheim Studios,0,87,False,0
1153430,Love wish,"Jan 13, 2020",0.99,Double W,0,1163,False,0
589620,It Lurks in the Woods,"Feb 8, 2017",0.0,Olivier Leclair,0,43,False,0
577710,Pirates of Everseas,"Aug 12, 2019",0.0,Moonmana,0,55,False,0
892900,Emoto,"Sep 26, 2018",0.0,"Guangzhou little lamb Animation Technology Co., Ltd.",0,3,False,0
521500,Sakura Space,"Oct 10, 2016",9.99,Winged Cloud,0,228,True,0
937350,Food Drive: Race against Hunger,"Oct 9, 2018",0.0,Gamers for Good,0,93,False,0
1780290,Let's Puzzle,"Nov 24, 2021",1.99,Zindeaxx Games,0,23,False,0
1173990,Monsters of Kanji 2,"Mar 24, 2020",4.99,sleepy-racoon,0,0,False,0
1219650,K-Point Ski Jumping,"Jan 23, 2020",5.99,Marcin Dzienniak,0,83,False,0
1626010,The King's Cards,"Jun 9, 2021",4.99,"Garrett Powell,Benjamin Blackmon",0,0,False,0
834910,ATLAS,"Dec 22, 2018",29.99,"Grapeshot Games,Instinct Games",0,19204,False,0
893070,The End: Inari's Quest,"Jul 24, 2018",3.99,Mata,0,26,False,0
1785460,Hotel on the Grate,"Nov 4, 2021",0.0,BiscuitLLC,0,0,False,0
442260,Sprinter,"Feb 25, 2016",3.99,Light Step Games,0,33,True,0
625140,Ragnarok Journey,"Jun 12, 2017",0.0,Youren,0,120,False,0
1354840,Parking Attendant,"Jul 6, 2020",1.99,Alex Game Dev.,0,3,False,0
1219940,US Spy: Mission in Russia,"Feb 14, 2020",1.99,Alex Demchenko,0,145,False,0
512630,VR Gallery,"Oct 5, 2018",2.99,HolmCom,0,21,False,0
864200,Demolition Ball,"Jun 15, 2018",5.99,CSA Software,0,2,False,0
1613950,Sovereign Tea,"Jul 30, 2021",14.99,3 Halves Games,0,15,False,0
1262530,Fire Protection Training Simulator,"Jan 8, 2021",4.99,"Patrick Kelley, CIT",0,2,False,0
1307240,Call of Coronga,"Jul 10, 2020",3.99,Luiz Felipe Da Silva Marian,0,30,False,0
363980,Forget Me Not: My Organic Garden,"Aug 21, 2015",9.99,CAVYHOUSE,0,323,False,0
279560,Dracula 4 and  5 - Special Steam Edition,"May 29, 2014",7.99,Koalabs,0,73,False,0
2065140,Trombone Champ Playtest,"Jul 1, 2022",0.0,Unknown,0,0,False,0
1490490,Kingslayer: The First Assassin,"Apr 8, 2021",4.99,My Oldschool Console,0,34,False,0
239090,Samurai Gunn,"Dec 10, 2013",14.99,"Beau Blyth,Doseone",0,394,False,0
370300,8-Bit Adventures 1: The Forgotten Journey Remastered Edition,"May 22, 2015",9.99,Critical Games,0,94,False,0
1918410,Ball Pain,"Mar 14, 2022",3.99,Farther Gamer,0,4,False,0
420660,Burnin' Rubber 5 HD,"Feb 14, 2018",9.99,Xform,0,207,False,0
1909200,Quadratic puzzle 3,"Mar 12, 2022",1.99,Rabbit studio,0,0,False,0
626010,Office Space: Idle Profits,"Oct 18, 2017",0.0,Ultrabit,0,193,False,0
1383830,Breadbox Game Pack,"Aug 13, 2020",0.99,GameHuntGuild,0,7,False,0
1282720,Swords of Time,"Dec 4, 2020",11.99,Hannes Beimel,0,0,False,0
1349030,Innocent Girl,"Dec 17, 2021",0.51,빌리 헤링턴,0,0,True,0
799770,Alea,"Feb 20, 2018",7.99,EasyVisual,0,3,False,0
1244530,Betelgeuse,"May 31, 2020",0.99,Brainstorm Software,0,36,False,0
944050,Sixth Night,"Feb 19, 2020",1.99,ニラ工房,0,0,False,0
571880,Angels with Scaly Wings / 鱗羽の天使,"Jan 31, 2017",9.99,Radical Phi,0,1451,True,0
1735440,Light2Live Playtest,"Aug 25, 2021",0.0,Unknown,0,0,False,0
1216150,Hell's Pharma,"Jan 17, 2020",4.99,Rainman Studios,0,10,False,0
344810,Total Extreme Wrestling 2010,"Mar 19, 2015",14.99,Grey Dog Software,0,95,False,0
446250,Silver Bullet: Prometheus,"Apr 8, 2016",4.99,Byulbram,0,43,False,0
1691860,Vizzle,"Aug 12, 2021",2.99,Code Studio,0,8,False,0
280790,Creativerse,"May 8, 2017",0.0,Playful Corp.,0,23937,False,0
1259640,Tiny Room Stories: Town Mystery,"Feb 25, 2021",9.99,Kiary Games,0,382,False,0
1476430,S.U.M. - Slay Uncool Monsters,"Feb 19, 2021",0.0,Doomster Entertainment,0,100,False,0
1388280,Country Discoverer,"Apr 16, 2021",7.99,goatrope games,0,15,False,0
1794710,Infinite Progression,"Nov 19, 2021",0.99,Prestosilver,0,2,True,0
42810,For The Glory: A Europa Universalis Game,"Nov 11, 2009",9.99,Crystal Empire Games,0,87,False,0
1497640,Traitors in Salem,"Apr 22, 2022",3.99,BlankMediaGames,0,434,False,0
434510,Formicide,"Jun 12, 2017",0.0,"Rock Wall Games, LLC",0,262,False,0
1841580,Child vs Clowns,"Jan 15, 2022",4.99,Reforged Group,0,0,False,0
923350,Sakura Day Mahjong,"Sep 20, 2018",4.99,Creobit,0,12,False,0
1386460,Zodiakalik,"Aug 19, 2020",1.99,"Diego Fernandes Malinowsky,Altanir Aparecida Fernandes Malinowsky",0,3,False,0
781950,Galactic Delivery,"Mar 23, 2018",1.99,"Warp Path,Yak Studios LLC",0,9,False,0
495600,Asteroid Fight,"Apr 10, 2020",0.0,Katta Games,0,13,True,0
1103160,Beat Boxing,"Nov 3, 2020",3.49,Burning Daisies,0,5,False,0
955030,Metamorph,"Nov 1, 2018",10.99,Chumoran,0,2,False,0
261180,Lethal League,"Aug 27, 2014",13.99,Team Reptile,0,5625,True,0
1507850,Gospel of Abaddon,"Aug 12, 2021",2.99,Mutkrakt,0,16,False,0
300540,Sweet Lily Dreams,"May 16, 2014",14.99,RosePortal Games,0,73,False,0
1363290,SIGNAL,"Jul 21, 2020",1.99,RPavel,0,4,False,0
304580,CITYCONOMY: Service for your City,"Dec 2, 2015",24.99,Nano Games sp. z o.o.,0,184,False,0
1277710,RoboDo,"Oct 2, 2020",17.99,"Gabrielė Ušeckaitė,Edvardas Šneideris,Lukas Litinskas",0,12,False,0
1184460,Race! Make 'm finish...,"May 3, 2022",1.99,Ruben van Aerde (Aerthe),0,0,False,0
994910,Poker Master,"Sep 23, 2020",0.0,LoongCrown,0,652,False,0
655160,welcome to heaven,"Jun 22, 2017",0.0,vextro,0,368,True,0
1225380,Into the Infinite,"Apr 24, 2020",0.0,"Timespace Studios,Mitchelson Brooks,Jonathan Rosato,Ana Beltran,Tony Cuni,Dylan Rodrigues,Christopher Couto,Dylan Burke,Mary Ellis,Luis-Miguel Gonzalez,Thi Tran,Dillon Williams,Ramsey Lee,Nicolas Kemball-Cook",0,6,False,0
396590,CMYW,"Oct 16, 2015",3.99,Shane Berezowski,0,30,False,0
1858980,Gravity Game,"Jan 22, 2022",0.0,Parramatta Games Studios,0,0,False,0
1529800,SpacePOM,"Oct 15, 2021",5.99,Wrong Tree Studios,0,3,False,0
1902020,Phil Alone,"Jul 21, 2022",0.0,Gabriel Dias,0,0,False,0
1666660,Destruction Time!,"Jul 27, 2021",2.99,DaT Cat Studio,0,21,False,0
1848530,Alloy Playtest,"Mar 31, 2022",0.0,Unknown,0,0,False,0
1897990,Lulu Way,"Apr 29, 2022",1.79,One Eyed Deer,0,1,False,0
384960,Vengeance,"Apr 29, 2020",7.99,314 Arts,0,290,True,0
649950,Ashen,"Dec 9, 2019",39.99,A44,0,1784,False,0
1213810,Strings,"Jan 6, 2020",9.99,HNZK,0,1,False,0
1535060,Incremental Epic Breakers,"Mar 17, 2021",0.0,Hapiwaku,0,34,False,0
796840,Molecule - a chemical challenge,"Mar 2, 2018",1.99,a.mighty.dish,0,16,False,0
585990,Echoes of the Fey Episode 0: The Immolation,"Feb 7, 2017",0.0,Woodsy Studio,0,49,False,0
1601380,The Marauder Chronicles: Curse Over Valdria,"Oct 7, 2021",4.99,Mambo Dancing Shrimp,0,7,False,0
1172190,Chinatown Detective Agency,"Apr 7, 2022",24.99,General Interactive Co.,0,67,False,0
37970,Jewel Quest Pack,"Aug 24, 2009",19.99,iWin,0,19,False,0
1478650,Diggles: The Myth of Fenris,"Dec 14, 2020",9.99,"Spieleentwicklungskombinat GmbH,General Arcade",0,373,False,0
1129110,Magistrangers,"Aug 21, 2019",0.0,Ilya Razinkov,0,4,False,0
1867280,Cyberpunk Girls,"Feb 5, 2022",6.99,Romantic Room,0,31,False,0
1048710,Hentai puzzle ? Not again....,"Apr 1, 2019",0.49,Easy game,0,0,False,0
1148290,Thy Kingdom Crumble,"Sep 26, 2019",4.99,Julian Edison,0,12,True,0
823130,Totally Accurate Battlegrounds,"Jun 5, 2018",0.0,Landfall,0,63818,False,0
1646880,Rumble Runners,"May 23, 2022",5.99,Lunatinc,0,2,False,0
1402020,SCP: Labrat,"May 17, 2021",0.0,Bezbro Games,0,1278,False,0
701420,Ne no Kami - The Two Princess Knights of Kyoto Part 2,"Sep 7, 2017",9.99,Kuro Irodoru Yomiji,0,103,False,0
666640,Empire - Wargame of new Century,"Nov 6, 2018",6.99,Artur Podzorski,0,4,False,0
558260,Gravel,"Feb 27, 2018",29.99,Milestone S.r.l.,0,588,True,0
683940,Lawgivers,"Apr 2, 2020",7.99,Damian Bernardi,0,271,True,0
1268140,Lair Land Story,"Apr 22, 2020",14.99,"CIRCLE Ent.,Arc System Works,Initory Studio",0,81,False,0
495450,Fractasia,"Nov 17, 2016",0.0,Start VR,0,14,False,0
1844990,Lastone: Behind the Choice,"Jan 21, 2022",4.99,"Dragon Emperors,Great Conspiracy Theory",0,9,False,0
905260,Hags Castle,"Aug 2, 2018",0.99,Switchpilot,0,0,False,0
251870,Go! Go! Nippon! ~My First Trip to Japan~,"Feb 21, 2014",4.99,OVERDRIVE,0,2684,False,0
1252410,Alien Scumbags,"Jun 17, 2020",8.99,Monster Finger Games,0,109,False,0
577690,Spooky's Jump Scare Mansion: HD Renovation,"Mar 1, 2017",6.69,Albino Moose Games,0,1557,False,0
654910,YANKAI'S PEAK.,"Jul 13, 2017",5.99,Kenny Sun,0,48,True,0
1090650,Unknown Castle,"Aug 19, 2019",4.99,Pikku-a,0,5,False,0
1820330,Dungeon's Fall,"Apr 10, 2022",4.99,NoLootingBox,0,0,False,0
591390,a nifty game,"Sep 1, 2017",6.99,Pixel with Hat,0,2,True,0
1273110,Sir Stretchalot - The Wenches in the Well,"Jan 8, 2021",0.99,Apple Tart,0,0,False,0
1312510,Spooky Spins Deluxe Steam Edition,"Jun 4, 2020",3.99,Pokies4fun,0,0,False,0
763410,Long Live Santa!,"Dec 19, 2017",0.0,Doborog Games,0,2567,False,0
927860,Project Skylab 2,"Oct 5, 2018",0.0,Not Awful Studio,0,44,False,0
1589340,Solo ReflectioN!,"Dec 11, 2021",2.99,ZaxtorGameS,0,1,False,0
588930,King 'n Knight,"Jan 7, 2022",11.99,Jérémy Entressangle,0,32,False,0
436400,Heroes of the Seven Seas VR,"Oct 14, 2016",6.99,"Mirage Interactive,北京魔视互动科技有限公司",0,33,False,0
1472550,TRACK,"Dec 1, 2020",2.99,海貓,0,0,False,0
1206050,Sea King,"Dec 24, 2019",4.99,Interactive Stone,0,20,False,0
2016540,Chess Pills,"Jun 16, 2022",2.99,Deep Green Games,0,16,False,0
1234030,ゴシックマーダー -運命を変えるアドベンチャー-,"Feb 12, 2020",11.99,orange,0,17,False,0
483960,Purino Party,"Jun 22, 2016",11.99,Frontwing,0,183,False,0
1609800,Akinofa,"Jul 15, 2021",4.99,Pixel Lantern,0,3,False,0
1815580,Gunner Deadly Expedition,"Dec 5, 2021",12.99,Funkuisu,0,12,False,0
548560,Manastorm: Champions of G'nar,"Jan 3, 2017",4.99,DaGGaSoft,0,45,False,0
1691010,On Scene - The Horror Stories of Fred & Karen,"Aug 12, 2021",0.99,Intentionally Sad Products,0,7,False,0
1264500,Soldier Matt Sowards,"Mar 27, 2020",0.0,Matt Sowards,0,6,False,0
1572050,Crash Race,"Mar 23, 2021",0.99,INFINITE BRIDGE,0,11,False,0
1438760,Recruit One,"Oct 20, 2020",0.0,codapill,0,24,False,0
932120,TAL: Arctic 3,"Sep 17, 2018",0.99,Snkl Studio,0,22,False,0
878610,Don't Feed The Slimes!,"Jun 23, 2018",1.59,ChillFun,0,1,False,0
1855380,Spirits of Light,"Jan 31, 2022",5.99,Sunlight Studio - Davi Valentim,0,2,False,0
19320,Space Ark,"Mar 16, 2012",4.99,Strawdog Studios Ltd,0,6,False,0
1564630,Find Girl | 发现女孩,"Apr 12, 2021",0.99,Old Driver Studio,0,33,False,0
63000,HOARD,"Apr 4, 2011",4.99,"Big Sandwich Games,Stratecade LLC",0,783,True,0
865250,Phase Shift,"Apr 25, 2019",0.0,DWSK Ltd,0,82,False,0
831260,KeyBoard Guitar Master,"Apr 11, 2018",1.99,Headbang Studio,0,13,False,0
1362300,Abyssal Agent Alyss,"Dec 21, 2020",9.99,Azurezero,0,0,False,0
583490,InfiniPicross,"Mar 6, 2017",1.99,Reverse Impact,0,122,True,0
1080990,叙事曲2：星空下的诺言 / Ballade2: the Celestial Promise,"May 24, 2019",5.99,286studio,0,74,False,0
765370,RTS Commander: Smash the Rebels,"Dec 28, 2018",0.59,F-Games,0,0,False,0
568780,Multishop Tycoon Deluxe,"Mar 10, 2017",6.99,Maulidan Games,0,22,False,0
1049660,stein.world,"Apr 23, 2019",0.0,pg5-Studio,0,492,False,0
416760,Pay2Win: The Tricks Exposed,"Dec 15, 2015",4.99,Best Gaem Studio,0,79,False,0
257930,Race To Mars,"Mar 7, 2014",0.0,"INTERMARUM,ONE MORE LEVEL",0,20,False,0
1091270,Frequency Garden,"Nov 11, 2019",0.99,GeneralKnow,0,14,False,0
373290,Stones of Sorrow,"May 26, 2015",2.99,Cult Software,0,51,True,0
911630,Unexpected Circumstances,"Aug 18, 2018",0.99,Vitali Stsiapko,0,0,False,0
1410200,Uranus,"Dec 7, 2020",3.99,notagamestudio,0,20,False,0
1862030,Duloga,"Jan 22, 2022",0.0,Snack,0,0,False,0
1082990,D.A.M.A.G.E,"Jul 18, 2019",1.99,Damage Team,0,0,False,0
1218320,Zack 2: Celestine's Map,"Mar 11, 2021",14.99,SmartOliveGames Ltd,0,2,False,0
1607670,Secret Agent HD,"Jun 30, 2021",7.99,Emberheart Games,0,93,True,0
1571230,LineArt Jigsaw Puzzle - Erotica 4,"Mar 20, 2021",1.99,LineArtBabe,0,0,False,0
542850,Dystopy,"Feb 28, 2017",0.0,Campus ADN 2015-2016,0,14,False,0
998470,Adult Math,"Dec 26, 2018",0.49,stariy8419,0,52,False,0
1438680,Techno Tower Defense,"Nov 11, 2020",2.99,Method 9 Software,0,4,False,0
1700940,Anime Zodiac,"Aug 12, 2021",0.69,Hunny Bunny Studio,0,61,False,0
1705930,Born Into Fear,"Mar 21, 2022",5.99,Just Sauce Studio,0,81,False,0
1663410,Happenlance,"Oct 22, 2021",15.99,"Phillip Trudeau-Tavara,Miles Fogle,Cyborg Primate",0,32,False,0
1334830,Salubrious Scales,"Jul 10, 2020",9.99,CherryBlossomGames,0,0,False,0
1507950,Dying Flame,"Mar 22, 2021",9.99,RoundTable Games Studio,0,14,False,0
511350,Mr. Massagy,"Dec 5, 2016",5.99,Green Lava Studios,0,190,False,0
1560390,Archer Master,"Mar 26, 2021",19.99,red small workshop,0,2,False,0
660730,Ventura Inc,"Jun 1, 2018",18.99,Ben Strijbos,0,10,False,0
1746290,Animation Studio Manager Playtest,"Nov 15, 2021",0.0,Unknown,0,0,False,0
1556960,Red Frozen,"Jul 23, 2021",1.99,Envalid games,0,6,False,0
1502970,Atelier Sophie: The Alchemist of the Mysterious Book DX,"Apr 21, 2021",39.99,"KOEI TECMO GAMES CO., LTD.",0,397,False,0
1098080,3000th Duel,"Dec 12, 2019",14.99,NEOPOPCORN Corp,0,359,False,0
622880,Sweven,"Apr 22, 2017",1.99,CG-Interactive,0,25,False,0
721950,Last Toon Standing,"Oct 21, 2017",4.99,marutigames,0,13,False,0
788200,The Little Slime,"Feb 11, 2018",6.99,SudoTilt,0,3,False,0
1036620,Alien Cow Farm,"May 31, 2019",1.99,ZWOLYA GAMES,0,2,False,0
2062660,Cyber Drift,"Jul 4, 2022",10.99,Meng Games,0,2,False,0
292660,Princess Isabella,"Apr 15, 2014",0.74,Gogii Games,0,104,False,0
1872730,Math Game,"Jan 28, 2022",0.99,Simple Logic Games,0,3,False,0
488824,Tom Clancy's Rainbow Six® Siege,"Dec 1, 2015",19.99,Ubisoft Montreal,0,312816,False,0
827290,Secret Little Haven,"Apr 16, 2018",4.99,Hummingwarp Interactive,0,263,True,0
1269310,MasterPlan,"Jan 26, 2021",19.99,SolarLune Games,0,65,True,0
1836890,Blaster Alert,"Jan 27, 2022",5.99,Big Blaze Games,0,1,False,0
1567770,【IQ3でできるエロRPG】トレジャーハンターアンナ～新米アンナと処女の穴～,"May 25, 2021",4.99,アトリエすえ,0,0,False,0
626660,Flipping Death,"Aug 6, 2018",19.99,Zoink Games,0,154,False,0
829610,Alice In VR,"Nov 14, 2018",2.99,"Åsa Egnér,Carolina Ask, Alexander Cobleigh, Joar Löfberg,Kreativitetsbanken",0,3,False,0
893850,THE LONGING,"Mar 5, 2020",11.24,Studio Seufz,0,4137,True,0
516750,My Summer Car,"Oct 24, 2016",14.99,Amistech Games,0,40710,False,0
1320500,Lauras Tierklinik,"Aug 6, 2020",5.99,Caipirinha Games GmbH,0,1,False,0
1641840,Frosty Jumper,"Jun 17, 2021",0.99,Anderson do Vale,0,2,True,0
1399660,My Little Prince - a jigsaw puzzle tale,"Sep 16, 2020",1.99,Mens Sana Interactive,0,54,False,0
629910,Clicker Heroes 2,"Jul 16, 2018",19.99,Playsaurus,0,1524,False,0
1329170,Death Trading Card Game,"May 20, 2022",9.99,Death,0,0,False,0
1338250,Nohra,"Jun 18, 2020",0.0,Monster Lab,0,261,False,0
282100,Fearless Fantasy,"May 15, 2014",6.99,Enter Skies,0,792,False,0
1884890,Pieces of Beauty 3,"Feb 13, 2022",1.99,Ma Ma Software,0,11,False,0
1077250,Age of Pixels,"Apr 1, 2020",0.99,Turon,0,9,False,0
361600,Luna Sky,"Oct 2, 2015",12.99,Vovoid Media Technologies AB,0,69,True,0
1714430,Time's Up in Tiny Town,"Oct 14, 2021",5.99,6 Toad Games,0,1,True,0
1938990,DogeFight,"Apr 26, 2022",0.0,IROX,0,0,False,0
1098292,DOOM Eternal: The Ancient Gods - Part One,"Oct 20, 2020",19.99,id Software,0,3524,False,0
1816560,Sperm Runner,"Mar 14, 2022",0.99,Seito Games,0,0,False,0
624900,COMET STRIKE,"Apr 27, 2017",2.99,"PRIME WORKS Co.,Ltd.",0,1,False,0
1159870,SUCCESSOR OF THE KEY,"Sep 29, 2020",4.99,AKIBA-Willow,0,1,False,0
1107580,mAIn COMPetition,"Sep 9, 2019",1.99,Lunar Shuriken,0,3,False,0
1198390,Kawaii Girl,"Apr 25, 2020",0.99,MoeGame,0,29,False,0
238460,BattleBlock Theater®,"May 15, 2014",14.99,The Behemoth,0,63907,True,0
1202150,SpelunKing: The Mine Match,"Apr 4, 2020",9.99,Playcademy,0,29,True,0
625800,Tomb Guard VR,"May 19, 2017",9.99,CoolGame,0,5,False,0
928160,Prototype TD,"Sep 18, 2018",1.99,Elijah Goering,0,4,False,0
1366390,LuPR: Lunar Post Recruit,"May 13, 2022",9.99,Epic Tech Labs LLC,0,7,False,0
277910,Mars Colony:Challenger,"Mar 4, 2014",4.99,HyperKat Games,0,78,False,0
618710,Elminage ORIGINAL - Priestess of Darkness and The Ring of the Gods,"Nov 28, 2017",9.99,"Starfish-SD Inc,mebius",0,49,False,0
1179190,Dinodrifters,"Dec 20, 2019",9.99,Jake Hugh Reece Wilson,0,2,False,0
1857150,The Christmas Spirit: Golden Ticket Collector's Edition,"Dec 28, 2021",13.99,Domini Games,0,2,False,0
1770190,Drunken Fist 2: Zombie Hangover,"Jun 22, 2022",7.99,DEKLAZON,0,4,False,0
954780,Zombie Soldier,"Oct 24, 2018",0.99,Lorag Games,0,2,False,0
1348040,Bumper Boss,"Jun 30, 2020",2.99,Jayometric Games,0,0,False,0
976780,NeonCode,"Nov 22, 2018",0.99,Fubenalvo,0,167,True,0
262370,A.N.N.E,"Jun 25, 2019",69.99,Gamesbymo Inc.,0,21,True,0
1362990,Waifu Collector,"Sep 30, 2020",3.99,Digital Waifus,0,0,True,0
328070,Reflex Arena,"Mar 8, 2017",9.99,Turbo Pixel Studios,0,1301,False,0
1766460,Hop Skip and Thump Playtest,"Oct 2, 2021",0.0,Unknown,0,0,False,0
822710,Clash: Mutants Vs Pirates,"Jun 12, 2020",0.0,NewGen,0,67,False,0
329980,ASA: A Space Adventure - Remastered Edition,"Mar 4, 2015",9.99,Simon Says: Play!,0,29,False,0
1275450,A letter to you!,"Sep 24, 2020",8.99,Savage Howl,0,8,False,0
938980,Lantern Bearer,"Sep 10, 2020",9.99,Softbear,0,18,False,0
2021060,Forgotten Legends Playtest,"Jun 3, 2022",0.0,Unknown,0,0,False,0
1195410,Trial of the Gods: Siralim CCG,"Mar 13, 2020",12.99,"Thylacine Studios,JaysGames",0,41,False,0
1195350,Your little story: Winter,"Dec 18, 2019",2.99,BananaChu Team,0,14,False,0
1454930,TechnoRunner,"Nov 12, 2020",3.99,Corentin Cournac,0,4,True,0
1800600,Punch It Deluxe,"Nov 12, 2021",2.99,WeirdRikert,0,3,False,0
1815660,Dungeons Of Honor,"Nov 29, 2021",1.99,Ice Charge Productions,0,0,False,0
1540830,Conspiracy Girls,"Feb 24, 2021",0.0,House of Delaroux,0,7,False,0
227020,Rise of Venice,"Sep 27, 2013",19.99,Unknown,0,0,False,0
1112110,Redemption Cemetery: Dead Park Collector's Edition,"Jan 27, 2022",9.99,AMAX Interactive,0,4,False,0
1309430,Dungeon of Trials,"Jun 25, 2020",2.99,SardinhaStudios,0,7,False,0
949690,Record of Lodoss War Online,"Jan 15, 2019",0.0,"L＆K CO., LTD",0,62,False,0
758400,The Ultimate Heist,"Dec 21, 2017",0.99,Smash Game Studios,0,7,True,0
1036960,阿津,"Mar 30, 2019",0.0,阿津,0,107,False,0
864790,FragmentVR,"Mar 1, 2019",8.99,FragmentVR,0,7,False,0
445000,Nova Nukers!,"Mar 15, 2018",1.19,Alchemist Interactive,0,23,False,0
1863720,Small Crystal,"Mar 2, 2022",2.99,WURIK,0,0,False,0
2061980,Flying Ruckus - Multiplayer,"Jul 19, 2022",0.0,Ancolia,0,0,False,0
1427130,Elusive World,"Dec 23, 2021",4.99,PistolizedCannon,0,0,False,0
227380,Dragon's Lair,"May 17, 2013",9.99,Digital Leisure Inc.,0,429,True,0
1352070,Truck Crash,"Jul 2, 2020",2.99,Garage Games,0,4,False,0
1647010,Aeos: The 18 Plus NSFW Adventure Generator,"Jun 25, 2021",18.99,Warrior Within Group,0,0,True,0
384750,EVEREST VR™,"Aug 2, 2016",9.99,"Sólfar Studios,RVX",0,160,False,0
1212440,Forest Woodman,"Jan 3, 2020",2.99,Frosted Wings Studio,0,11,False,0
270270,Frozen State,"Aug 5, 2016",11.99,Flox Studios,0,345,True,0
478020,Old School 8-in-1 bundle,"Jun 2, 2016",7.99,"Zoom2Games,Melesta,Alawar Southpoint",0,3,False,0
887900,egg is broken. heart is too.,"Apr 4, 2019",2.99,Curious Visions,0,97,False,0
444580,ALONE IN SPACE,"Feb 22, 2016",9.99,Butterflyware,0,86,True,0
1002360,バグダス - デバッガー検定 -,"Jan 21, 2019",0.99,Jiruo Software,0,60,False,0
1448090,Retention: A Love Story,"Mar 1, 2021",0.0,"Gavin Looker,Nick Mellott,Alex Runnels,Shawn Lascelles,Lyndell Goldson,Conrad Miller,Josh Finklestein,Liz Hanson,Nick Ciulla,Justin Vaz,Kiane Thomas,Noah Scarborough,Max Weyant,Edward Oliver,Amba Moore,Jingyi Song,Katherine Clark",0,2,False,0
496120,LaserCat,"Dec 8, 2016",0.99,Daniel McFarline,0,74,False,0
783060,AIDEN,"Feb 9, 2018",1.29,TheElvenTale Games,0,18,False,0
528510,Turbo Pug 3D,"Sep 20, 2016",1.99,"Wulo Games,DEADBIT",0,230,False,0
990260,Collapse: A Political Simulator,"Feb 23, 2021",6.99,Kremlingames,0,95,True,0
287840,TY the Tasmanian Tiger 4,"Sep 17, 2015",5.99,Krome Studios,0,206,False,0
335430,Grimoire: Manastorm,"Oct 26, 2017",0.0,Omniconnection,0,695,False,0
1122440,Proxyah v3.1,"Aug 6, 2019",3.99,Viktor Timofeev,0,1,False,0
792300,The Beast Inside,"Oct 17, 2019",24.99,Illusion Ray,0,5196,False,0
247350,Artemis Spaceship Bridge Simulator,"Sep 16, 2013",6.99,Unknown,0,0,False,0
1666310,Parasomnia Verum,"Jun 29, 2021",2.99,Vidas Salavejus,0,32,False,0
766460,Trireme Commander,"Jan 2, 2018",12.95,Peter Turcan,0,0,False,0
1035850,Balancelot,"May 23, 2019",7.99,AnvilBird Interactive,0,90,False,0
837550,Bouncy Butter Ball,"May 31, 2018",1.99,Youthcat Studio,0,4,False,0
964340,Fant Kids Matching Game,"Dec 2, 2018",4.99,FunFant,0,4,False,0
1199370,Gleamlight,"Aug 20, 2020",19.99,DICO,0,49,False,0
1731720,FURRY SEX: Cabaret 💋🔞,"Nov 13, 2021",6.99,Furry Tails,0,0,False,0
1779220,Pieces of Beauty 2,"Oct 21, 2021",2.99,Ma Ma Software,0,11,False,0
974750,The Crazy Cookies!,"Dec 6, 2018",1.99,Gabriel Benson,0,0,False,0
1225850,NonetEnsemble:MagicworkLabyrinth,"Feb 13, 2020",19.99,PhotonSystem,0,11,False,0
1574850,Music95,"Mar 29, 2021",7.99,NJ No.1,0,10,False,0
1145520,Wall Force,"Feb 28, 2021",0.0,Miha Prezelj,0,7,False,0
893350,Malfortune,"Jul 31, 2018",4.99,Andy Imm,0,1,False,0
408760,Pro Cycling Manager 2016,"Jun 16, 2016",9.99,Cyanide Studio,0,247,False,0
1480600,Red Hands – 2-Player Game,"Jan 29, 2021",4.99,Peaksel,0,5,False,0
1598760,Carrier Command 2 Playtest,"Jun 17, 2021",0.0,Unknown,0,0,False,0
409020,The Stanford Ocean Acidification Experience,"Oct 17, 2016",0.0,"Jeremy Bailenson,Shawnee Baughman,Elise Ogle,Tobin Asher,Bireswar Laha,Cody Karutz",0,20,False,0
1390680,Music Maker (64 Bit) Steam Edition,"Oct 9, 2020",0.0,MAGIX Software GmbH,0,74,False,0
1788880,Argonauts Agency: Chair of Hephaestus,"Jan 23, 2022",5.99,Workroom7,0,4,False,0
251850,Master Reboot,"Oct 29, 2013",12.99,Wales Interactive,0,498,False,0
1263490,Sweet Solitaire: School Witch,"Apr 27, 2020",4.99,Somer Games,0,9,False,0
3920,Sid Meier's Pirates!,"Jul 11, 2005",9.99,Firaxis Games,0,5009,False,0
1008060,The HARDEST BrickBreaker,"Jan 17, 2019",1.99,Pixcapi,0,9,False,0
927970,ForzeBreak,"Oct 31, 2018",0.0,"Swift Limit Games,Miguel O. Mercado,Jason Lin,Boyang Zhou,Xiaoyu Yang,Zihang Zhang,Martha Magsombol,Jairus Cambe,Alan “AG” Gordon,Matthew Eis",0,6,False,0
366270,SHOCK TROOPERS,"May 18, 2016",7.99,"SNK CORPORATION,Dotemu",0,110,False,0
389230,Fish or Die,"Apr 25, 2017",3.99,Thirsten Studios,0,3,False,0
1351370,Sakura Knight 3,"Sep 7, 2020",9.99,Winged Cloud,0,41,True,0
495280,Disgaea 2 PC,"Jan 30, 2017",19.99,"Nippon Ichi Software, Inc.",0,1187,True,0
1253650,Birds with Feelings,"May 13, 2022",6.99,Bird Pals SIA,0,5,False,0
907000,The Navigator,"Aug 3, 2018",0.0,Team Navigator,0,203,False,0
1712430,Klondike Re-Imagined,"Sep 16, 2021",3.99,Mike Edwards,0,0,False,0
696470,"House Dating VR: Cute Korean Girl, Sehyun","Oct 24, 2017",14.99,Studio Thug Life,0,2,False,0
880990,School Idol,"Jul 5, 2018",1.99,Fury Games Production,0,7,False,0
1135740,Utopia,"Dec 12, 2019",4.99,DAX Entertainment,0,37,False,0
764410,Trials of the Gauntlet,"Mar 16, 2018",1.99,"Patrick O'Connor,Joshua Suskalo,Christian Hall,Arthur Parker,Dorsey Ledger,Natalie O'Connor,Landon Creech,Nathan Andre,Cassandra Doeinck,Nicholas Kovacevich",0,31,True,0
1383770,Interstate Drifter 1999,"Sep 16, 2020",0.0,Ultimo Games,0,233,False,0
1180370,Wienne,"Jan 6, 2020",0.0,Creeepling,0,43,False,0
1872210,Project Speed 2 Playtest,"Feb 18, 2022",0.0,Unknown,0,0,False,0
1192260,Labyrinths of the World: The Wild Side Collector's Edition,"Jan 3, 2020",9.99,Domini Games,0,7,False,0
843630,Project R.A.T.,"May 29, 2018",0.0,Goop Troop,0,14,False,0
603350,Don't cut your hand,"May 30, 2017",0.99,Kether Studio,0,167,False,0
670180,Castles II: Siege & Conquest,"Aug 18, 2017",9.99,Quicksilver Software,0,17,True,0
459370,Riverbond,"Jun 9, 2019",24.99,Cococucumber,0,74,False,0
324090,Football Club Simulator - FCS #21,"Mar 4, 2016",9.95,Dinamic Games,0,170,False,0
1116520,The Backrooms,"Aug 1, 2019",0.99,WASABAE Studios,0,7,False,0
1072030,Adventure in Russia: Road to Harvetsky,"May 9, 2019",1.99,NewCo Entertainment,0,17,False,0
1152800,Buggy Bump,"Nov 4, 2020",10.99,MoonShine Games,0,0,False,0
682510,以罪之名 / In the name of sin,"Oct 29, 2017",3.99,橙光游戏,0,16,False,0
604490,Running Through Russia,"May 21, 2017",0.99,Spell Helix,0,980,True,0
1912710,Hidden Post-Apocalyptic Top-Down 3D,"Mar 9, 2022",9.99,Top-Down Games,0,11,True,0
719520,Spectro,"Jun 11, 2020",14.99,Borrowed Light Studios,0,52,False,0
943290,Zombie school-丧尸学院,"Oct 15, 2018",0.0,Populus,0,18,False,0
755540,LIV,"Aug 12, 2019",0.0,LIV Inc,0,614,False,0
1000030,"Cook, Serve, Delicious! 3?!","Oct 14, 2020",19.99,Vertigo Gaming Inc.,0,1503,False,0
655280,Ping,"Jul 4, 2017",0.0,Examined Interactive,0,23,True,0
1721530,The Captain,"Dec 3, 2021",19.99,Sysiac Games,0,185,True,0
676620,Robots: create AI,"Sep 11, 2017",0.99,xuan,0,12,False,0
1365500,Vapor Music Tour,"Jan 5, 2021",0.0,Devil's Cider Games,0,3,False,0
1697400,House of Sin,"Oct 21, 2021",0.0,Volcano Games,0,0,False,0
706320,Trivia Vault: Mini Mixed Trivia,"Sep 15, 2017",0.99,Ripknot Systems,0,35,False,0
429350,Satellite Rush,"Nov 16, 2016",4.99,Kimeric Labs,0,45,True,0
416130,Written in the Sky,"Nov 9, 2015",0.0,Unwonted Studios,0,1678,True,0
775490,Super Steampunk Pinball 2D,"Jan 19, 2018",1.99,"NCC Moore,Steve McRae",0,42,True,0
2022510,Turbo Light Rush,"Jul 5, 2022",2.99,"Fabien NAIMON,Alexis LOPEZ,Cyril ANGHELIDI",0,0,False,0
626510,LoveKami -Useless Goddess-,"May 29, 2017",2.59,MoeNovel,0,290,False,0
1386110,Xentron Attack,"Sep 11, 2020",0.99,Hijong Park,0,3,False,0
262000,Gabriel Knight: Sins of the Fathers 20th Anniversary Edition,"Oct 15, 2014",19.99,"Phoenix Online Studios,Pinkerton Road Studio",0,831,False,0
1681620,Mines & Dragons,"Jul 26, 2021",0.99,Sinned Games,0,3,False,0
897210,Omicroid,"Sep 10, 2018",4.99,WoolyLittleGuys,0,1,False,0
1489160,Destinata RED,"Dec 22, 2020",0.99,Dieclick,0,2,False,0
892630,Mojo: Hanako,"Jul 27, 2018",0.0,L. Stotch,0,609,False,0
496080,"Space, VR!","Mar 2, 2017",1.99,"James Nye,Copeland Williams",0,2,False,0
848120,Terror World,"May 10, 2018",12.99,GHSSJ,0,0,False,0
663540,Murder...,"Aug 4, 2017",4.99,Jack Gloyens,0,14,False,0
408110,Planet R-12,"May 5, 2016",0.99,"Timushev Vladimir,Composer-Motorin Dmitry (Djinotan)",0,165,False,0
289760,ROCKETSROCKETSROCKETS,"May 1, 2015",6.99,"Radial Games Corp,Loren Bednar,Dr. Kimberly Voll,Lindsay Jorgensen",0,417,True,0
1857160,Ms. Holmes: The Adventure of the McKirk Ritual Collector's Edition,"Jan 3, 2022",13.99,Elephant Games,0,5,False,0
1500260,Desert Mystery,"Dec 28, 2020",0.99,GamesLtd.,0,1,False,0
1879220,Zeppelin: Escape Room,"Feb 12, 2022",6.99,Exscape,0,3,False,0
977450,Where Thoughts Go: Resolutions,"Jan 5, 2019",0.0,Lucas Rizzotto,0,10,False,0
474810,Dorke and Ymp,"Oct 19, 2016",6.99,"Norse,Piko Interactive",0,14,False,0
796490,Fantasy Mosaics 20: Castle of Puzzles,"Feb 19, 2018",2.09,Andy Jurko,0,5,False,0
804690,The Vox: Tower Defense,"Jun 5, 2020",5.99,Immersive Works,0,1,False,0
1255990,We should talk.,"Jul 16, 2020",6.99,Insatiable Cycle,0,72,True,0
1876120,Ejaculation Time - Mommy Play with a Super-Sexy Fox Girl -,"Apr 2, 2022",13.99,Appetite,0,0,False,0
1682890,Golden Boy,"Jul 27, 2021",3.99,Reforged Group,0,3,False,0
46290,Theatre of War,"Jul 9, 2010",3.99,Fulqrum Publishing,0,177,False,0
23380,Gyromancer,"Nov 18, 2009",5.99,"Square Enix,PopCap Games, Inc.",0,159,False,0
1693050,Dirty and lascivious awakening RPG by lecher knight Reika,"Sep 22, 2021",9.99,瞬間フローライター,0,0,False,0
1729420,PaintballX,"Mar 3, 2022",0.0,KMHgames,0,56,False,0
1042980,Zen Chess: Mate in Two,"Apr 30, 2019",0.99,Minimol Games,0,58,False,0
1266050,Pixel Fixer,"Jul 4, 2020",1.99,shpixel,0,1,False,0
1017370,Dangerous Orbit,"Feb 12, 2019",0.99,spectrobyte,0,0,False,0
1095880,A Day in the Life of Maria,"Jun 17, 2019",8.99,OTUSUN CLUB,0,0,False,0
1711840,Ninja Stealth 4,"Aug 16, 2021",0.49,SC Jogos,0,40,False,0
667050,SojournVR,"Oct 31, 2017",0.0,Detter Game Design LLC,0,4,False,0
1015800,Ordeal of Princess Eris,"Jun 6, 2019",14.99,Asakiyumemishi,0,105,False,0
2005150,Tiny Robo Puzzles,"Jun 20, 2022",2.99,Shironobe,0,1,False,0
985690,Fall In Love - My Billionaire Boss,"Jul 21, 2019",9.99,LOVE GAMES,0,2,False,0
1687750,BADA S.S. Playtest,"Jul 23, 2021",0.0,Unknown,0,0,False,0
1820810,Graveyard Spells,"Jan 12, 2022",1.99,SeedWall,0,2,False,0
1026810,A Story of Us - ep. 1 - First Memories,"Feb 27, 2019",0.59,Towerfilm,0,2,False,0
1027120,Bravery Network Online,"Feb 16, 2021",24.99,GLOAM,0,141,False,0
930110,Sufoco,"Feb 12, 2020",0.99,Magitech Games,0,5,True,0
926120,Mystery Trackers: Black Isle Collector's Edition,"Sep 12, 2018",9.99,Elephant Games,0,8,False,0
466980,Can't Drive This,"Mar 18, 2021",19.99,Pixel Maniacs,0,282,True,0
1671090,Ultra Boat Game!!!,"Jul 2, 2021",1.99,Tamashii,0,4,False,0
1715660,Angelic Waves,"Nov 1, 2021",10.99,Bus Arrows Studios,0,5,True,0
434790,Planet 1138,"Feb 18, 2016",2.99,Bionic Pony,0,10,False,0
2018350,Brain Exam with Benefits 2,"Jul 4, 2022",2.99,Cute Pen Games,0,0,False,0
436160,The Panic Room. House of secrets,"Apr 27, 2016",0.0,GameXP.com,0,230,False,0
1150640,Yu-Gi-Oh! Legacy of the Duelist : Link Evolution,"Mar 24, 2020",39.99,Other Ocean Emeryville,0,2567,False,0
1938060,RACING BROS: ONLINE Playtest,"Mar 25, 2022",0.0,Unknown,0,0,False,0
105450,Age of Empires® III (2007),"Jan 5, 2012",39.99,Ensemble Studios,0,27677,False,0
572580,Incredible Dracula II: The Last Call Collector's Edition,"Jan 26, 2017",8.99,"New Bridge Games,Alawar Entertainment",0,31,False,0
1471080,Deep Night Detective - Chapter One,"Jun 16, 2021",0.0,Wilson Taylor,0,0,False,0
345020,A Feeble Saga,"Feb 25, 2019",4.99,Ayrik,0,37,False,0
1546280,Mad Pack,"Feb 10, 2022",0.0,Liga Robotov,0,153,False,0
827530,Current,"Mar 15, 2019",0.99,LuteGames,0,3,False,0
757030,Christmas Stories: A Christmas Carol Collector's Edition,"Dec 1, 2017",9.99,Elephant Games,0,38,False,0
211070,Check vs Mate,"Aug 16, 2012",4.99,Targem Games,0,70,True,0
1151530,Synthetic Lover,"Jan 13, 2022",24.99,HeartCoreDev,0,40,False,0
418370,Resident Evil 7 Biohazard,"Jan 23, 2017",9.99,"CAPCOM Co., Ltd.",0,58270,False,0
637090,BATTLETECH,"Apr 24, 2018",39.99,Harebrained Schemes,0,21676,True,0
1881270,Phonetic,"Feb 25, 2022",0.0,Cameron Wang,0,0,False,0
1553690,How does it work!?,"Mar 4, 2021",9.99,Piece Of Voxel,0,13,False,0
947290,Arkane Rush,"Oct 19, 2018",0.5,Mafu Games,0,22,True,0
425600,The Order of the Thorne - The King's Challenge,"Jan 26, 2016",9.99,Infamous Quests,0,105,True,0
467470,Shoot Shoot Mega Pack,"Apr 28, 2017",14.99,Actual Humans,0,17,False,0
872970,Azurael's Circle: Chapter 1,"Sep 3, 2018",0.0,Jordan Allen,0,87,False,0
665780,Juke,"May 9, 2018",0.99,Jello Godfri,0,1,False,0
713390,No God For Us,"Dec 22, 2017",3.99,Endrit Special Poductions,0,0,False,0
1570000,Space Ninja Simulator,"Mar 25, 2021",0.0,Marius Angeschrien,0,0,False,0
2088560,Third Power Playtest,"Jul 15, 2022",0.0,Unknown,0,0,False,0
32000,Raycatcher,"Apr 17, 2009",4.99,"Thinking Studios,Slam Dunk Studios",0,0,False,0
1849890,Neko Maid,"Feb 11, 2022",0.99,Hunny Bunny Studio,0,72,False,0
382380,The Amber Throne,"Jul 6, 2015",14.99,Joshua Missile,0,137,False,0
930230,King under the Mountain,"Nov 24, 2021",24.99,Rocket Jump Technology,0,92,True,0
1506480,Absurbia: A Trashy Satire of Suburban Outcries,"Feb 2, 2021",5.99,Licking Vomit,0,0,False,0
700360,KnightOut,"Jun 3, 2022",14.99,2nd Studio,0,16,False,0
489220,Unforgiving Trials: The Darkest Crusade,"Jun 15, 2016",0.51,Amaterasu Software,0,406,False,0
714130,WhiTaers,"Jan 23, 2019",0.99,"JingtuStudio,乌鸦大仙",0,15,False,0
1728830,Space Docker VR,"Dec 15, 2021",12.74,Cat Commandos,0,54,False,0
1793190,Encore Illusions,"Oct 23, 2021",19.99,Encore Software,0,0,False,0
1056600,Home Sweet Home : Survive,"Mar 25, 2021",6.99,"YGGDRAZIL GROUP PUBLIC CO.,LTD",0,4504,False,0
844850,Tower Hunter: Erza's Trial,"Oct 12, 2019",4.31,IceSitruuna,0,1140,False,0
1448530,Soccer Manager 2021,"Dec 16, 2020",0.0,Invincibles Studio Ltd,0,1441,False,0
1632310,A Princess of Fallen Kingdom,"Sep 3, 2021",1.99,Kuroshiro Group,0,17,False,0
814320,Arkady Survive,"May 24, 2019",0.99,Digital Vitamin,0,7,True,0
730030,Ultimate Spinner Simulator - Unstress Yourself,"Oct 27, 2017",0.99,OnFire Games,0,24,False,0
1395080,The Disaster,"May 22, 2021",0.99,Mag B.,0,10,False,0
1732340,DEMON GAZE EXTRA,"Apr 25, 2022",49.99,"KADOKAWA GAMES, LTD.",0,25,False,0
1352590,Requiem Aeternam Eden,"Jul 31, 2020",0.99,Alice Langley,0,2,False,0
644710,Gary Grigsby's War in the West,"Aug 3, 2017",79.99,2by3 Games,0,115,False,0
1762910,Jackpot Bennaction - B09 : Discover The Mystery Combination,"Oct 18, 2021",5.99,R. Benny,0,0,False,0
2007280,العدم,"Jun 9, 2022",11.99,Abualamrienstudio,0,0,False,0
718750,Epic Battles of History,"Aug 27, 2020",0.0,Frag Games,0,4,False,0
886200,EndCycle VS,"Apr 20, 2022",29.99,12B3,0,68,True,0
1997880,Lawnmower game: Mortal Race,"Jun 1, 2022",1.99,"Tero Lunkka,Valkeala Software,Blackthug",0,18,False,0
1161220,Time Squared,"Nov 10, 2019",14.99,FUSIS Games,0,3,False,0
1787730,Kismet Tapestry,"Oct 29, 2021",0.0,Blacc Ski Weekend Industries,0,0,False,0
1527060,Cat Gets Medieval,"Mar 2, 2021",9.99,LetMeowt Games LLC,0,77,False,0
1105530,Light Hunters: Battalion of Darkness,"Nov 14, 2019",0.0,"Sergio Matsumoto,Manon 'Stripes' Potier",0,4,False,0
1513710,Crystal sword,"Mar 25, 2021",3.99,HUNTERS,0,2,False,0
1158940,Blazing Sails,"Nov 5, 2020",10.49,Get Up Games,0,5118,False,0
903160,Wunderwaffe,"Jul 27, 2018",2.99,GiBar,0,22,False,0
1511820,Beat Bolt City Playtest,"Jan 6, 2021",0.0,Unknown,0,0,False,0
2062480,Bounder,"Jul 4, 2022",1.99,Gremlin Graphics,0,0,False,0
1146890,MMX,"Sep 21, 2019",1.99,Dnovel,0,15,False,0
855060,Huawei VR 2,May 2018,0.0,Unknown,0,0,False,0
1716550,A World Abandoned Playtest,"Aug 5, 2021",0.0,Unknown,0,0,False,0
744060,Groove Coaster,"Jul 16, 2018",19.99,TAITO CORP.,0,993,False,0
1818790,Maze Art: Orange,"Dec 4, 2021",0.49,My Label Game Studio,0,0,False,0
327380,Sid Meier's Pirates! Gold Plus (Classic),"Oct 9, 2014",2.09,"MicroProse Software, Inc",0,49,True,0
429160,Cyborg Rage,"Feb 19, 2016",0.0,Ragiva Games,0,13,False,0
1825060,Poly Memory: Cats,"Dec 2, 2021",1.99,Cute Hannah's Games,0,1,False,0
300380,Road Redemption,"Oct 4, 2017",19.99,"EQ-Games , Pixel Dash Studios",0,8496,True,0
208110,Myst V: End of Ages,"Mar 16, 2012",9.99,Cyan Worlds Inc,0,118,False,0
1564340,FGTeeV Goozy,"Sep 7, 2021",7.99,PHL Collective,0,39,False,0
1711480,Live Waifu Wallpaper,"Jul 22, 2022",1.47,Mature Games,0,0,False,0
867590,Sakura and Crit: The Mock Game,"Aug 10, 2018",1.99,Critoniuum,0,3,False,0
431680,Nuts!: The Battle of the Bulge,"Feb 12, 2016",9.99,HexWar Games,0,18,False,0
1123080,FadeZone 消逝之地,"Mar 2, 2020",1.99,"ZeroXilo,CasketCheese",0,30,False,0
852390,SwordBounce,"May 19, 2018",4.99,GogglesKitty,0,17,False,0
496940,Second Death,"Aug 17, 2016",2.99,Evan Wagstaff,0,3,False,0
1413590,LA FORET DE PAGO : LA VENGEANCE DU DRAGON,"Sep 24, 2020",5.99,Futurtech,0,33,False,0
433280,Warlords Battlecry III,"Jan 22, 2016",9.99,Infinite Interactive,0,560,False,0
1572180,Lionfish Reef Patrol,"Apr 2, 2021",0.0,"Scott W. Gonnello,Lionfish Central, Inc.,Vidas Salavejus",0,0,False,0
379870,Alteil: Horizons,"Oct 27, 2016",0.0,"Apocoplay LLC,Ludeme Games,Coreedge Inc",0,48,False,0
1777110,DogFight Time,"Apr 5, 2022",0.99,HabibiDev,0,2,False,0
320840,Wings! Remastered Edition,"Oct 17, 2014",14.99,Cinemaware,0,367,False,0
1166710,Find The Treasure,"Oct 18, 2019",5.99,Madness Men,0,7,True,0
1684910,Kitsune Killer,"Jul 30, 2021",2.99,Reforged Group,0,0,False,0
1714040,Super Auto Pets,"Sep 24, 2021",0.0,Team Wood Games,0,0,True,0
1454160,One More Island,"May 16, 2022",19.99,Berg Games,0,118,False,0
461040,PICO PARK:Classic Edition,"Apr 27, 2016",0.0,TECOPARK,0,522,False,0
952860,河洛群俠傳 (Ho Tu Lo Shu ： The Books of Dragon),"Nov 14, 2018",17.99,香港商河洛互動娛樂股份有限公司,0,6414,False,0
962170,Ultimate Legends,"Dec 24, 2018",1.99,TheoNeo Games,0,1,False,0
1217160,Log 141,"Jan 31, 2020",0.0,AwesomeLeak,0,3,False,0
885290,AceSpeeder3,"Jul 9, 2018",2.99,RAINGRAPH,0,8,False,0
733560,Snuffles and Co.,"Nov 16, 2018",4.99,Rainbowpunch Studio,0,0,True,0
1090300,Slime!!!,"Jun 14, 2019",2.99,Family Games Time,0,0,False,0
1021650,Perhaps When We Dream,"Feb 12, 2019",0.99,Hyphema Studios,0,1,False,0
1610790,Cossack and Magic,"May 6, 2021",0.99,Falco Software,0,13,False,0
1048350,Nigate Tale,"Apr 11, 2021",19.99,Hermit Games,0,448,False,0
1449660,Bric à Brac,"Dec 8, 2021",10.99,Unseelie Count,0,0,False,0
245280,ENSLAVED™: Odyssey to the West™ Premium Edition,"Oct 24, 2013",19.99,Ninja Theory,0,5287,False,0
808450,BeeFender,"Jun 25, 2018",0.99,BWT Games,0,8,False,0
506960,Pong Champion VR,"Jul 26, 2016",9.99,DegaSolutions,0,10,False,0
1539600,AstroBike,"Oct 20, 2021",0.0,"Ryan Cooke,Steven Smith",0,0,True,0
320240,We Happy Few,"Aug 10, 2018",59.99,Compulsion Games,0,8334,False,0
1086680,Violet rE:-The Final reExistence-,"Jul 29, 2019",3.99,Hollowings,0,112,False,0
1521410,Manic Archers,"Mar 3, 2021",5.99,Ancient Most High Games,0,5,True,0
1129220,"BEARS, VODKA, BALALAIKA! 🐻","Nov 6, 2019",0.99,Rabotiagi games,0,1630,True,0
1877460,Ghost,"Jan 31, 2022",13.99,5K studios,0,2,False,0
844820,Ocean Wonder VR,"May 9, 2018",9.99,Game Hollywood,0,2,False,0
1742850,Card Game Simulator,"Nov 14, 2021",0.0,Finol Digital LLC,0,0,True,0
1808140,Space Waves,"Nov 16, 2021",6.99,Paul Connor,0,0,False,0
1318000,HTD,"Oct 1, 2020",9.99,D-Tarrow,0,6,False,0
674930,Boyfriend Dungeon,"Aug 11, 2021",19.99,Kitfox Games,0,1430,True,0
345330,Eden Rising,"May 17, 2019",0.0,"Nvizzio Creations,Meridian4",0,893,False,0
1157670,Hepta Beats,"May 7, 2021",3.99,Matheus Bigatão,0,23,False,0
1018020,Contra Anniversary Collection,"Jun 11, 2019",19.99,Konami Digital Entertainment,0,507,False,0
759540,Wanted Killer VR,"May 23, 2018",9.99,Playsnak,0,104,False,0
1648100,Kinduo,"Jul 29, 2021",1.99,"Nibb Games,Guimaraf Studio",0,60,False,0
696060,Live,"Oct 12, 2017",1.99,empty assembly,0,42,True,0
446390,Onechanbara Z2: Chaos,"Jun 2, 2016",39.99,Tamsoft,0,614,False,0
860770,Made to Order: The Party Game,"Jun 19, 2018",1.99,Mega Dwarf Inc.,0,4,False,0
1151460,Obligation,"Oct 7, 2019",0.0,朽木布可凋夜,0,6,False,0
586710,Witches' Legacy: Slumbering Darkness Collector's Edition,"Feb 8, 2017",9.99,EleFun Games,0,5,False,0
846770,DYSMANTLE,"Nov 16, 2021",19.99,10tons Ltd,0,1642,False,0
585180,Open Sorcery,"Feb 22, 2017",3.99,Abigail Corfman,0,305,True,0
1932480,Neon Flash 2,"Apr 11, 2022",0.0,NineOhGames,0,0,False,0
1667160,入替人-ReplaceR-,"Jul 22, 2021",0.99,ラルカス,0,71,False,0
890690,Forgotten World,"Jul 18, 2018",0.0,"Valerio Palma,Cristian Maraglino",0,0,False,0
1573390,Lila’s Sky Ark,"Apr 21, 2022",14.99,Monolith of Minds,0,35,True,0
457420,Surgeon Simulator VR: Meet The Medic,"Apr 5, 2016",0.0,Bossa Studios,0,291,False,0
234190,Receiver,"Apr 29, 2013",4.99,Wolfire Games,0,3217,True,0
1268730,Impulse Control,"Apr 14, 2020",0.0,Impulse Control,0,0,False,0
364380,CINEVEO - VR Cinema,"Apr 24, 2015",29.99,Mindprobe Labs,0,75,True,0
367800,Diamond Deeps,"Jun 1, 2015",4.99,BIT-GEN,0,9,True,0
971880,Solitaire Mystery: Four Seasons,"Dec 5, 2018",5.99,Dikobraz Games,0,7,False,0
616750,1943 Deadly Desert,"May 15, 2018",9.99,HandyGames,0,41,False,0
1129310,Receiver 2,"Apr 14, 2020",19.99,Wolfire Games,0,1923,True,0
441550,STAR WARS™ Rebellion,"Mar 1, 2016",5.99,Coolhand Interactive,0,874,False,0
1599130,#tacticalunderground arcade,"Oct 23, 2021",0.0,Pavel Repin,0,9,True,0
621780,Virtually Impossible,"Apr 13, 2017",9.99,Growl Interactive,0,11,False,0
855670,荒野寻踪,"Jun 1, 2018",4.99,Wu Zhang,0,2,False,0
430930,Z. Year One,"Feb 22, 2017",14.99,Downward Viral,0,30,False,0
615780,Nancy Drew®: Treasure in the Royal Tower,"May 22, 2017",9.99,HeR Interactive,0,97,False,0
1188630,Twitchoos RUN: Socks & Stream,"Jun 23, 2020",0.0,Raf1Dev,0,10,False,0
1631830,Squish,"Jun 28, 2022",14.99,Grave Rave Games,0,12,False,0
1274310,东方鬼神玉 ~ I wanna be the Yin-Yang orb,"May 17, 2020",3.99,Popover Studio,0,14,False,0
1812130,Hot Hentai Puzzle Vol.2,"Nov 22, 2021",0.99,Milk Game Studio,0,0,False,0
1398990,ANCIENT SOULS: Starship Renata,"Sep 4, 2020",4.99,OE WORKS,0,1,False,0
504750,Lew Pulsipher's Doomstar,"Sep 16, 2016",9.99,Large Visible Machine,0,20,True,0
372360,Tales of Symphonia,"Feb 1, 2016",19.99,BANDAI NAMCO Entertainment Inc.,0,3445,False,0
1257590,Spinner Invaders,"Sep 28, 2021",1.99,Wobi Games,0,0,False,0
467220,Dyna Bomb,"May 13, 2016",1.99,7 Raven Studios,0,31,False,0
344800,World of Mixed Martial Arts 3,"Mar 19, 2015",19.99,Grey Dog Software,0,104,False,0
1877620,Fear Therapy Playtest,"Feb 27, 2022",0.0,Unknown,0,0,False,0
61100,Lucid,"Jul 19, 2011",4.99,YeaBoing,0,190,False,0
879450,The Chambers,"Jul 2, 2018",1.99,Igor Krutov's games,0,4,False,0
1809160,Scrapvival,"Nov 22, 2021",0.0,Matus Pavkeje,0,0,True,0
1124260,Snowtopia: Ski Resort Builder,"Jan 26, 2021",24.99,TeaForTwo,0,460,True,0
821670,Horse Farm,"Jul 17, 2018",0.0,"Independent Arts Software,upjers",0,118,False,0
837900,Bitcoin Trader,"May 3, 2018",0.59,Zloy Krot Studio,0,28,False,0
1769160,Whispers of Ancient Stone,"Mar 18, 2022",0.0,Terran Olson,0,0,True,0
473510,Gal-X-E,"May 14, 2016",0.0,Volens Nolens Games,0,66,False,0
1809860,Mech Arena,"Dec 11, 2021",5.99,Scarlet Whale,0,1,False,0
1535320,Virtuxy,"Feb 23, 2021",0.99,Virtuatech,0,0,False,0
1062480,Songs of Skydale,"Aug 21, 2019",7.99,Kaskuja Studio,0,16,False,0
1502990,Atelier Lydie & Suelle: The Alchemists and the Mysterious Paintings DX,"Apr 21, 2021",39.99,"KOEI TECMO GAMES CO., LTD.",0,138,False,0
722080,Blue Snake Adventures,"Oct 20, 2017",0.99,Bacq Stellan,0,8,False,0
932310,Hentball,"Sep 24, 2018",0.99,"Metal Fox,PashaPencil",0,4,False,0
870940,Brainstorm Party,"Sep 14, 2018",1.99,Golden Laugh Studio,0,0,False,0
1559570,Hellstuck: Rage With Your Friends,"May 27, 2022",4.99,Terror Dog Studio,0,51,False,0
1867930,Mini Putt Camelot,"Jun 1, 2022",9.99,Arctic Arcade,0,6,False,0
1629920,DepowerBall Playtest,"May 10, 2021",0.0,Unknown,0,0,False,0
878640,LO-OP,"Jul 29, 2018",0.99,Paleno Games,0,10,True,0
1814150,Atomic Cyclecar Racing,"Nov 30, 2021",9.99,Prime,0,4,True,0
1353050,My Isekai After Life is an RPG!?,"Jul 17, 2020",5.99,Nyanko Games,0,5,False,0
1622640,Search,"Nov 6, 2021",1.99,Team_Bug,0,3,False,0
261110,Killer is Dead - Nightmare Edition,"May 23, 2014",19.99,KADOKAWA GAMES / GRASSHOPPER MANUFACTURE,0,5828,False,0
1216880,Risen Kingdom,"Feb 28, 2020",9.99,"MyDreamForever,Tazdraperm",0,202,False,0
1051060,Cookie Invaders,"Dec 1, 2020",19.99,Igniting Spark Games,0,4,False,0
1152920,N.a.N Industry VR,"Sep 20, 2019",0.0,Armin Rigo,0,12,False,0
1111760,World of Guns: VR,"Dec 21, 2019",0.0,Noble Empire Corp.,0,24,False,0
931840,Bunny Count,"Jan 22, 2021",0.99,Crypto Sports Games,0,1,False,0
578930,LOVE 2: kuso,"Nov 7, 2017",4.99,Fred Wood,0,188,True,0
292910,Deponia: The Complete Journey,"Jul 8, 2014",2.99,Daedalic Entertainment,0,5047,True,0
397860,Carnivore Land,"Mar 9, 2016",7.99,dwCrew,0,17,True,0
1241020,Idle Warrior,"Feb 21, 2020",1.99,BUG DUCK GAMES,0,36,False,0
1146280,Horace:First Trip,"Oct 5, 2019",1.99,UpReality,0,1,False,0
1668580,Valor,"Aug 3, 2021",0.0,Sillybilly2454,0,0,False,0
696560,Bouncing Duck Simulator,"Sep 8, 2017",4.99,"EYEJAM STUDIOS,Damien Sueur",0,101,False,0
331480,Pinstripe,"Apr 24, 2017",14.99,Atmos Games,0,1990,True,0
1917410,Elemental Angel Ⅱ,"Mar 17, 2022",3.99,Small Game,0,13,False,0
264280,99 Levels To Hell,"Feb 19, 2014",4.99,"Zaxis Games,B-evil",0,362,True,0
1601080,King of Heroes,"Feb 3, 2022",9.99,Paper Fan Games,0,4,False,0
1510600,Anime Arena: Infinite War,"Apr 3, 2021",2.49,PaulArt,0,3,False,0
370040,Lilly and Sasha: Nexus of Souls,"May 25, 2015",0.0,John Wizard,0,39,False,0
1015150,PrincessGuardians,"Feb 2, 2019",4.99,TetraProject,0,1,False,0
1106530,GemCraft - Frostborn Wrath,"Jan 10, 2020",12.99,Game in a Bottle,0,1900,False,0
1003010,Clicker Warriors,"Oct 22, 2019",0.0,Open World Interactive,0,44,False,0
385840,The Beard in the Mirror,"Oct 25, 2016",8.99,"Oh, a Rock! Studios",0,16,False,0
559960,Power Hover,"Jan 10, 2017",3.99,Oddrok,0,254,False,0
281750,Munin,"Jun 10, 2014",0.54,Gojira,0,676,True,0
979810,Grave Keeper,"Mar 29, 2019",0.99,Baldur Games,0,38,False,0
1043690,Investi-Gator: The Case of the Big Crime,"Jun 30, 2019",4.99,Games By Bees,0,34,False,0
1303000,Proxy Air Force,"May 29, 2020",0.99,Anamik Majumdar,0,1,True,0
260430,The Four Kings Casino and Slots,"Jun 1, 2015",0.0,Digital Leisure Inc.,0,2414,False,0
757490,Mapas do Horizonte - Um jogo para conhecer BH,"Apr 13, 2018",0.0,LED - UFMG,0,8,False,0
1237570,Samozbor ID:HEAVEN,"Mar 20, 2020",0.99,derevotyan,0,45,True,0
1478420,Poco In Dungeon,"Dec 21, 2020",1.47,Sonic-Alpha,0,11,False,0
953230,Quiver Dick's Terrible Tale For Terrible Parents To Read To Their Equally Terrible Children,"Oct 26, 2018",0.99,Crankage Games,0,102,False,0
1384870,Drifters Loot the Galaxy - Beta,"Aug 14, 2020",0.0,"Blind Squirrel Entertainment, Inc.",0,18,False,0
749840,The Boogie Man,"Feb 12, 2018",2.99,Uri Games,0,123,False,0
457890,TumbleSeed,"May 2, 2017",14.99,"Benedict Fritz,Greg Wohlwend,Joel Corelitz,David Laskey,Jenna Blazevich",0,162,False,0
1417130,Planet LEV,"Dec 10, 2020",0.0,"Children of Cyberspace,In-Dialog Collective",0,4,False,0
621140,EGG HUNT VR,"Apr 3, 2018",3.99,ThinkVirtual LLC,0,3,False,0
940680,The Textorcist: The Story of Ray Bibbia,"Feb 14, 2019",14.99,MorbidWare,0,827,False,0
1637490,Alone on Mars,"Aug 30, 2021",3.99,Gnelf,0,16,False,0
809570,Ignis Avis Venatio,"Mar 12, 2018",19.99,BOMHAT and Ezyn,0,2,True,0
1397360,Shattered Runes,"Feb 13, 2021",4.99,Jérôme Braëms,0,0,True,0
955610,OpenVR Benchmark,"Dec 20, 2019",0.0,Stonebrick Studios UG,0,44,False,0
605790,Queen's Tales: The Beast and the Nightingale Collector's Edition,"Mar 15, 2017",9.99,AMAX Interactive,0,4,False,0
37600,Windosill,"Sep 25, 2009",2.99,Vectorpark,0,968,False,0
512740,Flat Path,"Aug 24, 2016",0.99,GooDCrafter,0,66,True,0
1611760,A Sketchbook About Her Sun,"Jun 11, 2021",4.99,Team SolEtude,0,11,False,0
16900,GROUND BRANCH,"Aug 14, 2018",29.99,BlackFoot Studios,0,7942,False,0
1435780,Farm Frenzy: Refreshed,"Jan 27, 2021",8.99,GameOn Production,0,78,False,0
1930,Two Worlds Epic Edition,"Apr 30, 2009",2.49,Reality Pump Studios,0,3777,True,0
1890280,Athemore,"Apr 9, 2022",9.99,Aces Games,0,6,False,0
1678080,Missing - The Complete Saga Playtest,"Nov 16, 2021",0.0,Unknown,0,0,False,0
447020,Farming Simulator 17,"Oct 24, 2016",14.99,GIANTS Software,0,19655,False,0
321390,Zone 22,"Jul 31, 2015",7.99,Nordic Legacy,0,1,False,0
1734600,One against the wind,"Feb 8, 2022",9.99,Game bord,0,0,False,0
498700,The Ember Saga: A New Fire,"Aug 26, 2016",6.99,TSGS,0,9,False,0
1193460,Bunny Sudoku,"Nov 29, 2019",2.99,DillyFrame,0,9,True,0
1140260,Blade Warrior,"Sep 5, 2019",4.99,Image Works,0,2,True,0
502770,Voodoo Garden,"Aug 4, 2016",2.99,M. Hanka,0,549,False,0
1122050,Gensokyo Night Festival,"Oct 13, 2019",12.99,"WSS playground,tea_basira",0,3526,False,0
748110,Kitten Madness,"Dec 31, 2017",6.99,David Ogden,0,6,False,0
723050,Neon Rage,"Nov 1, 2018",9.99,Ascendant Studio,0,1,False,0
1067440,RollingSky2,"Mar 31, 2020",6.49,Cheetah Mobile Inc.,0,79,False,0
1256670,Library Of Ruina,"Aug 10, 2021",29.99,ProjectMoon,0,13330,False,0
810760,Starman's VR Experience,"Mar 20, 2018",0.0,Playful Armadillo,0,20,False,0
473810,Killbot,"Jul 10, 2016",0.99,"nobodyshot,diman production",0,38,False,0
1604800,LIP! Lewd Idol Project Vol. 1,"Jun 23, 2021",6.99,Toffer Team,0,0,True,0
31830,Nancy Drew®: Curse of Blackmoor Manor,"Oct 10, 2009",6.99,HeR Interactive,0,224,False,0
555830,Vecitas,"Apr 12, 2017",7.99,Patagoniart,0,13,False,0
336930,Redux: Dark Matters,"Dec 12, 2014",9.99,KTX Software,0,22,False,0
1617900,Head 2 Head,"Jun 28, 2021",5.99,ArcForged,0,26,False,0
708580,The Exorcist: Legion VR - Chapter 1: First Rites,"Nov 22, 2017",4.99,Wolf & Wood Interactive Ltd,0,197,False,0
964570,DCL - The Game,"Feb 18, 2020",29.99,"Drone Champions AG,Climax Studios",0,536,False,0
1213770,Blastboard,"Feb 28, 2020",1.99,Enigmatic Network,0,41,False,0
1003150,TRANSIT,"Jun 3, 2022",9.99,SPLR Studio,0,0,False,0
1106920,Nyanco,"Jul 12, 2019",0.59,Nyanco Channel,0,53,False,0
1639420,Hisui no Kikai,"Jan 10, 2022",1.99,Rexarfix,0,0,False,0
1059260,Data mining 0,"Apr 12, 2019",1.99,Blender Games,0,4,False,0
1853850,A lost jellyfish: Return to its parents,"Jan 24, 2022",0.99,GoatDragonStudio,0,1,False,0
1165140,Picross Love,"Jan 17, 2020",1.99,Inlet Pipe Productions,0,22,False,0
1475170,Boots Versus Plants,"Mar 14, 2021",0.91,Dnovel,0,19,False,0
643610,Mortal Blitz,"Jul 19, 2017",19.99,Skonec Entertainment,0,50,False,0
791950,Hiking Simulator 2018,"Dec 30, 2018",0.49,Shoho Games,0,8,False,0
1501440,Fritz & Chesster - Learn to Play Chess Vol. 1,"Feb 8, 2021",24.99,ChessBase GmbH,0,2,False,0
1063580,Aeon's End,"Sep 17, 2019",14.99,Handelabra Games Inc.,0,241,True,0
250660,Bunny Must Die! Chelsea and the 7 Devils,"Sep 26, 2013",0.0,Platine Dispositif,0,236,False,0
542400,Pixel Gladiator,"Sep 8, 2017",4.99,Flying Islands Team,0,278,False,0
1852280,Regiments Playtest,"Dec 24, 2021",0.0,Unknown,0,0,False,0
1295750,Jack Hayes: The Lazarus Sign,"Sep 8, 2020",0.0,Stefan Ortelbach,0,3,False,0
955290,The Blood Eclipse,"Oct 20, 2018",3.99,Only Human Studios,0,0,True,0
1221280,Run Dude,"Jan 24, 2020",1.99,Skull Box Games,0,42,False,0
919610,The Ball Encounter,"Sep 2, 2018",0.0,XiaogengXu,0,6,False,0
1450800,Lilith Odyssey,"Aug 20, 2021",19.99,Chaystar Unlimited LLC,0,32,False,0
744800,Banyu Lintar Angin - Little Storm -,"Jan 11, 2018",0.0,Mojiken,0,643,False,0
500750,GI Racing 2.0,"Jul 22, 2016",0.0,TGI Game Studio,0,35,False,0
550080,VALKYRIE DRIVE -BHIKKHUNI-,"Jun 20, 2017",29.99,"Meteorise,HONEY∞PARADE GAMES",0,920,False,0
1274400,Prisoner Breaker,"Apr 14, 2020",7.99,Aaron Dodo,0,0,False,0
1022530,SUBARACITY,"Apr 3, 2019",4.99,"ESQUADRA,inc.",0,10,False,0
1030970,Dream Rose,"Feb 27, 2019",4.99,Supreme,0,36,False,0
1525200,The Lost Legends of Redwall: The Scout Act III Playtest,"Oct 1, 2021",0.0,Unknown,0,0,False,0
1381360,Lair Hockey,"Apr 12, 2021",9.99,Never Written Games,0,2,True,0
582370,Snowflake's Chance,"Mar 16, 2017",2.99,CarlMorganArt,0,19,False,0
1878240,Society's Paradigms Playtest,"Feb 5, 2022",0.0,Unknown,0,0,False,0
1478620,Return of the Heir,"Dec 16, 2020",4.99,Prime Bit Games SA,0,15,False,0
1017180,The Long Drive,"Sep 25, 2019",11.99,Genesz,0,10644,False,0
1253240,Super Astreus 2,"Apr 14, 2020",19.99,4M2Q Studios,0,1,True,0
424640,Karaski: What Goes Up...,"Mar 2, 2016",11.99,Unbound Creations,0,48,False,0
909190,Escape Lala - Retro Point and Click Adventure,"Feb 14, 2019",0.0,DuckbearLab,0,264,False,0
715060,Lost in the Forest,"Sep 30, 2017",0.51,Mihai Morosanu,0,19,True,0
1520280,HENTAI CLIMBING,"Apr 9, 2021",0.99,Sweet Games,0,0,False,0
570000,Old Friend,"Dec 22, 2016",2.99,Tyler Hurd,0,132,False,0
546700,The Butterfly Sign,"Dec 13, 2016",4.99,"Quantum Phoenix Studio,Michail Romanov,Denis Esie,Bogdan Rozymny,Artem Lynev,Artur Samoylenko",0,123,False,0
1871620,Covid Simulator,"Jan 25, 2022",4.99,Coldrice Games LLC,0,51,False,0
1709500,Adorable Witch 2,"Oct 21, 2021",1.99,Lovely Games,0,347,False,0
34279,Space Harrier™ II,"Jun 1, 2010",0.99,SEGA,0,7,True,0
719890,Beasts of Bermuda,"Dec 21, 2018",19.99,"Sastrei Studios, LLC",0,4107,False,0
2067340,Aliens After Ava Playtest,"Jul 6, 2022",0.0,Unknown,0,0,False,0
744440,The Breeding: The Fog,"Dec 1, 2017",4.99,GBROSSOFT,0,6,False,0
1139100,An Egg Can Dream,"May 19, 2020",6.99,Floor Chicken,0,3,False,0
844380,Cave Digger VR,"May 9, 2018",7.99,VRKiwi,0,259,False,0
1105510,Yakuza 5 Remastered,"Jan 28, 2021",19.99,Ryu Ga Gotoku Studio,0,2391,False,0
1355500,ベオグラードメトロの子供たち / Children of Belgrade Metro,"Sep 11, 2020",8.99,Summertime,0,0,False,0
874260,The Forgotten City,"Jul 28, 2021",24.99,Modern Storyteller,0,5673,False,0
1644810,Navy Strike,"Oct 7, 2021",0.99,Rowan Software Ltd.,0,0,False,0
1773390,The Northern Gate : Special agent,"Oct 13, 2021",1.99,Junhyuk Yang,0,1,False,0
843010,"Orb Labs, Inc.","Jun 11, 2018",8.99,Next Friday Interactive,0,25,False,0
708680,Octopus Bar,"Sep 22, 2017",0.0,Thomas Meduri,0,107,False,0
1463730,Arid,"Jun 29, 2021",0.0,Sad Viscacha Studio,0,1126,False,0
1354460,miniStrike,"Nov 1, 2020",1.99,Pollapee Sroysuwan,0,2,True,0
477170,Chamber 19,"Oct 21, 2016",14.99,"Deepak M.,Grant B.",0,31,False,0
596270,Tales of Terror: Crimson Dawn,"Mar 1, 2017",6.99,Deep Shadows Games,0,2,False,0
686490,ArkanoidSmoking,"Aug 14, 2017",0.99,StalkerAlex..,0,4,False,0
427880,P.A.M.E.L.A.®,"Jun 18, 2020",24.99,NVYVE® Studios,0,529,False,0
732820,Green Blood,"Jun 3, 2018",9.9,AJJA,0,1,False,0
48190,Assassin’s Creed® Brotherhood,"Mar 22, 2011",19.99,Ubisoft Montreal,0,13831,False,0
549740,Indie Game Sim,"Dec 8, 2016",7.99,Lost Decade Games,0,53,False,0
841210,WW Fantasy,"May 4, 2018",2.99,Lcc,0,48,False,0
275200,Westerado: Double Barreled,"Apr 16, 2015",14.99,Ostrich Banditos,0,1591,False,0
860880,Castle: Jigsaw Puzzles,"May 23, 2018",0.49,Boogygames Studios,0,12,False,0
1671220,G-MODEアーカイブス28 セパスチャンネル,"Jul 26, 2021",4.99,G-MODE,0,3,False,0
1120560,Sense - 不祥的预感: A Cyberpunk Ghost Story,"Aug 25, 2020",19.99,Suzaku,0,392,True,0
661610,Yama,"Aug 28, 2017",0.0,Ivan Huang,0,1,False,0
1003400,The Lord of the Rings: Journeys in Middle-earth,"Apr 18, 2019",0.0,Fantasy Flight Games,0,504,False,0
1295510,DRAGON QUEST® XI S: Echoes of an Elusive Age™ - Definitive Edition,"Dec 4, 2020",39.99,Square Enix,0,5361,False,0
760630,Tennis Elbow Manager 2,"Jun 2, 2021",29.99,Mana Games,0,156,False,0
1040890,Slime Simulator Games,"Apr 1, 2019",0.0,Solid Apps Inc,0,11,False,0
974680,A night with Natalie,"Nov 14, 2018",1.99,Sensual Dreamers,0,0,False,0
1125980,VoxelSuite,"Oct 15, 2020",0.0,Drakeling Labs,0,2,False,0
725890,Assembly League,"Aug 23, 2018",0.0,"INESSOFT,Leon Botha,Leobot Electronics",0,0,False,0
1070440,Dark Miasma,"Oct 17, 2019",14.99,Uncommon Potential Games,0,11,False,0
372670,Eternal Realm,"May 18, 2015",0.0,Omega Games,0,8,False,0
629360,The Falling Nights ®,"May 18, 2017",4.99,"Delusion Arts Entertainment, LLC",0,2,False,0
428110,Save Halloween: City of Witches,"May 9, 2016",4.99,Quick Click Games,0,26,False,0
1667550,Swimmer Admiration,"Jan 20, 2022",15.99,PUSH! Soft,0,0,False,0
574520,EnterVR,"Feb 13, 2017",9.99,Charming Game Studio,0,2,False,0
1712890,Desolation Tycoon,"Jan 14, 2022",7.19,Iron Boar Labs Ltd.,0,17,False,0
299090,Cosplay Maker,"Dec 10, 2015",0.0,Locked Door Puzzle,0,23,True,0
586380,VITATIO 2,"Apr 11, 2017",0.99,ColloseusX,0,324,False,0
1753010,Scale Enchanter,"Oct 15, 2021",0.99,XD Games Studio,0,20,False,0
1833850,HelloWorld:ESCAPE,"Feb 16, 2022",1.99,SandwichStudio,0,13,False,0
1241250,Notera,"Feb 20, 2020",0.0,Dmitri Oehling,0,0,False,0
1586620,Robot.Start - Puzzle Game,"Apr 26, 2021",0.99,Misc.261,0,17,False,0
487600,Puzzles Under The Hill,"Jun 10, 2016",0.99,EnsenaSoft,0,69,False,0
365070,One Manga Day,"May 4, 2015",0.0,DeXP,0,541,True,0
1892810,Fishy Business,"Feb 21, 2022",24.99,TriponikaJik,0,12,False,0
1635440,Operation F.A.T.E.,"Jun 4, 2021",2.99,Flash Phase Studios,0,0,False,0
1715720,MouthSimulater: MelonSeedsCracker,"Aug 24, 2021",1.99,WANGXING,0,2,False,0
1773200,NMNE,"Nov 8, 2021",9.99,AK Studio,0,44,False,0
580560,Hero Barrier,"Mar 30, 2017",3.99,The Rock Studio,0,22,False,0
1450240,Summoner Apprentice,"Dec 7, 2020",2.19,Unknown Magic,0,6,False,0
1486660,Dragon VR,"May 1, 2021",0.0,Anvio,0,59,False,0
1905270,Aery - A New Frontier,"May 13, 2022",9.99,EpiXR Games UG,0,50,False,0
1687330,Lostria Playtest,"Jul 13, 2021",0.0,Unknown,0,0,False,0
1107130,The Way of Cinnamon,"Jul 15, 2019",0.0,Purple Giraffe Games,0,19,False,0
1343580,Scary Hospital Horror Game,"Jul 2, 2020",2.99,Next Generation Gaming,0,11,False,0
1510460,Chicken Invaders Universe,"Apr 16, 2021",0.0,InterAction studios,0,1538,False,0
666800,Solitaire - Cat Pirate Portrait,"Jul 12, 2017",0.59,Boogygames Studios,0,20,False,0
953340,Colourless,"Oct 3, 2018",2.99,Outrage Games,0,7,False,0
1147560,Skul: The Hero Slayer,"Jan 20, 2021",19.99,SouthPAW Games,0,32454,True,0
212780,New Star Soccer 5,"Sep 27, 2012",9.99,New Star Games,0,332,False,0
1692680,Luminus Playtest,"Jul 12, 2021",0.0,Unknown,0,0,False,0
1768100,Heatris,"Nov 25, 2021",0.99,Alexandre Martins Pereira,0,2,False,0
1846330,Nope Nope Nurses,"Jan 25, 2022",19.99,Dark One!,0,191,False,0
1291310,MINE,"May 1, 2020",0.99,GENIE,0,0,False,0
1309860,Family Mysteries 3: Criminal Mindset,"Jul 16, 2020",14.99,Brave Giant LTD,0,66,True,0
727320,Operation Desert Road,"Oct 20, 2017",4.99,RewindApp,0,15,False,0
549160,Army Men,"Dec 20, 2017",5.99,The 3DO Company,0,66,False,0
1184160,RUSSIAPHOBIA,"Dec 25, 2020",0.49,European Flameworms,0,2965,True,0
1182940,Movavi Video Converter Premium 2020,"Nov 25, 2019",64.95,Movavi Software,0,55,False,0
670130,Jam Studio VR,"Sep 24, 2017",19.99,"Beamz Interactive, Inc.",0,11,False,0
1486720,HandsON,"Mar 1, 2021",8.99,"Another Kind of Blue,Dutch Tilt Studio",0,0,False,0
874880,Hat Hunters,"Jun 30, 2018",0.0,Nicholas Ingulfsen,0,6,True,0
726590,NBA 2K Playgrounds 2,"Oct 15, 2018",29.99,Saber Interactive,0,1374,False,0
665620,Zombie Hobby VR,"Jun 29, 2017",0.0,Pointlight Games,0,9,False,0
1941760,Irritability & Mood Swings,"Apr 16, 2022",1.99,Black Ivy Games,0,8,False,0
1702050,The Machines Arena Playtest,"Aug 19, 2021",0.0,Unknown,0,0,False,0
1134730,Wetpants,"Aug 23, 2019",0.0,Arke Games,0,8,False,0
802320,Tennis Kings VR,"Apr 23, 2018",14.99,Appnori Inc.,0,1,False,0
1292270,Late Stage Inferno,"Sep 13, 2020",0.99,Liam Clift,0,1,False,0
559260,Wayward Souls,"Aug 28, 2019",6.74,Rocketcat Games,0,129,False,0
1218560,Bato: Treasures of Tibet,"Jan 16, 2020",1.23,MD Studio,0,10,False,0
1369340,Cats Organized Neatly,"Oct 12, 2020",2.09,DU&I,0,1934,False,0
1300050,A Story In Space,"Aug 19, 2020",0.0,Joshua Cutting,0,6,False,0
1894650,Music Thief,"Mar 1, 2022",2.99,Reforged Group,0,0,False,0
1429820,Neko Nyaa~,"Mar 22, 2022",0.79,BrickCream,0,4,False,0
331210,"Bolt Riley, A Reggae Adventure","Feb 8, 2018",4.99,"Adventure Mob,Corbomite Games",0,23,True,0
1097820,The Hunger: Games Ensemble,"Nov 3, 2020",3.99,Spacetronaut Ltd Co,0,54,False,0
431640,Doodle Kingdom,"Jun 9, 2016",8.99,JoyBits Ltd.,0,76,True,0
1524710,Dark Flowers,"Feb 3, 2021",0.99,Dawnwing House,0,24,False,0
532190,Super Blood Hockey,"Aug 17, 2017",14.99,Loren Lemcke,0,785,True,0
1212300,Reek,"Jan 31, 2020",3.99,van der Plauze,0,17,False,0
536960,No Way Out - A Dead Realm Tale,"Oct 26, 2018",19.99,Game Mechanic Studios,0,17,False,0
1354800,Really Bad Flying Machine,"Jul 27, 2020",11.99,Eyal Hazor,0,1,True,0
1674160,DeHexTD,"Jul 8, 2021",4.99,reiti.net,0,1,False,0
1450080,The Legend of Heroes: Sen no Kiseki III,"Mar 24, 2021",44.99,Nihon Falcom,0,201,False,0
1762520,Guardians of Greenheart,"Oct 16, 2021",7.99,Silver Cloud Games,0,1,False,0
806300,Quotes Quest - Match 3,"Jan 17, 2019",2.99,GamesByLD,0,0,False,0
1392690,Gravitational,"Nov 10, 2021",9.99,Electric Monkeys,0,2,False,0
1546870,Horny Girls Hentai,"Mar 19, 2021",0.99,IlluminatiGames,0,0,True,0
1852850,Signum Perfectum Playtest,"Dec 18, 2021",0.0,Unknown,0,0,False,0
1045720,The Coma 2: Vicious Sisters,"Jan 28, 2020",14.99,Devespresso Games,0,1988,True,0
711450,Orb The Ball,"Sep 18, 2017",0.99,Dror Riov,0,17,False,0
604740,Danger Zone,"May 29, 2017",14.99,Three Fields Entertainment,0,112,False,0
887550,Dimetrosaur,"Sep 8, 2018",4.99,Grade 9 Games,0,29,False,0
588970,Oik,"Feb 14, 2017",0.74,Crew Lab,0,1374,False,0
1405170,"VR historical journey to the age of Crusaders: Medieval Jerusalem, Saracen Cities, Arabic Culture, East Land","Sep 22, 2020",9.99,William at Oxford,0,4,False,0
1779560,Donut Dodo,"Jun 3, 2022",4.99,pixel.games,0,64,False,0
1424500,Secret of The Lost Keys - Episode I: The Attack on Disred,"Oct 5, 2020",1.99,Jose Luis Escobar,0,7,False,0
1089000,Wing Pro 7,"Jun 3, 2019",89.99,Wingware,0,12,True,0
1432680,Mechanic 8230: Escape from Ilgrot,"Apr 13, 2022",9.09,Nudiventra,0,33,True,0
1610060,Echoes,"Dec 16, 2021",4.99,Baba Nura,0,22,False,0
56437,"Warhammer 40,000: Dawn of War II: Retribution","Feb 28, 2011",29.99,"Relic Entertainment,Feral Interactive (Mac/Linux)",0,9628,True,0
589100,The Moonstone Equation,"Aug 20, 2018",9.99,Andy Buck,0,16,False,0
1971360,Fruit farmer,"Jun 14, 2022",9.99,Macro games,0,2,False,0
383100,Fragile Allegiance,"Jun 30, 2015",5.29,"Gremlin Interactive,Interplay Entertainment",0,79,False,0
1277970,I'mitation The Eight Suicide Note,"Apr 19, 2020",0.0,"木枯組,木枯リオ",0,53,False,0
319450,Chariot,"Nov 12, 2014",1.49,Frima Studio,0,293,False,0
1526360,Customers From Hell - Game For Retail Workers (Zombie Survival Game),"Aug 3, 2021",6.39,Steelkrill Studio,0,1,False,0
1364400,The Holy City,"Aug 1, 2020",19.99,"Holy City VR,Nimrod Shanit,Sean Thomas Evans",0,4,False,0
1013580,Manna for our Malices,"Feb 11, 2019",0.99,John Ohno,0,15,True,0
1240290,Infestation: Battle Royale,"Mar 4, 2020",0.0,Fredaikis AB,0,127,False,0
1013600,Rodent Warriors,"Jan 17, 2020",9.99,"Kevin Smeltzer,Azucena Nuñez",0,12,False,0
345260,Medieval: Total War™ - Collection,"Jun 25, 2015",9.99,CREATIVE ASSEMBLY,0,1116,False,0
814640,Sleepwalker,"Apr 13, 2018",4.99,Ocean Software,0,5,False,0
1488200,Symphony of War: The Nephilim Saga,"Jun 10, 2022",19.99,Dancing Dragon Games,0,2370,False,0
1173610,MouseWars,"Dec 5, 2019",0.0,[r]labs,0,7,False,0
260210,Assassin’s Creed® Liberation HD,"Jan 15, 2014",19.99,Ubisoft Sofia,0,1254,False,0
1014470,Fates 8 Stories (F8S),"Feb 5, 2019",7.99,Horizon Psytech & Games,0,9,False,0
343440,Crash Drive 2,"May 28, 2015",1.24,M2H,0,1103,True,0
1753250,Rogue Planet Archived,"Oct 22, 2021",0.0,3ofSpades,0,0,False,0
1149910,Binky show,"Dec 4, 2019",14.99,Ignite studio,0,2,False,0
914690,Hentai Shooter 3D,"Sep 1, 2018",0.49,КиКо,0,419,False,0
896880,Bouncing Over It with friends,"Aug 8, 2018",4.99,"EYEJAM STUDIOS,Damien Sueur",0,32,False,0
1602100,HS Galaxy,"May 14, 2021",1.99,Manga Games Studio,0,0,False,0
1243930,Clipped,"Mar 27, 2020",2.99,ducc,0,6,False,0
800620,Fallen Hero: Rebirth,"Mar 15, 2018",3.99,Hosted Games,0,255,True,0
1930100,Solitaire Match 2 Cards. Thanksgiving Day,"Apr 17, 2022",4.99,Creobit,0,1,False,0
953580,Tourist Bus Simulator,"Dec 6, 2018",29.99,"TML-Studios,PEDEPE",0,1728,False,0
1390580,Curse Lsland,"Aug 26, 2020",29.99,sheen.games,0,12,False,0
339600,VEGA Conflict,"Dec 14, 2015",0.0,KIXEYE,0,2591,False,0
1779960,Salome's Kiss,"Apr 26, 2022",12.99,ebi-hime,0,35,True,0
736260,Baba Is You,"Mar 13, 2019",14.99,Hempuli Oy,0,15787,True,0
1531540,Distant Worlds 2,"Mar 10, 2022",49.99,CodeForce,0,1328,False,0
576540,Brother Wings,"Jan 10, 2017",0.99,Brogames,0,44,False,0
1298620,GAMECINE VR,"Jul 18, 2022",18.74,Microblast Games,0,6,False,0
1487410,A.V.A Playtest,"Nov 24, 2021",0.0,Unknown,0,0,False,0
1318150,Beautiful Model2,"Jul 10, 2020",4.99,MCGame,0,0,False,0
1436040,Guns Boy,"Oct 15, 2020",1.99,Luci Entertainment,0,12,False,0
1525620,The Architect: Paris,"Sep 30, 2021",17.99,Enodo Games,0,158,False,0
997480,The Far Kingdoms: Age of Solitaire,"Dec 29, 2018",4.99,Lazy Turtle Games,0,24,False,0
1776120,Starry Moon Island 2,"Nov 7, 2021",0.0,TigerQiuQiu,0,0,False,0
659000,Meta Star,"Aug 23, 2017",0.0,Lost-Ride Studios,0,9,False,0
1274440,Jack Walker: Ethereal,"Oct 14, 2020",14.99,ROG STUDIOS,0,11,False,0
1895780,Sexy Space Airlines,"Mar 23, 2022",0.0,Playduction,0,0,False,0
927190,Doll of Resurrection,"Sep 21, 2018",3.99,KX  Games,0,27,False,0
1789230,ToyPark Playtest,"Nov 6, 2021",0.0,Unknown,0,0,False,0
1227760,Zip! Speedster of Valiant City,"Feb 20, 2020",4.99,Choice of Games,0,3,True,0
1193530,Black Smith,"Dec 18, 2019",19.99,XXIV,0,0,False,0
383710,Princess Kaguya: Legend of the Moon Warrior,"Aug 4, 2015",10.99,Zoo Corporation,0,25,False,0
266210,One Way Heroics,"Feb 28, 2014",3.49,Smoking WOLF,0,3659,False,0
1831720,Treasure Temples,"Feb 3, 2022",7.99,GAMEDIA,0,11,False,0
250400,How to Survive,"Aug 29, 2014",14.99,Eko Software,0,13796,False,0
1141120,Scarlet Hood and the Wicked Wood,"Apr 8, 2021",14.99,Devespresso Games,0,139,True,0
1038380,PuppetShow: Porcelain Smile Collector's Edition,"Feb 23, 2019",9.99,AMAX Interactive,0,8,False,0
1393120,Get Out! Snakes!,"Oct 2, 2020",0.99,Coffee Studio,0,17,False,0
495910,Dungeon Fighter Online,"Aug 9, 2016",0.0,Neople,0,2987,False,0
1241690,Fatal Wings,"Mar 5, 2020",3.99,Brain Lab Studio,0,1,False,0
661440,Prelude for a Dream,"Jun 27, 2017",0.49,"Diego Fernandes Malinowsky,Daniel Fernandes Malinowsky,Altanir Aparecida Fernandes Malinowsky",0,8,False,0
466660,Stash,"Sep 7, 2017",0.0,Frogdice,0,437,True,0
9730,Tycoon City: New York,"Mar 12, 2008",1.99,Unknown,0,0,False,0
580930,Redneck Deer Huntin',"Jun 20, 2017",9.99,Xatrix Entertainment,0,7,True,0
327920,BloodNet,"Oct 17, 2014",1.39,"MicroProse Software, Inc",0,22,True,0
1552400,Pirate Island,"Mar 13, 2021",2.99,ImperiumGame,0,17,False,0
928660,Count Logica,"Oct 26, 2018",1.99,Smokey Moose Games,0,20,True,0
214870,Painkiller Hell & Damnation,"Oct 31, 2012",19.99,The Farm 51,0,2805,True,0
1251630,Brick Breaker VR,"Apr 1, 2020",1.74,KatriGames,0,0,False,0
1553910,My Friend Stalin,"Jun 18, 2021",0.99,Sweet Games,0,242,False,0
266470,Dark Horizons: Mechanized Corps,"Jul 22, 2014",0.0,"Max Gaming Technologies, LLC",0,37,False,0
307110,We Need To Go Deeper,"Aug 1, 2019",15.99,Deli Interactive LLC,0,4145,True,0
1372280,MELTY BLOOD: TYPE LUMINA,"Sep 29, 2021",49.99,"FRENCH-BREAD,TYPE-MOON,Lasengle Inc.,TAMSOFT CORPORATION,GameLoop Inc.",0,4030,False,0
363090,NOBUNAGA'S AMBITION: Kakushin with Power Up Kit,"Jun 25, 2015",54.99,"KOEI TECMO GAMES CO., LTD.",0,165,False,0
1250280,Путешествие паладина,"Aug 27, 2021",0.0,Nalia,0,0,False,0
1380110,Sprite Basic 2 Game Engine,"Aug 7, 2020",11.99,Pix Arts,0,0,False,0
519080,Soda Girls,"Jun 7, 2018",8.99,Bomber Studio,0,267,True,0
348740,Abyss Cave,"Jul 18, 2016",6.99,Piao Jingfu,0,13,False,0
758320,Cursed Lands,"May 18, 2018",24.99,Winter Wolves,0,73,True,0
1391250,WKSP Rumble,"Oct 15, 2020",0.0,"Nukearts Studio,Wieden+Kennedy São Paulo",0,87,False,0
1795410,JENTRIX,"Jan 27, 2022",7.99,Arcadia,0,14,False,0
503050,Heroes from the Past: Joan of Arc,"Jul 21, 2016",6.99,Green Sauce Games,0,5,False,0
376880,ASTROKILL,"May 27, 2016",9.99,Doomsday Games,0,47,True,0
559140,Pinheads Bowling VR,"Dec 22, 2016",11.99,"Midnight Studios, Inc.",0,1,False,0
1188900,Fire Tonight,"Aug 12, 2021",5.99,Reptoid Games,0,49,False,0
666110,Break The Cookie,"Jul 12, 2017",6.99,Theodor Niklas,0,1,False,0
1146250,Seasons Girls,"Sep 9, 2019",0.99,Decra,0,0,False,0
432390,Weekend Drive,"Mar 14, 2019",4.07,GTGD,0,2,False,0
1280700,Drekirokr - Dusk of the Dragon,"Jun 10, 2020",0.0,Ragnarökr Project,0,14,False,0
209100,Resident Evil: Operation Raccoon City,"May 18, 2012",0.0,Slant Six Games,0,2035,False,0
391270,Fingerbones,"Aug 3, 2015",0.0,David Szymanski,0,2541,False,0
449610,Monster Boy and the Cursed Kingdom,"Jul 25, 2019",29.99,Game Atelier,0,1642,False,0
1803630,She Hates Unicorns,"Nov 19, 2021",1.99,SeedWall,0,0,False,0
504610,SaberSaw VR,"Dec 12, 2018",6.99,James Oliver,0,1,False,0
1457630,幻想三国志2,"Jan 8, 2022",3.99,"USERJOY Technology Co.,Ltd.",0,78,False,0
644610,Drums Hero PC,"Jun 21, 2017",4.99,"Player Of Music Technology Co.,Ltd",0,22,False,0
1836120,QUICKERFLAK,"Jan 12, 2022",0.49,Walter Machado,0,97,False,0
703060,connect - Virtual Home (3D or VR),"Dec 25, 2018",0.0,e.com,0,26,False,0
922700,Hidden Animals: Photo Hunt. Seek and Find Objects Game,"Oct 18, 2018",2.99,Crisp App Studio,0,70,False,0
1862280,Hell's Delivery,"May 18, 2022",2.99,White Duck Studio,0,2,False,0
1111960,Tsuro - The Game of The Path - VR Edition,"Jul 25, 2019",4.99,Thunderbox Entertainment,0,4,False,0
1304690,Push Your Family,"Sep 22, 2021",14.99,Meteor Mug,0,11,False,0
1387170,Similo: The Card Game,"Sep 17, 2020",2.99,Horrible Guild,0,23,False,0
1693230,Puzzle Soccer,"Aug 1, 2021",2.99,TooIzzi Games,0,10,False,0
697710,Ophidian,"Sep 15, 2017",1.99,ManBeardGames,0,12,False,0
1559330,Destroy The Hexons - Math Logic Puzzle Game,"Mar 15, 2021",0.99,Sprovieri Games,0,19,False,0
517780,Ogre,"Oct 5, 2017",24.99,Auroch Digital,0,133,False,0
924810,Idle Kingdom Builder,"Nov 5, 2018",0.0,NeoBird,0,36,False,0
1318550,Ardein.Fall,"Dec 15, 2021",4.99,Alex Grade,0,17,False,0
1474440,Bog Lord,"Feb 5, 2021",0.0,Frog Cult,0,5,False,0
1530130,Billiards Dungeon,"Jul 30, 2021",14.99,Mauve Gaming,0,9,False,0
796100,Haunted Halls: Fears from Childhood Collector's Edition,"Feb 16, 2018",9.99,AMAX Interactive,0,5,False,0
1645920,Green Steel,"Jul 30, 2021",2.99,Pursuit Train,0,1,False,0
1446850,Hentai Furry 2,"Nov 15, 2020",0.99,IR Studio,0,0,False,0
1505430,Inversion,"Feb 18, 2021",3.99,"Dnovel,FreeAnimals_Software",0,21,False,0
648530,Reckless Space Pirates,"Jun 16, 2017",3.99,Choice of Games,0,1,True,0
1145490,Operation Armstrong,"May 18, 2021",24.99,Fullbeans Studio,0,14,False,0
538510,Trickshot,"Apr 7, 2017",19.99,"Dillon Lewis,Ryan Cunningham,Christopher Conklin,Nathan Lucci,Austin Lewis,Tim Stillmun",0,1,False,0
1096010,Hentai Sudoku,"Jun 12, 2019",0.99,LeonWaan Games,0,28,False,0
821230,Drink 'Em,"Oct 12, 2018",9.99,Nikkihends Production,0,28,False,0
1559870,ORBTRAIN - Slot Racing,"Apr 29, 2021",3.49,Hobbyist Game Dev #208012,0,0,False,0
1285960,The Ancient Art of Staying Alive,"Jan 19, 2022",4.99,Dave Seaman,0,4,False,0
1181130,Play with NEKO,"Nov 18, 2019",1.99,Cyber Keks,0,0,False,0
800280,FLYVALNY 20!8,"Mar 12, 2018",0.99,VeaTryzLon-ZeGod,0,44,False,0
650940,Rogue Empire: Dungeon Crawler RPG,"Jan 25, 2019",14.99,Portal Entertainment,0,295,True,0
789280,Rysen,"Feb 8, 2018",2.99,nkmr appworks,0,5,False,0
1264710,Love & Sex: Second Base,"Mar 27, 2020",19.99,Andrealphus Games,0,0,True,0
696310,The Ghost of Joe Papp,"Nov 30, 2017",5.99,Stegalosaurus Game Development,0,7,True,0
1100900,Artifact Adventure Gaiden DX,"Jul 31, 2019",9.99,bluffman,0,27,False,0
1528920,Andromeda Zombies Colonies,"Feb 10, 2021",0.0,Yann GEFFROTIN,0,22,False,0
864310,Destiny of a Wizard 2:  Beyond the Vale,"Jun 7, 2018",10.99,UltimaCJ Productions,0,2,False,0
11360,Chains,"Jul 1, 2009",2.99,2dengine,0,447,False,0
296530,Coldfire Keep,"May 9, 2014",3.99,Steve Jarman,0,45,False,0
1073020,In the beginning,"Sep 7, 2019",9.99,Solare Games,0,1,False,0
1360290,Ayano the Exorcist,"Aug 29, 2020",17.99,tokumeihero,0,0,False,0
1746080,You are a slave!,"Sep 19, 2021",0.99,Uintani,0,0,False,0
1243640,Entelechy,"Mar 10, 2020",4.99,Press Q Games,0,6,False,0
628800,Super Hydorah,"Sep 20, 2017",19.99,"Locomalito,Gryzor87,Abylight",0,159,False,0
1351650,No Cure,"Jul 9, 2020",4.99,Grade 9 Games,0,2,False,0
2058310,Cyber Sex,"Jun 30, 2022",29.99,Cyber Sex Industries,0,0,False,0
1671450,Successor Playtest,"Jun 22, 2021",0.0,Unknown,0,0,False,0
1727910,Hope Trigger,"Sep 6, 2021",6.99,Adisa Game Studio,0,3,False,0
981750,Crystar,"Aug 27, 2019",59.99,FURYU Corporation,0,752,False,0
279900,Soul Axiom,"Feb 29, 2016",19.99,Wales Interactive,0,149,True,0
1208950,Freight Simulator,"May 21, 2020",5.99,"New Games Waves,Softwaves",0,25,False,0
1172820,You Only Livez Twice,"Oct 26, 2019",0.99,Ben McMahan,0,1,True,0
1154850,9th Dawn III,"Oct 5, 2020",15.99,Valorware,0,362,False,0
250680,BELOW,"Dec 14, 2018",24.99,Capybara Games,0,755,False,0
498360,Puzzle Nebula,"Jul 5, 2016",2.99,Multiverse Games,0,3,False,0
1444430,3D Hentai Puzzle,"Nov 2, 2020",1.99,Flying. Stone. Production,0,0,False,0
1683300,CubePuzzle,"Jul 25, 2021",4.99,RRTS,0,7,False,0
1692000,雨音スイッチ - Amane Switch -,"Aug 23, 2021",13.99,"CyberStep, Inc.,Rideon Works Co. Ltd,.",0,5,False,0
710600,Red Bow,"Jan 17, 2020",2.49,Stranga,0,132,False,0
379290,Sumo Revise,"Jun 25, 2015",0.0,"John Szymanski,Evan Szymanski,David Szymanski",0,66,False,0
1835810,Amelie,"Dec 15, 2021",3.99,Two and a Half Studios,0,95,False,0
1064910,Flyeeex,"Oct 28, 2019",8.99,Dnovel,0,12,False,0
1302480,Slurkum,"Mar 9, 2021",9.99,Ark Valley Gaming,0,1,False,0
1027230,Woman's body: For adults,"Feb 28, 2019",2.99,Softened Cookie,0,0,False,0
503480,Mahluk:Dark Demon,"Jul 19, 2016",3.99,Serkan Bakar,0,94,False,0
786280,Armored Squad,"Feb 6, 2018",4.99,FoxForceGames,0,10,False,0
1023650,Gun Man,"Apr 26, 2019",0.99,kessels game studio,0,7,False,0
1483780,Tested on Humans: Escape Room,"Feb 24, 2021",9.99,mc2games,0,239,False,0
1523360,VR Parallel World,"Mar 14, 2021",9.99,William at Oxford,0,17,False,0
849163,Shadow of the Tomb Raider: Definitive Edition,"Sep 14, 2018",0.0,"Eidos-Montréal,Crystal Dynamics,Nixxes,Feral Interactive (Mac),Feral interactive (Linux)",0,10785,True,0
1642350,Hunger in Paradise,"Jun 10, 2021",0.49,Luci Entertainment,0,5,False,0
1763060,Feral Flowers,"Nov 24, 2021",5.0,STARRIVER,0,3,True,0
427240,Cosmic Trip,"May 24, 2017",7.99,Funktronic Labs,0,433,False,0
775920,Soul Reaper: Unreap Commander,"Apr 24, 2018",0.0,Power Level Studios Inc.,0,6,False,0
960150,Rending Sky,"Dec 25, 2019",14.99,Luohua Studio,0,17,False,0
1351880,F.U.B.A.R,"Jul 5, 2020",1.99,Indevelopment Productions,0,12,False,0
1639920,Embraced by Autumn,"Aug 24, 2021",18.99,ebi-hime,0,17,True,0
1402780,Forever Night,"Dec 21, 2020",0.99,Nickolay Fedyaev,0,2,True,0
831590,VRQ Test,"Apr 11, 2018",0.0,Vectorush,0,9,False,0
1045930,1vs1: Battle Royale for the throne,"Mar 27, 2019",0.99,BrainStorming Team,0,31,False,0
314120,Frayed Knights: The Skull of S'makh-Daon,"Jul 24, 2014",11.99,Rampant Games,0,22,False,0
1900,Earth 2160,"Apr 1, 2006",1.49,Reality Pump Studios,0,851,True,0
570860,AudioBeats,"Jan 5, 2017",9.99,Famiku,0,43,False,0
1223390,A Player's Heart,"Feb 13, 2020",4.99,Heart's Choice,0,10,True,0
1716280,Snatch Media Toolbox,"Sep 26, 2021",4.99,John Henderson,0,1,False,0
1024220,Death Waves,"Feb 19, 2019",0.99,SeedWall,0,4,False,0
1723740,Pots and Potions,"Sep 15, 2021",0.0,Fat Duck Squad,0,0,False,0
1406040,Scarlet Hollow — Episode 1,"Sep 25, 2020",0.0,Black Tabby Games,0,560,True,0
1046060,Dark Romance: Hunchback of Notre-Dame Collector's Edition,"Mar 9, 2019",9.99,Domini Games,0,6,False,0
338170,Ratz Instagib,"Jul 27, 2016",8.99,Lino Slahuschek,0,3119,False,0
608800,Guns of Icarus Alliance,"Mar 31, 2017",4.99,Muse Games,0,1014,True,0
1141660,夢限ノ夜,"Sep 8, 2019",0.0,easttiberi,0,1,False,0
1165380,To Be Headed Or Not To Be,"Nov 21, 2019",0.0,Fruits of Yggdrasil Studio,0,88,False,0
1226000,Nations At War Digital Core Game,"Apr 25, 2020",4.99,Lock 'n Load Publishing,0,70,False,0
1885690,Virtual Circuit Board,"May 20, 2022",14.99,Reverie Foundry,0,72,True,0
1153800,Dreamlight,"Nov 9, 2020",0.99,PalkaSalyami,0,0,False,0
1715370,The Niflhel Day,"Feb 12, 2022",9.99,Dnovel,0,16,False,0
407290,There Was A Caveman,"Oct 8, 2015",6.99,Nauris Amatnieks,0,98,False,0
404170,Battle Girls,"Jul 6, 2017",5.19,Dharker Studio,0,77,False,0
691720,RetroGunX VR,"Sep 5, 2017",11.99,AppsByBrats,0,12,False,0
664560,DreamTank,"Oct 13, 2017",9.99,Studio229,0,5,False,0
1277160,Aquarium Life,"Apr 13, 2020",29.99,David S Womack Productions,0,0,False,0
364700,Dawn of the Plow,"Nov 2, 2015",3.99,"Dan FitzGerald,Trichotomy",0,8,True,0
259640,Guise Of The Wolf,"Jan 24, 2014",2.99,FUN Creators,0,77,False,0
573130,Aporia: Beyond The Valley,"Jul 19, 2017",16.99,Invisible Walls,0,518,False,0
1556160,Techno Tanks,"May 7, 2021",4.99,EpiXR Games UG,0,18,False,0
1191790,The World Is Ruled According to Sexual Prowess So I’m Playing Dirty to Get My Harem Episode 1,"Jan 20, 2020",4.99,Boom! Boom! Douga,0,0,False,0
1994510,Upirja,"May 29, 2022",7.99,Sgriu Soft,0,2,False,0
768310,Er-Spectro,"Dec 28, 2017",4.99,TheDreik,0,11,False,0
1337280,Neon Girls,"Jun 13, 2020",0.99,IR Studio,0,0,False,0
1706550,Nebular Crush,"Jul 15, 2022",5.99,Sunamico,0,0,False,0
1582620,Mega Man X DiVE,"Sep 14, 2021",0.0,CAPCOM TAIWAN,0,0,False,0
1116260,SAMUDRA,"Sep 28, 2021",12.99,Khayalan Arts,0,55,False,0
435260,Planet Stronghold: Colonial Defense,"Mar 9, 2016",19.99,Winter Wolves,0,29,True,0
1343400,RuneScape ®,"Oct 14, 2020",0.0,Jagex Ltd,0,15978,False,0
1647260,A Perfect Day Playtest,"May 25, 2021",0.0,Unknown,0,0,False,0
1250440,Garlic,"Jun 15, 2021",16.99,Sylph,0,243,False,0
1643590,Project PULSE,"Jan 3, 2022",0.0,Jellyfrog Digital,0,0,False,0
1747050,Sam & Max: Beyond Time and Space,"Dec 8, 2021",19.99,Skunkape Games,0,143,False,0
364390,Downfall,"Feb 15, 2016",10.99,Harvester Games,0,983,False,0
625180,Elevator VR,"May 15, 2017",1.99,のdev,0,2,False,0
1149070,Skyrift,"Sep 23, 2019",2.99,Torchlight Games,0,1,False,0
315840,Catacomb Kids,"Feb 20, 2015",15.99,FourbitFriday,0,506,True,0
516820,Exodemon,"Aug 2, 2019",12.99,Kuupu,0,51,False,0
1112940,Hero Legends,"Aug 27, 2019",4.99,乐吧游戏,0,6,False,0
1495050,1001 Jigsaw: Earth Chronicles 3,"Feb 2, 2021",4.99,Creobit,0,4,False,0
61730,Critter Crunch,"Sep 11, 2012",6.99,Capybara Games,0,292,False,0
1881180,Aery - Calm Mind 2,"Mar 29, 2022",9.99,EpiXR Games UG,0,28,False,0
1599930,Endless Thief: a Furry Stealth Adventure,"May 26, 2022",4.99,SnowySierra,0,1,False,0
33320,Prince of Persia: The Forgotten Sands™,"Jun 8, 2010",9.99,Ubisoft Montreal,0,1112,False,0
1419730,Seek Girl Ⅵ,"Sep 30, 2020",1.99,DSGame,0,878,False,0
802690,Crazy Machines VR,"Oct 25, 2018",9.99,Fakt Software,0,17,False,0
262450,Dead Man's Draw,"Feb 6, 2014",6.99,Stardock Entertainment,0,495,False,0
377760,Fox & Flock,"Jun 9, 2015",1.99,Smarter Games,0,158,True,0
597060,Numina,"Jun 30, 2022",16.99,starlit studio,0,13,True,0
1539080,The Immortal,"Mar 30, 2021",2.79,Will Harvey,0,1,False,0
365320,Quadrant,"May 26, 2015",4.99,HKFiftyOne Games,0,82,True,0
1343370,Old School RuneScape,"Feb 24, 2021",0.0,Jagex Ltd,0,10401,False,0
755500,ONE PIECE World Seeker,"Mar 14, 2019",8.99,"GANBARION Co., Ltd.",0,1842,False,0
1714460,Starry Knight,"Dec 15, 2021",2.99,Peace Blvd Games,0,66,False,0
746390,"PlayClaw :: Overlays, Game Recording & Streaming","Nov 20, 2017",29.99,Eduard Kozadaev,0,64,False,0
542940,Kickoff Legends,"Dec 13, 2016",0.0,StudioQi,0,18,True,0
1127680,Hypnocult,"Aug 23, 2019",3.99,increpare games,0,38,False,0
373920,Eisenhorn: XENOS,"Aug 9, 2016",0.0,Pixel Hero Games,0,151,False,0
422270,City Play,"May 19, 2016",3.99,FrameLineNetwork,0,8,False,0
720950,EGE DistantPlanet NonXXX,"Oct 16, 2017",5.99,DevRifter,0,2,False,0
951760,Full Body Workout,"Oct 24, 2018",3.99,iLewd,0,0,False,0
1668170,Track & Burn,"Nov 2, 2021",0.0,Tayasui,0,0,False,0
1742480,Eternal night,"Oct 21, 2021",4.3,Mango tea,0,1,False,0
700570,Beyond the Void,"Oct 24, 2018",0.0,B2Expand,0,70,False,0
764540,Tall Order,"Dec 3, 2020",6.99,Jonas Molgaard,0,1,False,0
467710,Santa Girls,"Dec 6, 2019",12.99,Dharker Studio,0,0,False,0
1692060,Bad Dream: Stories,"Sep 30, 2021",2.49,Desert Fox,0,37,False,0
1397230,"VR Time Machine Travelling in history: Visit ancient Egypt, Babylon and Greece in B.C. 400","Aug 30, 2020",4.99,William at Oxford,0,2,False,0
1499430,What We Pretend To Be,"Dec 29, 2020",2.99,Home Fire Games,0,3,False,0
941460,Death Trash,"Aug 5, 2021",19.99,Crafting Legends,0,2355,True,0
547440,7D Game （VR for VIVE）,"Oct 26, 2016",0.0,上海游七网络科技有限公司,0,14,False,0
349670,Solar System Conflict,"Apr 6, 2015",9.99,UnexEvo,0,13,False,0
1210960,Matrix Brain Twister,"Jul 2, 2021",6.24,Clever AI,0,7,True,0
1597480,Zombie Gunship Survival,"Sep 22, 2021",0.0,Flaregames,0,0,False,0
1141030,Last Message,"Jun 24, 2021",0.0,JamesGamesNZ,0,112,False,0
271900,Hexcells Plus,"Feb 19, 2014",2.99,Matthew Brown,0,2061,True,0
753990,Psi Project: Legacy,"Nov 27, 2017",0.99,Vyacheslav Shilikhin,0,36,False,0
1593930,Destinies,"Jun 9, 2021",0.0,Lucky Duck Games,0,0,True,0
681780,Distorted Reality,"Aug 5, 2017",4.99,Berdochan,0,15,False,0
1124410,Tokyo Wizard,"Sep 19, 2019",3.99,Hosted Games,0,3,True,0
698340,沙漠飞车 Desert Racer,"Sep 21, 2017",9.99,"Shenzhen Blaz Information Technology Co., Ltd.",0,0,False,0
520270,Thrills & Chills - Roller Coasters,"Sep 20, 2016",2.99,VRisch,0,43,False,0
982990,Muzzleloaded,"Dec 21, 2018",1.99,Jordan Keith,0,4,False,0
1052210,Barney's Dream Cruise,"Aug 3, 2019",2.99,Rikard Swahn,0,16,True,0
1088830,CLS: Signal Person,"Jul 8, 2019",39.99,MindForge,0,0,False,0
1584980,Warhammer Quest: Silver Tower,"Jun 2, 2021",0.0,Perchang,0,0,False,0
1660490,Unreal Golf,"Jun 24, 2021",0.49,Rex Junior,0,10,False,0
1177820,Shape Cascade,"Dec 5, 2019",2.99,CarloC,0,5,False,0
1423720,Antiprism,"Jun 21, 2021",5.39,Zero Fun,0,22,False,0
820240,Save One More,"May 30, 2018",4.99,Stas Shostak,0,101,False,0
568310,TRESPASS - Episode 2,"Feb 16, 2017",19.99,VRotein,0,11,False,0
1714760,Raygun Chess,"Sep 27, 2021",0.0,XR Game Studio,0,0,False,0
426290,The Away Team: Lost Exodus,"Jul 22, 2016",8.0,Underflow Studios,0,64,True,0
1368960,Fishing Sim World: Bass Pro Shops Edition,"Nov 3, 2020",39.99,Dovetail Games,0,15,False,0
1681520,Fifefer Island - Terrena's Adventure,"Aug 16, 2021",9.99,Power Parametrics LLC,0,14,False,0
1509810,Hazordhu,"Mar 26, 2021",5.99,F0lak,0,9,False,0
1109080,Prison Ball: Full Blown,"Jul 12, 2019",3.99,ZaxtorGameS,0,6,False,0
17330,Crysis Warhead®,"Sep 17, 2008",19.99,Crytek,0,2750,False,0
1406000,BigChick,"Mar 4, 2021",4.99,"Maxim Nuriev,Volodymyr Wolod Yakubovych",0,26,False,0
923630,Burger Lord,"Nov 6, 2018",10.99,Erico Patricio Monteiro,0,6,False,0
1602810,Metaverse: Origins,"May 17, 2021",9.99,Penumbra.tech,0,2,False,0
1783900,Debt - Chasing Treasure,"Feb 25, 2022",9.99,Alien Finger,0,4,False,0
1360500,Warrecs 2,"Aug 28, 2020",0.0,Kronecker Delta,0,4,False,0
857020,Putinoids VS Navalnyats - Путиноиды Против Навальнят,"May 16, 2018",0.49,Nikita Ghost_RUS,0,21,False,0
1997050,Dono's Tale Playtest,"Jun 30, 2022",0.0,Unknown,0,0,False,0
1425070,Golden Force,"Apr 22, 2021",2.99,Storybird Studio,0,10,False,0
1590570,外兽祭·兽人们的冒险酒馆,"Jul 28, 2021",0.0,兽祭制作组,0,0,False,0
982670,Clan N,"Aug 6, 2020",14.99,Creamative,0,26,False,0
370940,Demons with Shotguns,"Apr 25, 2016",9.99,"MindShaft Games, LLC",0,54,False,0
1246870,Harvest Moon: One World,"Sep 7, 2021",49.99,"Natsume Inc.,Appci",0,30,False,0
1084910,Dark Skeleton Survival,"May 28, 2019",9.99,rk20xx,0,2,False,0
802730,Mother Simulator,"May 22, 2018",1.99,Steppe Hare Studio,0,455,False,0
574910,The Bits That Saved The Universe,"Dec 29, 2016",0.99,James C. Gray,0,9,False,0
529180,Dark and Light,"Jul 20, 2017",17.99,Snail Games USA,0,5928,False,0
1571120,Crucible,"Mar 22, 2021",0.0,TriScale,0,12,False,0
432720,Welkin Road,"Apr 13, 2016",12.99,Gregor Panič,0,55,True,0
254080,World War III: Black Gold,"Sep 27, 2013",1.24,Reality Pump,0,401,False,0
1695200,星月之歌2,"Sep 24, 2021",5.99,VVAI社,0,21,False,0
1268000,Ragdoll Laser Battle,"Aug 27, 2020",2.99,KodiiGames,0,0,False,0
70400,Recettear: An Item Shop's Tale,"Sep 10, 2010",19.99,EasyGameStation,0,6293,False,0
1728680,Legendary Tales: Stolen Life,"Oct 6, 2021",6.99,FIVE-BN GAMES,0,18,False,0
1396380,ANIME WORLD,"Aug 31, 2020",0.99,Saburo Studio,0,84,True,0
875760,Furious Seas,"Jul 18, 2021",13.99,Future Immersive,0,169,False,0
917200,Kill the Dictator,"Nov 6, 2018",4.99,"Afeel inc,Magic Cube",0,22,False,0
355250,STAR WARS™: TIE Fighter Special Edition,"Apr 28, 2015",9.99,Totally Games,0,412,False,0
668360,Bokuten - Why I Became an Angel,"Dec 19, 2019",17.99,OVERDRIVE,0,65,False,0
1135070,Moeras,"Jan 17, 2020",2.99,Sokpop Collective,0,7,False,0
1045130,Raatihuone,"Apr 17, 2019",0.0,"Kainuu Museum,Kajaani University Of Applied Sciences,Finnish Museum Association,Clever Simulation Entertainment",0,7,False,0
378090,Rebel Wings,"Jul 8, 2016",0.0,Butlerstyle Entertainment,0,14,True,0
1175690,MyStar,"Nov 12, 2019",0.0,MyStar Studio,0,3,False,0
1547170,斗魂大陆,"Mar 1, 2021",0.0,境界游戏股份有限公司,0,3,False,0
1684210,Horror Villa 恐怖撤锁,"Jul 20, 2021",0.99,LAN JIE,0,19,False,0
905090,Pineview Drive - Homeless,"Apr 5, 2019",17.99,VIS-Games,0,66,False,0
893620,Azurael's Circle: Chapter 2,"Sep 3, 2018",1.99,Jordan Allen,0,18,False,0
1785280,Word of Kitchen,"Oct 22, 2021",2.99,QuickBobber,0,0,False,0
1064150,Late City Riders,"May 7, 2019",0.0,Funk Fizz,0,73,False,0
1417420,Endless Furry Killer 2020,"Sep 23, 2020",0.99,Tegridy Made Games,0,183,True,0
678950,DRAGON BALL FighterZ,"Jan 26, 2018",59.99,Arc System Works,0,47784,False,0
935540,M-Plan,"Sep 21, 2018",3.99,QingHun,0,1,False,0
942510,Scamp: High Hat Havoc,"Dec 7, 2018",0.0,Big Hat Games,0,79,False,0
1590080,Color Souls,"Jun 18, 2021",1.24,Gorestation,0,26,False,0
830500,The Blobs Fight,"Jun 21, 2018",7.99,SkyPyre Studios,0,3,False,0
1284360,Alien Harvest Leader,"Nov 12, 2020",9.99,Galactic Spire,0,0,False,0
1559740,Sword and Space,"Apr 28, 2021",4.99,Streetwriter,0,0,False,0
2025550,Hacker life simulator,"Jul 8, 2022",9.99,DFRGAMES,0,2,False,0
227400,Darkfall Unholy Wars,"Apr 25, 2013",0.0,Aventurine SA,0,337,False,0
1701580,Mr.Treemp,"Sep 6, 2021",7.99,Saranchov Serhii,0,0,False,0
985890,Streets of Rage 4,"Apr 30, 2020",24.99,"Dotemu,Guard Crush,Lizardcube",0,13115,True,0
1273380,Weapons Genius VR,"Jun 12, 2020",1.43,Droid Riot,0,0,False,0
597190,Lunaform,"Jul 18, 2017",0.99,Chronobit Studios,0,8,True,0
390880,Redemption: Eternal Quest,"Aug 28, 2015",0.99,SimProse Studios,0,51,False,0
1728500,Kirkileons,"Nov 16, 2021",2.99,Siskos Alexandros,0,1,False,0
531530,Polygod,"Aug 17, 2018",0.0,Krafted Games,0,112,True,0
1241370,FierceWind Decay,"Oct 14, 2020",0.0,Liqut,0,6,False,0
682470,真实幻象 / Behind The Truth,"Feb 13, 2018",3.99,橙光游戏,0,52,False,0
764740,Caviar - Endless Stress Reliever,"Dec 19, 2017",1.99,JustForward,0,0,False,0
1329630,Chickamauga Battles,"Aug 27, 2020",9.99,HexWar Games,0,2,False,0
994500,Sky Racket,"Oct 22, 2019",14.99,Double Dash Studios,0,157,True,0
289650,Assassin's Creed® Unity,"Nov 11, 2014",29.99,Ubisoft,0,36075,False,0
1926470,Hanna Must Run,"Mar 17, 2022",9.99,Vladislav Castillo Gonzalez,0,6,False,0
787730,Adventure Game,"Jul 12, 2018",14.99,IVGEMENT,0,1,False,0
1030380,Real Fishing VR,"Mar 5, 2019",12.99,Funnypack,0,8,False,0
646430,HARP Vefa,"Oct 6, 2017",4.99,HARP,0,12,False,0
1828090,Krypt,"Jun 21, 2022",1.99,"Sean Murley,Billy Coe",0,1,False,0
1640710,Interregnum Chronicles: Signal,"Jul 22, 2021",9.99,Spacewalkers,0,20,False,0
1361510,Teenage Mutant Ninja Turtles: Shredder's Revenge,"Jun 16, 2022",24.99,Tribute Games Inc.,0,6356,True,0
32770,Joint Operations: Combined Arms Gold,"Sep 29, 2009",19.99,NovaLogic,0,202,False,0
353340,Dungeon Highway,"Mar 23, 2015",3.99,Substantial,0,20,True,0
1303140,Escape Game Fort Boyard,"Jun 25, 2020",24.99,Appeal Studio,0,13,False,0
649820,Slime-san: Blackbird's Kraken,"Jul 20, 2017",3.99,Fabraz,0,6,True,0
34288,Eternal Champions™,"Sep 13, 2010",0.99,SEGA,0,5,True,0
523670,Adventures Of Fluzz,"Sep 3, 2016",3.99,TopArcadeApps,0,24,False,0
1094290,幻想异乡曲 Butterfly~Rin,"Aug 16, 2019",3.99,Red.Soul,0,37,False,0
536800,FILE 9,"Sep 30, 2016",59.99,"Cypress Inheritance, LLC",0,2,False,0
679230,Tell a Demon,"Jul 21, 2017",7.99,Sun Labyrinth,0,22,True,0
938200,Metric Racer,"Feb 23, 2021",19.99,Virtex Edge Design,0,6,True,0
312630,OTTTD,"Aug 6, 2014",7.99,SMG Studio,0,244,True,0
1489000,The World's Hardest Game 3D,"Feb 2, 2021",2.99,Batuhan Ertan,0,18,False,0
1521930,A Tale for Anna,"Sep 28, 2021",10.99,Far Mills,0,64,False,0
934590,Lamp Man Down,"Sep 19, 2018",0.99,Usa Com,0,0,False,0
622620,Nightmare Adventures: The Turning Thorn,"Apr 17, 2017",6.99,Ghost Ship Studios,0,8,False,0
613010,Secret in Story,"Jun 19, 2017",0.99,Luo Zhi En,0,67,False,0
1445110,The Legend of Arcadieu 2,"Nov 2, 2020",4.99,Kavorkaplay,0,1,False,0
2023760,MiniRoyale Playtest,"Jul 15, 2022",0.0,Unknown,0,0,False,0
440450,Escape: Sierra Leone,"Dec 5, 2016",9.99,Reborn Games Inc.,0,27,False,0
959890,Sister Travel,"Jan 24, 2019",14.99,Inusuku,0,437,False,0
601420,Dark Parables: Requiem for the Forgotten Shadow Collector's Edition,"Feb 23, 2017",0.0,Eipix Entertainment,0,6,False,0
1051890,BLOCKADE War Stories,"Apr 8, 2019",6.99,Novalink,0,49,False,0
1479280,职场浮生记 Playtest,"Nov 25, 2020",0.0,Unknown,0,0,False,0
878970,The Block Box,"Feb 1, 2019",11.99,Daniel J. Moth (EMJADA),0,0,False,0
1069220,Miniturn,"Jul 17, 2020",0.0,Christopher & Max,0,8,False,0
1794020,Death Slayer V,"Nov 4, 2021",9.99,MDK software,0,1,False,0
389710,Catapult King,"Jun 26, 2020",14.99,Wicked Witch,0,5,False,0
298160,Eldevin,"Nov 5, 2014",0.0,Hunted Cow Studios,0,1240,False,0
1969080,A Building Full of Cats,"Jul 7, 2022",1.99,Devcats,0,352,True,0
1919700,No Lights 2,"Mar 23, 2022",3.99,Master Studios,0,0,False,0
1635590,My Friend Peppa Pig,"Oct 22, 2021",39.99,Petoons Studio,0,420,False,0
1431570,GLASS,"Nov 22, 2020",1.99,TeamSnowball,0,0,False,0
317410,Color Symphony,"Sep 15, 2014",0.0,REMIMORY,0,957,False,0
1693260,Yugo Puzzle,"Oct 14, 2021",6.99,Qrostar,0,144,False,0
360680,Drone Zero Gravity,"Oct 2, 2015",9.99,Isaac Nichols,0,7,False,0
1678950,Panda City,"Sep 8, 2021",0.0,lopogames,0,12,False,0
1692570,Fm45's Sprite Man Adventures,"Aug 3, 2021",0.99,Fm45,0,3,False,0
628700,The Flaws of Gravity,"May 5, 2017",0.0,Absorbed Studios,0,142,False,0
659540,Warsim: The Realm of Aslona,"Jun 28, 2017",7.99,Huw Millward,0,844,False,0
1199910,S.W.A.N.: Chernobyl Unexplored,"Apr 26, 2021",12.49,Volframe,0,38,False,0
342550,Phantasmal: Survival Horror Roguelike,"Apr 14, 2016",0.0,Eyemobi Ltd.,0,140,False,0
1777750,Ninki Seiyuu: How to Make a Pop Voice Actress,"Oct 14, 2021",39.99,MintCUBE,0,80,False,0
730690,EXIT 4 - Portal,"Feb 12, 2018",1.69,SIXNAILS,0,5,False,0
925070,Dark Asylum: Mystery Adventure,"Sep 18, 2018",11.99,Komar Games,0,1,False,0
1893310,Steel Shell,"Feb 25, 2022",0.99,Boom Games Team,0,9,False,0
1878060,Idle Spiral Playtest,"Jan 27, 2022",0.0,Unknown,0,0,False,0
1284800,My Strange Girlfriends,"Apr 22, 2020",0.99,IR Studio,0,0,False,0
1901970,One Step After Fall,"Mar 15, 2022",4.99,TBGS Indie Studio,0,16,False,0
2018270,Ragedanger Earth,"Jun 25, 2022",49.99,Treasunsoo,0,11,False,0
1727600,Crazy Invader ShootEm Down,"Oct 10, 2021",2.99,Crazy Retro Game Studios,0,4,False,0
777820,The Quest for the BIG KEY,"May 15, 2018",1.99,hOSHI,0,18,False,0
432210,The Revenant Prince,"Aug 13, 2020",3.99,Nomina Games,0,14,False,0
1357550,Psi 5 Trading Company,"Oct 2, 2020",6.99,"Accolade, Inc.",0,2,False,0
396730,gShift,"Aug 25, 2015",0.99,deadweight games,0,5,False,0
1547260,Elder Puzzle,"Feb 26, 2021",0.99,HotFoodGames,0,2,False,0
1123460,Fateline(命运线),"Aug 16, 2019",1.19,"Tower Games,匿蝶网络",0,20,False,0
1822130,Hover The Edge,"Jun 2, 2022",0.0,Delarion Games,0,0,False,0
1806350,Pharaoh: A New Era Playtest,"Dec 8, 2021",0.0,Unknown,0,0,False,0
1160330,Fight of Animals,"Dec 18, 2019",9.99,Digital Crafter,0,411,False,0
1918550,London Ripper,"Mar 19, 2022",0.99,Purple Thunder Games,0,24,False,0
1513690,Elly,"Feb 5, 2021",4.99,Remy WIlliams,0,5,False,0
1202790,Lost Brothers,"Jan 12, 2021",8.99,BitLight,0,24,False,0
1480540,FICTION #F3F,"Jan 23, 2021",4.99,Colorfiction,0,29,False,0
1233690,Hypergalactic Psychic Table Tennis 3000,"Mar 3, 2020",1.99,Blue Wizard Digital,0,106,False,0
518800,Lone Leader,"Oct 28, 2016",0.99,SirGoose,0,124,False,0
999430,Santa Tracker,"Nov 22, 2019",2.99,Onteca Ltd,0,5,True,0
4460,City Life 2008,"Sep 29, 2008",2.49,Monte Cristo,0,130,False,0
554140,Desert Ride Coaster,"Dec 7, 2016",0.0,iNFINITE Production,0,31,False,0
665630,Marble Masters: The Pit,"Jul 18, 2017",3.99,Polyart Inc.,0,2,True,0
728440,Next,"Nov 11, 2017",0.59,Pirotexnik,0,201,False,0
604550,Reality Incognita,"Oct 14, 2019",0.99,Dire Boar Games,0,4,False,0
1909020,三国記II,"Jul 8, 2022",17.99,lufy,0,4,False,0
1241160,Pulse Forge VR v0.544,"Mar 10, 2020",0.0,Limits Free,0,7,False,0
1103510,异世江湖录(JiangHu Record  Of Another World),"Jul 18, 2019",9.99,Hai ta ke Chong qing Technology Co.Ltd,0,14,False,0
386550,MAGIX Music Maker 2016 Live Steam Edition,"Oct 19, 2015",0.0,MAGIX Software GmbH,0,12,False,0
708970,GOD STARFIGHTER,"Feb 4, 2020",7.99,Nerd Commando Game Studios,0,29,True,0
1273750,Button City,"Aug 9, 2021",19.99,Subliminal,0,93,False,0
444270,Hypersensitive Bob,"Mar 29, 2016",4.99,SIEIDI Ltd,0,48,True,0
790300,Puzzle for Kids,"Feb 6, 2018",0.49,Boogygames Studios,0,5,False,0
1728460,阴缘,"Sep 27, 2021",3.99,Huochairen Interactive Entertainment,0,24,False,0
896350,Symphonics: Make Music in VR,"Sep 6, 2018",4.99,Brian Fitzgerald,0,1,False,0
1176170,GIRLS BATTLEGROUNDS | 性感大逃杀,"Nov 18, 2019",0.99,Rabotiagi games,0,38,False,0
1407420,Milo and the Magpies,"Sep 7, 2021",1.99,Johan Scherft,0,1624,False,0
724520,Magilore,"Nov 26, 2017",0.0,Cole Kitroser,0,3,False,0
1113000,Persona 4 Golden,"Jun 13, 2020",19.99,ATLUS,0,54742,False,0
1233380,Sex Apartments,"Feb 21, 2020",1.19,Slippy Floor,0,0,False,0
1122770,From lamer to guru,"Aug 31, 2019",3.99,Bondarenko Andrii,0,0,False,0
389870,Mugen Souls,"Oct 22, 2015",19.99,Idea Factory,0,195,False,0
1884390,Frequency Dissonance,"May 19, 2022",3.99,"brin,Mathias Schifter",0,19,False,0
1372940,Behind Closed Doors: A Developer's Tale,"Oct 20, 2021",4.99,PEW Games,0,1,True,0
1411940,Silence in the Dark,"Nov 10, 2020",0.99,Grytis,0,1,False,0
845630,Disdoored,"May 31, 2018",19.99,Anton Riot and Co,0,19,False,0
1061790,Chopper To Hell,"Apr 23, 2019",0.0,Prateek Jadhwani,0,1,False,0
527100,Star Trek™: Bridge Crew,"May 30, 2017",9.99,Ubisoft,0,2173,False,0
489560,Astroflux,"Sep 27, 2016",0.0,Fula Fisken,0,194,False,0
904930,YOU - The Untold Stories,"Oct 24, 2018",3.99,ZekGame,0,4,False,0
504660,Tears Revolude,"Jan 29, 2017",9.99,WorldWideSoftware,0,6,False,0
296470,Mount Your Friends,"Jul 29, 2014",4.99,Stegersaurus Software Inc.,0,7163,False,0
1564980,Diego: Mission Red Tomato,"May 22, 2021",9.99,Two Hands,0,17,False,0
1539040,MultiDimensional 4-in-a-row,"Apr 4, 2021",4.99,LolBozo,0,1,False,0
1029730,VR Ping Pong Pro,"Nov 12, 2019",24.99,"Reddoll Srl,IV Productions,ONE-O-ONE GAMES",0,30,False,0
802920,The Geology Game,"Mar 5, 2018",0.99,Spaghetti Code,0,10,True,0
1991590,Guacamojo,"Jul 2, 2022",1.99,Lierinwait,0,1,False,0
1663190,异星前哨 Playtest,"Oct 10, 2021",0.0,Unknown,0,0,False,0
247307,Saints Row IV - Reverse Cosplay Pack,"Feb 5, 2014",0.0,Deep Silver Volition,0,80,True,0
1284290,Ball of Doom,"Apr 18, 2020",1.99,Magic Spell Studios,0,3,False,0
1632030,Soran,"Jun 14, 2021",0.0,Joseph Keenan,0,4,False,0
1211700,Trantor: The Last Stormtrooper,"Jan 14, 2020",6.99,Probe Software Ltd.,0,1,True,0
1646470,Rover Simulator,"Sep 3, 2021",14.99,"Matt Schostek,Tyler Devine,Luis Schmitz",0,3,False,0
1384490,I hope she's ok,"Nov 13, 2020",5.99,inkakamu,0,30,False,0
323700,Poltergeist: A Pixelated Horror,"Oct 20, 2014",7.99,Glitchy Pixel,0,29,True,0
1283070,3D Jigsaw Puzzle Simulator,"Apr 17, 2020",4.99,Fenix,0,10,False,0
50940,Hidden Expedition: Titanic,"Apr 21, 2010",9.99,Big Fish Games,0,11,False,0
1983280,Dark Desire 2,"May 23, 2022",12.99,CodeRenderX,0,0,True,0
643830,Botlike - a robot's rampage,"Sep 14, 2017",9.99,Binji,0,52,False,0
546210,Unforgiven VR,"Feb 23, 2017",9.99,Delirium Studios,0,22,False,0
1375780,The Scam,"Aug 3, 2020",8.99,Sean Marty,0,3,False,0
385730,WWE 2K16,"Mar 10, 2016",0.0,"Visual Concepts,Yuke's Co., LTD",0,1825,False,0
1882670,Sex Adventures - The Job Interview,"Jan 28, 2022",0.59,DIG Publishing,0,0,False,0
864590,Zombie Rampage,"May 30, 2018",0.89,MellowStudios,0,1,False,0
410130,AGON - The Lost Sword of Toledo,"Nov 19, 2015",9.99,Private Moon Studios,0,45,False,0
453770,Forgotten Tales: Day of the Dead,"May 27, 2016",9.99,Green Sauce Games,0,36,True,0
1392140,Project Gravity,"Sep 21, 2020",5.99,Štěpán Meister,0,3,True,0
321890,Aveyond 3-4: The Darkthrop Prophecy,"Feb 13, 2015",9.99,"Amaranth Games, LLC",0,23,False,0
811070,眼中的世界 - Conviction -,"Feb 17, 2021",14.99,Maker製造機,0,130,False,0
615730,Nancy Drew®: The Final Scene,"Apr 18, 2017",6.99,HeR Interactive,0,68,False,0
1710520,Mind-Blowing Girls 3,"Aug 17, 2021",3.99,Snkl Studio,0,0,False,0
1743820,Orph - The Lost Boy,"May 16, 2022",3.89,Lazy Hamster,0,16,True,0
321980,Hardland,"Sep 17, 2019",24.99,Mountain Sheep,0,404,False,0
910430,The War of the Worlds: Andromeda,"Oct 12, 2018",0.99,Unknown,0,0,True,0
921390,武林志（Wushu Chronicles）,"Apr 9, 2019",12.99,JiangHu Studio,0,1517,False,0
1968240,Escape If You Can,"Jun 26, 2022",0.99,3dreals,0,0,False,0
390920,Army of Pixels,"Oct 29, 2015",4.99,"Gergely Zsolnay,Richard Markos",0,43,False,0
385060,The Last Warlock,"Aug 24, 2015",4.99,Sonic Sloth,0,51,True,0
603550,Schlag den Star - Das Spiel,"Nov 30, 2017",9.99,Lost the Game Studios,0,27,False,0
1412120,Shiny Summer,"Sep 17, 2020",0.99,玫瑰工作室,0,17,False,0
774261,My Little Bomb,"Jan 5, 2018",0.49,Nikita Ghost_RUS,0,66,False,0
1157300,Last Shark Standing,"Oct 28, 2019",4.99,Shark Fin Games,0,24,False,0
315860,Celestian Tales: Old North,"Aug 10, 2015",12.99,Ekuator Games,0,290,True,0
1685850,The Wolf's Girl,"Jul 22, 2021",0.59,Hunny Bunny Studio,0,0,False,0
208520,Omerta - City of Gangsters,"Jan 31, 2013",14.99,Haemimont Games,0,1415,False,0
686570,Freedom Defender,"Aug 25, 2017",0.0,League of Sweat Ent.,0,89,False,0
910770,Slay The Dragon,"Aug 22, 2018",2.99,ByteErrsLots Games,0,1,False,0
1412660,Rivals,"Sep 21, 2020",5.99,Tim Sheinman,0,29,False,0
860340,Trivia Vault: Toy Trivia,"May 25, 2018",0.99,Ripknot Systems,0,24,False,0
13600,Prince of Persia®: The Sands of Time,"Nov 21, 2008",9.99,Kudosoft,0,2223,False,0
273800,Forestry 2017 - The Simulation,"Mar 25, 2016",5.99,"Joindots,SilentFuture",0,47,False,0
591360,Dreams of Dali,"Feb 18, 2018",0.0,"Half Full Nelson,Goodby Silverstein and Partners",0,109,False,0
1113880,Best in the West,"Dec 5, 2019",0.0,Curtis Ashford,0,56,False,0
1491530,Mastermine,"Feb 26, 2021",6.99,Adam Soutar,0,12,True,0
1368910,Super Mecha Champions,"Mar 25, 2021",0.0,NetEase Games,0,0,False,0
1100920,DrumMasterVR,"Jun 28, 2019",10.99,Bad spider,0,3,False,0
254300,Dofus,"Nov 15, 2016",0.0,Ankama Studio,0,411,False,0
393290,Motorhead,"Sep 16, 2015",4.99,Urbanscan,0,5,False,0
1841230,Mazing Mad,"Jan 21, 2022",0.99,DTP Games,0,0,False,0
1466680,Sakura MMO Extra,"Jan 11, 2021",9.99,Winged Cloud,0,40,True,0
1933800,Zombie Survivors,"Mar 25, 2022",2.99,okyakusama,0,14,False,0
1877060,Haunted Stories,"Feb 4, 2022",4.99,HAILIGHT STUDIO,0,8,False,0
513240,Birdtual Reality,"Aug 23, 2016",5.99,Artificient Games Inc.,0,3,False,0
681540,Escape From Space Shredder,"Jul 21, 2017",1.5,s_unk,0,3,False,0
792400,Battleship Lonewolf 2,"Mar 7, 2018",7.99,"WolfShipGames Co., Ltd.",0,3,False,0
1907290,Pathogen,"Jul 21, 2022",5.99,LMJ,0,0,False,0
1446880,Space Revenge,"Sep 30, 2021",10.99,EskemaGames,0,1,True,0
502910,The Return Home Remastered,"Jul 29, 2016",0.99,AL-GAME,0,52,False,0
1098420,SpritePile,"Jun 19, 2019",0.0,Fern Nigro,0,55,False,0
38210,Roogoo,"Dec 17, 2009",0.59,Spidermonk Entertainment,0,268,False,0
2020020,Wheels of Duty Playtest,"Jun 5, 2022",0.0,Unknown,0,0,False,0
1807370,Maverta City,"Nov 17, 2021",1.99,My Label Game Studio,0,0,False,0
1104830,Mystery Masterpiece: The Moonstone,"Jun 28, 2019",4.99,Freeze Tag,0,12,False,0
1531790,Silent Earth,"Mar 5, 2021",0.0,Fring Frang Games,0,11,False,0
1079320,Dragon Extinction,"Oct 16, 2020",10.49,Xefier Games Inc.,0,70,False,0
1092060,Hiscores! Gold,"Jun 21, 2019",0.99,Alexander In Uganda,0,7,False,0
1546770,The Vagabond Emperor,"Jul 29, 2021",19.99,WigglingEyebrows,0,25,False,0
2050450,THE MADMAN,"Jul 2, 2022",10.99,Nikita Morti,0,10,False,0
526450,Hack Time,"Jul 18, 2017",2.99,i273 LLC,0,0,False,0
1759580,Tower To Heaven,"Oct 6, 2021",0.0,b1stable,0,4,True,0
546610,Acro Storm,"Dec 28, 2016",4.99,Blue Comet Games,0,11,False,0
610110,Love Story: Letters from the Past,"Mar 29, 2017",6.99,Media Art,0,2,False,0
706280,Devil in the Pines,"Sep 29, 2017",3.99,Rebelware Games,0,22,False,0
300550,Shadowrun: Dragonfall - Director's Cut,"Sep 18, 2014",14.99,Harebrained Schemes,0,5034,True,0
335090,Goscurry,"Jan 16, 2015",7.99,"Daniele Giardini,Isak J Martinsson",0,37,True,0
201510,Flatout 3: Chaos & Destruction,"Dec 13, 2011",0.99,Team 6 Studios,0,506,False,0
200710,Torchlight II,"Sep 20, 2012",19.99,Runic Games,0,38103,True,0
1157960,Blackout Rugby Manager,"Jul 14, 2022",0.0,Blackout Games,0,59,True,0
1558750,Let's Learn Xiangqi (Chinese Chess),"Mar 17, 2021",5.99,Dr. Cyril Splutterworth,0,4,False,0
1369570,Spirit Messages,"Jul 28, 2020",0.0,Kevin Wacknov,0,0,False,0
1519020,Boom,"Feb 14, 2021",0.0,Morningstar Studios,0,14,False,0
898290,V.O.I.D.,"Nov 28, 2018",4.99,NAPE GAMES,0,5,False,0
888310,Suitchi,"Oct 25, 2018",0.99,GuruWorks,0,4,False,0
897450,The Survivalists,"Oct 9, 2020",24.99,Team17,0,3529,False,0
453090,Parkitect,"Nov 29, 2018",29.99,Texel Raptor,0,5561,True,0
573040,School of Talent: SUZU-ROUTE,"Feb 23, 2017",8.99,MyDearest,0,97,False,0
1497240,LoopWorlds,"Dec 31, 2020",2.99,Robert Hendry Games,0,1,True,0
766910,E-Ball,"Feb 21, 2020",9.99,"NewGen Interactive Software, Corp.",0,1,True,0
1449320,Alfred Hitchcock - Vertigo,"Dec 16, 2021",29.99,Pendulo Studio,0,127,False,0
370800,Fields of Battle,"Sep 1, 2017",0.0,Super X Studios LLC,0,125,False,0
1332220,Mightyy's FPS Aim Trainer,"Aug 26, 2021",9.99,Mightyy,0,15,False,0
1133640,Boom 3D Mac,"Oct 4, 2019",19.99,Global Delight Technologies Pvt. Ltd.,0,2,False,0
897580,Avem888,"Jul 26, 2018",4.99,WaVR Tech AB,0,1,False,0
209390,Dungeonbowl - Knockout Edition,"Jul 2, 2012",0.0,Cyanide Studio,0,19,False,0
862220,ReMind VR: Daily Meditation,"Nov 10, 2019",4.99,Free Range Games,0,0,False,0
1715820,Einar - Loki's Traps Playtest,"Apr 22, 2022",0.0,Unknown,0,0,False,0
266840,Age of Mythology: Extended Edition,"May 8, 2014",29.99,"SkyBox Labs,Ensemble Studios",0,23722,False,0
1508570,Summer~Life in the Countryside~,"Mar 25, 2021",18.99,Dieselmine,0,279,False,0
1314270,Adventure mosaics. Small Islanders,"Aug 11, 2020",5.99,DigiMight,0,2,False,0
1203360,Core Defense,"Jul 30, 2020",2.49,ehmprah,0,260,True,0
359610,Assassin’s Creed® Chronicles: India,"Jan 12, 2016",9.99,Climax Studios,0,499,False,0
836770,Art of Murder - Cards of Destiny,"Jul 13, 2018",4.99,City Interactive S.A.,0,79,False,0
1471550,Variable,"Dec 13, 2020",19.99,Kedexa,0,1,False,0
2010520,Martial Story,"Jun 9, 2022",4.99,Interactive Pixel Entmt.,0,0,False,0
1675140,Reminiscence,"Jul 11, 2021",0.0,Reminiscence Project,0,0,False,0
1088960,PsycoCat,"May 31, 2019",0.99,YukiOstudio,0,4,False,0
881610,Professor Watts Word Search: Space Voyage,"Jun 25, 2018",4.99,Ripknot Systems,0,7,False,0
660990,Dead Purge: Outbreak,"Jul 13, 2017",14.99,Microlith Games,0,40,False,0
1229270,Onirike,"Jun 29, 2021",4.49,DevilishGames,0,34,False,0
1915800,Sahara's Underworld,"May 2, 2022",8.99,Hernan Perez,0,11,False,0
1100160,Touhou Seirensen ~ Undefined Fantastic Object.,"Jun 5, 2020",14.99,上海アリス幻樂団,0,181,False,0
1089840,Armored Brigade,"Oct 31, 2019",39.99,Veitikka Studios,0,228,False,0
545960,Wild Animals - Animated Jigsaws,"Nov 7, 2016",9.99,BottleCube inc.,0,125,False,0
236370,Interstellar Marines,"Jul 2, 2013",9.99,Zero Point Software,0,4376,True,0
1049030,Day: 40,"May 27, 2019",10.99,Andrew Grbac,0,6,False,0
1251380,Bottle Journey,"May 7, 2020",0.99,"waqre,waher",0,0,False,0
512020,Box Maze,"Mar 3, 2017",0.99,GamersHype Productions,0,85,False,0
702200,Lost with Dinosaurs,"Sep 9, 2017",0.51,Mihai Morosanu,0,45,True,0
1972440,Shotgun King: The Final Checkmate,"May 12, 2022",5.99,PUNKCAKE Delicieux,0,1392,False,0
1016700,BOY BEATS WORLD,"May 28, 2021",9.99,Duckbridge,0,31,True,0
647930,Danse Macabre: Crimson Cabaret Collector's Edition,"Jul 10, 2017",9.99,Eipix Entertainment,0,4,False,0
1766160,Line Strike,"Feb 2, 2022",0.0,SEFOGU,0,0,False,0
1055890,Game Of Puzzles: Nature,"Apr 11, 2019",0.99,Snkl Studio,0,20,False,0
1967330,Spell Welders,"May 6, 2022",5.99,Lavadog,0,3,False,0
1290780,Residual,"Sep 9, 2021",19.99,Orangepixel,0,17,True,0
440420,True Fear: Forsaken Souls Part 1,"Oct 19, 2016",8.99,Goblinz Enterprises Ltd,0,652,False,0
1617090,Setup Developer Tool 2021,"May 31, 2021",19.99,Tim McArthur,0,4,False,0
1561990,R.T.O. Tales of the Dark Lands - Deluxe Edition,"Mar 29, 2021",9.99,Animas Games,0,1,False,0
1555080,Sniper Ships: Shoot'em Up on Rails,"Mar 26, 2021",1.99,Sensen Games,0,19,True,0
1486890,Mini Slide - Animal Race,"Dec 30, 2020",0.0,Oneiric Worlds,0,12,True,0
1702320,PIGGY: Hunt,"Oct 14, 2021",0.0,Shaggy Doge,0,926,False,0
814200,Simple Story - Alex,"Mar 22, 2018",0.99,КиКо,0,337,False,0
686680,Computer Tycoon,"Oct 12, 2017",19.99,Progorion,0,682,False,0
1497630,Where's Samantha?,"Mar 24, 2021",9.99,Respect Studios,0,15,False,0
776490,永远消失的幻想乡 ～ The Disappearing of Gensokyo,"Jan 11, 2018",10.99,MyACG Studio,0,2820,False,0
927270,Accounting+,"Oct 18, 2018",11.99,"Crows Crows Crows,Squanch Games",0,614,False,0
1600950,PROPHUNT™,"Jul 5, 2021",9.99,Venalith,0,16,False,0
1583180,Super Vili,"Apr 9, 2021",0.99,Affordable Care Games,0,5,True,0
1442390,Grey Scout,"Oct 22, 2020",2.99,Sokpop Collective,0,13,False,0
1211390,World of Voidia（虚亚世界）,"Jan 31, 2020",16.99,Voidia Game,0,3,False,0
1614190,Big Earth Playtest,"Jun 9, 2022",0.0,Unknown,0,0,False,0
1388520,きみとぼくとかくしごと,"Dec 28, 2020",6.99,CHARON,0,0,False,0
329380,Stealth Inc 2: A Game of Clones,"Apr 30, 2015",1.49,Carbon,0,729,False,0
227000,Primordia,"Dec 5, 2012",9.99,Wormwood Studios,0,2783,True,0
650580,Be Quiet!,"Jul 31, 2017",0.0,Pixelcat Productions,0,2,False,0
1206700,ВЗЛОМ ЖОПЫ,"Feb 7, 2020",0.99,"Filasaf Games,V means Valentina Stepanovna",0,0,False,0
543360,Relaxation balls,"Nov 8, 2016",0.99,DIAMOND FOX,0,52,False,0
251170,Damned,"Oct 6, 2014",19.99,9heads Game Studios,0,2702,False,0
323490,Oblivious Garden ~Carmina Burana,"Dec 12, 2014",14.99,"CorypheeSoft,DigitalEZ",0,494,False,0
1165910,Humanity,"Apr 26, 2021",3.99,Crafty Game Lab,0,20,False,0
724640,AuroraBound Deluxe,"Nov 1, 2017",4.99,Final Game Studio,0,21,False,0
1174890,"No Offence, But","Nov 7, 2019",4.99,Maybe Later Games,0,0,False,0
1254430,YATB：You Are The Best - Egypt Chapter,"Mar 20, 2020",2.99,QWER STUDIO,0,13,False,0
542550,Plankton,"Oct 27, 2016",1.99,PanGuoJun,0,59,False,0
1015250,Caramel Port,"Feb 16, 2019",0.99,"MyDreamForever_Old,Life Jumb DT",0,9,False,0
603930,Battle Princess Madelyn,"Dec 5, 2018",19.99,Causal Bit Games Inc.,0,101,False,0
1135120,Tomscape,"Jan 17, 2020",2.99,Sokpop Collective,0,3,False,0
574780,Naughty Or Nice,"Dec 28, 2016",0.0,VR Junkies,0,6,False,0
329310,Tile Miner,"Nov 10, 2021",14.99,"nalothchris,swanee734",0,35,False,0
710110,Trivia Vault: Mini Mixed Trivia 3,"Sep 19, 2017",0.99,Ripknot Systems,0,38,False,0
1461990,傲剑情缘,"Nov 13, 2020",0.0,上海奇速网络科技有限公司,0,5,False,0
484930,Beekyr Reloaded,"Nov 14, 2017",1.99,KaleidoGames,0,71,False,0
1404130,Gothic Murder: Adventure That Changes Destiny,"Sep 23, 2020",11.99,orange,0,34,False,0
1584840,AGAINST,"Dec 16, 2021",13.99,Joy Way,0,190,False,0
306200,The Happy Hereafter,"Jun 5, 2014",3.99,"Alawar,Mirball Games",0,290,False,0
883400,The treasure of the lost temple,"Jul 4, 2018",0.99,Dupeyron,0,0,False,0
991960,Greed: The Mad Scientist,"Dec 17, 2018",5.09,Urchin Games,0,29,False,0
1049670,The Final Boss,"Jun 13, 2019",4.99,CarloC,0,52,False,0
1017900,Age of Empires: Definitive Edition,"Aug 19, 2019",19.99,"Forgotten Empires,Tantalus",0,8087,False,0
351290,SURVIVAL: Postapocalypse Now,"Dec 3, 2019",14.99,TB Games,0,5069,False,0
1047800,Ladderhead,"Dec 13, 2019",2.99,Karolis Dikcius,0,4,False,0
1246420,"Clown Nightmare, Satan's Joke","Apr 4, 2020",2.99,Mark Holmberg,0,7,False,0
820320,Word Typing Game,"Apr 5, 2018",0.99,Rifat Erdoğan,0,26,False,0
824430,Black Circle,"Apr 30, 2018",0.99,Black Circle,0,0,False,0
1390390,Shu's Misfortune,"Dec 22, 2020",0.0,Moonana,0,13,False,0
1534590,Farm Dungeons,"Feb 24, 2021",2.99,JRPG.Novels,0,6,False,0
1717810,Westwood Shadows: Prologue,"Sep 23, 2021",0.0,RedSoup Studio,0,0,False,0
1236670,Codename: Terranova,"Jul 27, 2020",23.99,ACGames,0,17,False,0
1462430,Ms.Director,"May 17, 2021",4.99,SketchyNonsense,0,35,False,0
1987750,Silent World,"Jun 1, 2022",0.0,DAYAStudio,0,0,False,0
843160,The Lift,"Oct 30, 2018",5.99,Bulls Bros,0,7,False,0
494290,MiDZone,"Jul 11, 2016",2.99,"NFA,AMASS",0,29,False,0
871140,Great Old One - Arrival,"Dec 3, 2018",8.99,Mahjong Knight,0,7,False,0
385350,Deadweight,"Apr 22, 2016",0.99,Daniel Kim,0,15,False,0
1491490,Cosmonious High,"Mar 31, 2022",29.99,Owlchemy Labs,0,111,False,0
1909280,Alchemist Arena,"Mar 28, 2022",5.99,Thricefold Studios,0,0,False,0
1297540,Blobkin Blaster,"Aug 19, 2021",3.74,Brave Lunch,0,5,False,0
1300890,Tap-A-Zombie,"May 12, 2020",1.99,Electronauts,0,1,False,0
409280,Blue Sheep,"Mar 31, 2016",1.99,Noetic Games,0,18,True,0
366550,Zeuxis : procedural texture generator,"Jun 2, 2015",6.99,Martin Veilleux,0,22,True,0
1159340,March Forward,"Oct 15, 2019",4.99,Ram,0,0,False,0
1091590,Cathedral 3-D,"Oct 28, 2020",0.0,Unfinished Games,0,35,True,0
1435310,Shotgun Witch,"Oct 24, 2020",0.0,"Asephy,Dementori,Jchoco",0,723,False,0
1645140,Apple Bang!,"Jun 5, 2021",0.99,Sundoe,0,30,False,0
1935160,Hit Him,"Apr 12, 2022",0.99,Kohu,0,8,True,0
1986500,The Hunt of the Blood Moon Playtest,"May 19, 2022",0.0,Unknown,0,0,False,0
1282510,Cards & Crystals,"May 25, 2020",11.99,Falko Michael Kötter,0,15,False,0
254060,KnightShift,"Sep 27, 2013",1.39,Reality Pump,0,759,True,0
1885820,Putridness,"Feb 20, 2022",9.59,Igor Litvinsky,0,3,False,0
502990,Kisaragi no Hougyoku,"Oct 14, 2016",3.99,"Waiting for you guys,Infinitemangastudios",0,1,False,0
553330,"Clutter 7: Infinity, Joe's Ultimate Quest","Aug 9, 2017",9.99,Puzzles By Joe,0,5,False,0
1371520,Red Colony Uncensored,"Aug 12, 2021",7.99,RunicCodes,0,0,False,0
975950,Effie,"Jan 28, 2020",19.99,Inverge Studios,0,265,False,0
1585330,Survival Z,"Apr 26, 2021",14.99,Ember Entertainment,0,7,False,0
1454140,SUPERCHICOS,"Nov 24, 2020",0.0,Waraní Studios,0,45,False,0
1318980,Virtual Exhibition,"May 28, 2020",0.0,Kersten Glaser,0,72,False,0
406120,Astral Breakers,"Feb 4, 2016",4.99,Intropy Games,0,10,True,0
675500,ACT IT OUT XL! A Game of Charades - Designed for Twitch,"Mar 6, 2018",11.99,Snap Finger Click,0,36,False,0
1092800,Summit of the Wolf,"Apr 21, 2020",14.99,Storycentric Worlds,0,18,False,0
655040,Deltaplan Simulator,"Aug 3, 2017",4.99,Starmops,0,10,False,0
727040,Alucinod,"Aug 29, 2019",14.99,Thomas Pettus,0,28,False,0
1380760,Color Crush 2,"May 10, 2021",5.99,Frederik Holst,0,5,False,0
1879850,Loading Zone,"Mar 14, 2022",2.99,Lukas Kolesar,0,5,False,0
1749020,Trials of Proelium,"Dec 16, 2021",11.99,Retroactive Fort,0,5,False,0
267490,Batman™: Arkham Origins Blackgate - Deluxe Edition,"Apr 1, 2014",19.99,"Armature Studio, LLC",0,840,False,0
595260,Heat Guardian: Re-Frozen Edition,"May 10, 2018",9.99,Denis Rudoy,0,67,False,0
791020,"Drumpf: Rise Up, Libertonia!","Feb 17, 2018",0.0,DP3 Softworks,0,31,False,0
713930,The Perplexing Orb,"Sep 7, 2021",4.99,TreeFall Studios L.L.C.,0,1,False,0
1733610,Alpine - The Simulation Game,"Nov 23, 2021",24.99,HR Innoways,0,15,False,0
1836610,Adarin Farm Playtest,"Nov 30, 2021",0.0,Unknown,0,0,False,0
1619450,Heart of a Warrior,"Feb 1, 2022",10.99,Techworld Communication,0,0,False,0
785430,Space Farm,"Oct 16, 2020",11.99,Digital Decade,0,1,False,0
1917320,A Slit of Joy,"Apr 3, 2022",2.29,GameMaker8YT,0,6,False,0
1980980,The Backroom Project,"May 15, 2022",9.99,Patrik Nagy - alien299,0,64,True,0
514400,Legends of Time,"Sep 26, 2016",4.99,AstroBear Games,0,15,False,0
1484100,Matt's Project Zombies: Endless,"Dec 15, 2020",7.99,Matt Sowards,0,4,False,0
788410,Tales of Nebezem: Elemental Link,"Feb 22, 2018",3.99,GrayTower,0,34,True,0
1109130,逝去的回忆3：四叶草之梦,"Aug 16, 2019",9.99,神族宝,0,544,False,0
1743140,"I, W.O.M.A.N.","Feb 14, 2022",3.99,Occupational Hazard LLC,0,2,False,0
1970300,Whisper Books,"Jul 1, 2022",5.99,滑稽猫,0,23,False,0
1147520,Super Bora Dragon Eyes,"Sep 13, 2019",1.79,celikgames,0,0,False,0
758980,Poker Legends: Texas Hold'em Poker Tournaments,"Apr 4, 2018",0.0,DYNAMICNEXT,0,430,False,0
538040,Dante's Forest,"Nov 15, 2016",0.99,zale15droid,0,3,False,0
1610150,CYBER SEX Horny Nurses,"Dec 15, 2021",19.99,Void Creator Games,0,0,False,0
1805980,Comixxx Jixxaw,"Dec 1, 2021",1.99,Lieon Games,0,0,False,0
548220,Paladin,"Mar 21, 2017",6.99,Pumpkin Games,0,6,True,0
494530,Orc Hunter VR,"Jul 24, 2017",0.0,Orc Hunter Developer Team,0,7,False,0
1212040,Paws & Effect: My Dogs Are Human!,"Feb 28, 2020",4.99,Shimmersoft,0,7,False,0
829410,Project Myriad,"Jul 18, 2018",0.0,RoninGameDev,0,6,False,0
466350,Fossil Echo,"Jul 8, 2016",9.99,Awaceb,0,82,True,0
1410600,MIRAY,"Jul 28, 2021",6.99,Poobool,0,42,False,0
1596110,Sweet Desire,"May 20, 2021",2.99,SweetGamez,0,0,False,0
502120,Anicon - Animal Complex - Cat's Path,"Aug 2, 2016",7.99,Zeiva Inc,0,27,False,0
407130,Tank Mechanic Simulator,"Feb 20, 2020",19.99,DeGenerals S.A.,0,5771,False,0
1243290,K'nife Fight,"Sep 13, 2020",4.99,Dogwood Gaming,0,3,False,0
655200,Arena,"Aug 1, 2017",2.99,Surreal Games,0,5,False,0
1226250,"Synthesis: Mind, Body, and Soul","Feb 15, 2020",0.0,Out of Bounds Playground,0,22,False,0
1661260,Animal Shelter: Prologue,"Nov 3, 2021",0.0,Games Incubator,0,0,False,0
986280,Lingua Fleur: Lily,"Mar 29, 2019",4.99,"Narrator,STORIA",0,181,False,0
468150,Trap House,"Jun 14, 2016",9.99,Hive Mind Studios,0,6,False,0
355090,Second Coming: Tactical Training,"Apr 30, 2015",4.99,Modern Paradise Media Inc.,0,5,False,0
45760,Ultra Street Fighter® IV,"Aug 7, 2014",29.99,Capcom,0,10946,False,0
1160980,Legendary Arcane 2 Universe,"Mar 13, 2020",1.99,"Maxime Côté,Simon Côté",0,1,True,0
2076030,THE FATE OF MIRADOR CHAPTER ONE,"Jul 23, 2022",8.99,OneManVN,0,0,True,0
1499120,I Expect You To Die 2,"Aug 24, 2021",17.99,Schell Games,0,769,False,0
913830,Slime Age: Parody MMORPG Clicker,"Aug 22, 2018",0.99,Andrew Chuprina,0,7,False,0
267060,Gravity Badgers,"Nov 28, 2013",4.99,Wales Interactive,0,266,True,0
864430,SilverFrame(纯白星原),"Mar 31, 2021",6.99,phixcat,0,56,False,0
756790,cityglitch,"Feb 23, 2018",2.99,mindfungus,0,14,True,0
1347490,箱庭小相撲,"Jun 27, 2020",0.0,Shin Tomura,0,1,False,0
1275330,Viking Heroes,"Apr 15, 2020",6.99,Yustas Game Studio,0,23,False,0
767500,Once in Yaissor 2,"Dec 29, 2017",0.99,Valera Entertainment,0,36,False,0
1633930,SEN.TUR.,"Aug 31, 2021",4.99,Ludum Factorem,0,1,False,0
1153120,ROAD HOMEWARD 4: last step,"Sep 24, 2019",3.99,OFF1C1AL,0,0,False,0
1866310,Click Quest 3D 2: Plus,"Mar 27, 2022",4.99,Jhinbrush,0,0,False,0
1382730,Midnight Scenes Episode 2 (Special Edition),"Sep 8, 2020",3.59,Octavi Navarro,0,64,False,0
845040,AegisM,"Jul 27, 2018",4.99,Aurox Studios,0,39,True,0
41500,Torchlight,"Oct 27, 2009",14.99,Runic Games,0,5424,False,0
702790,午餐13,"Jun 13, 2018",0.99,quanhome,0,15,False,0
561340,Merlin adventurer store,"Dec 2, 2016",2.99,DyingCat,0,106,False,0
1788740,MedaAbi,"Mar 10, 2022",4.99,オモムロス,0,0,False,0
741490,Atlantis VR,"Nov 3, 2017",0.49,MMEU,0,23,False,0
1630890,Rift Adventure,"Sep 16, 2021",7.99,GameBrew Studio,0,19,False,0
1732650,Robot88,"Nov 21, 2021",5.99,HFM Games,0,80,False,0
1449250,狂潮-Staggering Through The Dark,"Nov 18, 2020",1.99,Longxi Zhao,0,32,False,0
1507390,Hentai  ヘンタイ -  C-GUM VACCINATION,"Jan 14, 2021",7.99,Ero Team Triangle,0,0,False,0
593070,Digby Extreme,"Oct 16, 2017",4.99,3 Sprockets,0,39,True,0
677240,Trespassers,"Oct 6, 2017",7.99,CrazyBits Studios,0,16,False,0
225840,Sven Co-op,"Jan 22, 2016",0.0,Sven Co-op team,0,23200,True,0
446060,akeytsu Indie 2017,"Feb 2, 2017",0.0,nukeygara,0,40,False,0
1690030,Soup!,"Aug 11, 2021",0.99,Sweet Games,0,0,False,0
599390,Battle for Wesnoth,"May 1, 2018",0.0,The Battle for Wesnoth Project,0,3567,True,0
869880,Cyanide & Happiness - Freakpocalypse (Episode 1),"Mar 11, 2021",19.99,"Explosm,Skeleton Crew Studios",0,602,True,0
879660,10k,"Aug 15, 2018",14.99,Dynamoid,0,2,False,0
1074820,Eudemons Online,"Oct 28, 2020",0.0,NetDragon,0,54,False,0
1654330,AudioSpace,"Jun 30, 2021",10.79,Ferrit,0,7,False,0
975000,"NO, THANK YOU!!!","Nov 15, 2018",39.99,parade,0,9,False,0
41400,Doom Rails,"Nov 4, 2009",2.99,"Dream Forge Entertainment, LLC",0,8,False,0
378630,Shadows on the Vatican Act II: Wrath,"Oct 26, 2015",6.99,"Daring Touch,10th Art Studio",0,81,False,0
659460,RiotZ,"Jul 6, 2017",3.99,Triple Rush Games,0,7,False,0
815370,Green Hell,"Sep 5, 2019",24.99,Creepy Jar,0,41669,False,0
418520,SculptrVR,"Apr 4, 2016",19.99,Nathan Rowe,0,88,False,0
552030,Artillerists,"Jan 2, 2017",3.99,SolarLance,0,102,True,0
485830,Star Merc,"Feb 10, 2017",1.99,D247 Games,0,29,False,0
1894550,Facility 386,"Feb 28, 2022",3.86,Game Delivery,0,2,False,0
1166120,SisterFight,"Oct 24, 2019",2.99,FoxNyan Games,0,0,False,0
1683860,Eronoctosis: Put Yourself Together,"Oct 10, 2021",0.0,Dream Toaster Games,0,0,False,0
290180,Gnomancer,"Apr 7, 2021",11.99,ProjectorGames,0,15,False,0
250560,Fight The Dragon,"Dec 4, 2014",9.99,3 Sprockets,0,1047,True,0
1602330,clown town 1443,"May 5, 2021",4.99,YASSER MAHMOUD FATHY MAHMOUD MEAILY,0,21,False,0
365290,House of Nightmares B-Movie Edition,"Apr 22, 2015",0.99,Morphodox Studios,0,3,False,0
526540,8infinity,"Sep 23, 2016",0.51,ENTERi,0,235,True,0
1228670,Malvin`s Prehistoric Adventures,"Sep 4, 2020",6.99,Basic Sloth,0,8,False,0
1977420,Terror of Hemasaurus Playtest,"Apr 29, 2022",0.0,Unknown,0,0,False,0
403980,World Ship Simulator,"Nov 4, 2016",19.99,Odin Game Studio,0,52,False,0
1967750,Iron Jaw,"May 24, 2022",0.0,Illo Games,0,0,False,0
233150,LUFTRAUSERS,"Mar 18, 2014",9.99,Vlambeer,0,3791,True,0
1477630,Swing Dunk,"Sep 15, 2021",0.0,BucketPlay.inc,0,274,False,0
1575640,SOL CRESTA,"Feb 21, 2022",39.99,PlatinumGames Inc.,0,54,False,0
2003950,Goblin Gladiators Playtest,"Jul 21, 2022",0.0,Unknown,0,0,False,0
1624350,Super Onion Boy 2,"Aug 6, 2021",4.99,PowerSlash Studios,0,14,False,0
786620,Dash Blitz,"Mar 20, 2018",4.99,X-Joy Games,0,4,False,0
1266420,Paper Ghost Stories: 7PM,"Sep 2, 2020",4.99,Cellar Vault Games,0,60,False,0
1546190,Life is sad,"Mar 4, 2021",0.99,b40,0,1,False,0
1262920,Horned Knight,"Feb 26, 2021",5.99,Josep Monzonis Hernandez,0,5,False,0
1142000,Challenging Dogfights,"Oct 1, 2019",0.99,Fürst,0,0,False,0
102810,Gatling Gears,"Aug 30, 2011",9.99,Vanguard Games,0,114,False,0
1165740,Match Solitaire,"Feb 20, 2020",5.99,David Taylor,0,3,False,0
1144520,Air,"Oct 30, 2019",5.99,Calepin Studio,0,2,False,0
1581750,Rapper Life Simulation,"May 5, 2021",9.99,EY Games,0,9,False,0
1823050,Determina Playtest,"Nov 19, 2021",0.0,Unknown,0,0,False,0
1077560,무연,"Aug 27, 2019",9.99,Nano Studio,0,6,False,0
1845780,Shape Boxed,"Dec 24, 2021",3.99,QuickBobber,0,0,False,0
1675100,AE86 EUROBEAT DRIFT,"Jul 16, 2021",1.99,deadworld games,0,12,False,0
1400350,Rescue Rina,"Sep 25, 2020",1.99,Anamik Majumdar,0,2,True,0
1872250,DANCEHALLBRAWL,"Feb 13, 2022",4.99,PSY-KYO DYSFI,0,0,False,0
674150,Simon the Sorcerer: 25th Anniversary Edition,"Apr 3, 2018",8.99,"MojoTouch,Adventure Soft",0,61,False,0
1802870,Secret Pie,"Nov 18, 2021",5.99,Momentum Games,0,0,False,0
794940,Hexa Turn,"Feb 26, 2018",2.99,Abdullah Firat,0,90,False,0
906770,TITAN SLAYER Ⅱ,"Feb 19, 2019",29.99,"COLOPL, Inc.",0,27,False,0
1338160,Monster Tower,"Jun 30, 2020",9.99,TSUKASAYA,0,0,False,0
346040,Joe's Diner,"Mar 31, 2015",2.39,VIS-Games,0,80,True,0
725340,Lines X Free,"Oct 31, 2017",0.0,Konstructors,0,1300,True,0
1706870,Sven's SudokuPad,"Nov 25, 2021",2.99,Sven Neumann,0,27,False,0
404620,The Political Machine 2016,"Feb 4, 2016",0.0,Stardock Entertainment,0,553,False,0
227200,Waking Mars,"Dec 13, 2012",9.99,Tiger Style,0,1000,True,0
796460,Individual Investor Tycoon,"Feb 21, 2018",4.99,JinDing Chen,0,18,False,0
1244210,Fragile Box,"Feb 21, 2020",0.99,Kara Sokra,0,16,False,0
1578920,CrateTastrophe,"Apr 7, 2021",1.99,Starstrike Studios,0,5,False,0
1198600,Pizza Time Explosion,"Dec 17, 2019",5.99,Electric Prune Juice,0,25,False,0
1405790,John Wick Hex,"Dec 4, 2020",19.99,Bithell Games,0,275,False,0
382140,SKYHILL,"Oct 6, 2015",9.99,Mandragora,0,2956,True,0
639730,Murder In Tehran's Alleys 2016,"Jun 8, 2017",9.99,RSK Entertainment,0,8,False,0
1070300,Power Brain Trainer,"Aug 20, 2019",11.99,"Serhii Khramov,Dmytro Pohrebnyi,Ivan Shutko,Illia Ustenko",0,23,False,0
1563850,DIY MY LADY,"Mar 20, 2021",8.99,William at Oxford,0,104,False,0
369370,Crossfire: Dungeons,"May 21, 2015",3.99,Random Thoughts Entertainment,0,34,False,0
978110,Mutland,"Dec 20, 2018",7.99,Riovox,0,0,False,0
683220,Business-hooiznes,"Aug 25, 2017",0.51,"Nikita Ghost_RUS,Underanger TheGachiWarrior",0,35,False,0
975700,KóterGame,"Dec 11, 2018",0.0,Dzsembori,0,49,False,0
326840,Heart&Slash,"Aug 9, 2016",3.89,AHEARTFULOFGAMES,0,424,True,0
786370,Alien Crusader,"Mar 9, 2018",0.0,Zydrone,0,48,False,0
448310,Bitardia Cards: Memes of 2ch,"May 19, 2016",0.0,varlamov5264,0,142,True,0
347720,Soda Drinker Pro,"Apr 13, 2016",4.99,Snowrunner Games,0,517,False,0
422910,Creeper World: Anniversary Edition,"Nov 16, 2016",4.99,Knuckle Cracker,0,576,False,0
1848250,Dog Adventure,"Dec 30, 2021",0.99,OrangePig Studio,0,14,False,0
1844030,Cricket 22 - Academy Creation Tools,"Dec 14, 2021",0.0,Big Ant Studios,0,0,False,0
1418460,Mygnar,"Oct 1, 2020",0.99,Mundo Pilbo,0,11,False,0
1187870,FORZA POLPO!,"Nov 24, 2021",14.49,MONTE GALLO,0,13,False,0
702430,SCHOOL SIMULATOR MULTIPLAYER,"Sep 10, 2017",9.99,CREATIV GAME DEVELOPER LLC.,0,17,False,0
3340,AstroPop Deluxe,"Aug 30, 2006",4.99,"PopCap Games, Inc.",0,58,False,0
752600,Dual Snake,"Jan 30, 2018",0.0,Yfrit Games,0,50,False,0
1696090,HYPERBALL TACHYON,"Nov 19, 2021",7.99,Rendah Games,0,11,False,0
351730,On My Own,"Feb 26, 2016",7.99,"Beach Interactive,Close Studios",0,89,True,0
1208420,The War Enders Evolution,"Jan 19, 2020",0.0,Crystal Heart's Studio,0,12,False,0
256070,Truck Racer,"Oct 18, 2013",9.99,Kylotonn Entertainment,0,203,False,0
780520,Technolites: Episode 1,"Oct 31, 2018",0.99,ZUGALU ENTERTAINMENT,0,4,False,0
1101340,Fighting Frenzy: Swole Simulator,"Aug 3, 2019",1.99,"Luca Della Valentina-Torzillo,Paul Ton,David J Kim,Nikhil Singh",0,2,False,0
1581420,Pets No More,"Jul 25, 2021",4.99,Purple Tree S R L,0,11,False,0
612540,Sudden Strike 3,"May 22, 2017",5.99,Fireglow,0,100,False,0
1300140,HereticOS MR Lab,"Aug 10, 2020",59.99,大雪原工作室,0,0,False,0
349540,PeriAreion,"Feb 19, 2015",0.0,Explorasaurus Studios,0,18,False,0
920640,Emitters - Drone Invasions,"Nov 4, 2018",9.99,HYTEK94,0,10,False,0
2026700,The ordinary case of Margaret Luoni Playtest,"Jul 19, 2022",0.0,Unknown,0,0,False,0
433120,Crash Landing,"Feb 4, 2016",9.99,Claws of Lorek,0,4,False,0
776970,Scary new year,"Jan 25, 2018",6.99,SimplexGameStudio,0,0,True,0
2390,Heretic: Shadow of the Serpent Riders,"Aug 3, 2007",4.99,Raven Software,0,766,False,0
1345050,Wotheguel,"Aug 19, 2020",2.99,Eren Çoban,0,1,False,0
1378670,Adapted Adventures: Crystal Cave,"Jan 12, 2021",0.0,NEO CRYSTAL GAMES LTD,0,5,True,0
1965030,Erroneous Playtest,"Apr 12, 2022",0.0,Unknown,0,0,False,0
638110,Desert Bus VR,"Nov 27, 2017",0.0,Dinosaur Games,0,1328,False,0
448300,Logic Missile,"Apr 28, 2016",0.99,Bouchard Industries,0,3,False,0
1013890,青蛙跳模拟器,"Feb 7, 2019",0.99,Strodio,0,56,False,0
289580,Aggression: Europe Under Fire,"Apr 9, 2014",9.99,Lesta Studio,0,51,False,0
357920,Final Strike,"Jun 23, 2016",9.99,Ghost Machine,0,14,False,0
294190,A-Men 2,"Jun 24, 2015",8.99,Bloober Team SA,0,13,False,0
1173240,Profitania,"Mar 18, 2020",19.99,LavaMind,0,2,False,0
406850,Crush Your Enemies,"Jul 13, 2016",9.99,Vile Monarch,0,314,True,0
1210110,Midnight Ride,"Apr 11, 2020",4.99,Horny NPC Games,0,0,False,0
1425370,Razenroth 2,"Aug 6, 2021",0.49,Enitvare,0,17,False,0
786020,Warhead,"Jun 11, 2019",0.0,Mibli,0,3,False,0
1591500,猫头鹰和灯塔,"Jul 11, 2021",14.99,WoodenWolf,0,9,False,0
1335430,The Orb Chambers REMASTERED,"Jun 12, 2020",0.99,StarSystemStudios,0,5,False,0
1707870,RiffTrax: The Game,"May 5, 2022",8.99,"Wide Right Interactive,Mark Zorn,Kurt Wojda",0,93,False,0
349190,Soul Locus,"Apr 30, 2015",9.99,Fat Loot Games,0,23,False,0
1552730,Fireworks Simulator: Realistic,"Mar 10, 2021",2.99,SnowBaby Games,0,91,False,0
1215690,World War 2 Zombie Attack VR Coronavirus Simulator,"Feb 4, 2020",4.99,Monkey Reality,0,1,False,0
37290,Zenerchi®,"Aug 12, 2009",9.99,Red Rocket Games,0,11,False,0
1976590,Eternal Space,"Jun 21, 2022",3.99,"Dags-Extra Animations,Burning Scale Studios",0,0,False,0
1678090,Dark Home,"Jul 14, 2021",0.99,Chris Rickett,0,10,False,0
1476690,15 puzzle,"Dec 4, 2020",0.0,Vectura Games,0,4,False,0
1007840,Wanking Simulator,"Mar 19, 2020",0.99,MrCiastku,0,0,False,0
15740,Oddworld: Munch's Oddysee,"Dec 20, 2010",4.99,Oddworld Inhabitants,0,665,False,0
338130,Strategy & Tactics: Wargame Collection,"Apr 22, 2016",9.99,HeroLabs,0,170,False,0
1674720,Rage Quit,"Aug 13, 2021",4.99,Ionborn Entertainment,0,26,False,0
604060,Goblin Harvest - The Mighty Quest,"Mar 6, 2017",9.99,Ian Williams,0,8,False,0
399040,Legends of Solitaire: Curse of the Dragons,"Sep 28, 2015",4.99,The Revills Games,0,101,False,0
599420,The Raiders,"Mar 2, 2017",7.99,Applemint,0,2,False,0
1454390,The Farm,"Feb 16, 2021",4.99,SN Mobile Technology,0,28,False,0
674380,Delude - Succubus Prison,"Aug 4, 2017",0.99,Halissoni,0,8,True,0
1385830,MagicalGirl Mimi,"Aug 20, 2020",0.79,Nacks Soft,0,1,False,0
375290,Superstatic,"Sep 15, 2015",4.99,Sleepy Studios,0,21,False,0
954880,PanoPainter,"May 20, 2019",19.99,OmixLab LTD,0,28,False,0
1386680,Rain Leak Life -  雨漏り人生,"Oct 1, 2020",3.99,H.O SOFT Inc.,0,1,False,0
1235980,Nice Try!,"Feb 12, 2020",1.99,Roman Shuvalov,0,0,True,0
296050,Battlepaths,"May 30, 2014",2.99,Key17 Games,0,587,False,0
1128480,Nice Jumper,"Aug 9, 2019",0.0,Nikolai Usachev,0,253,True,0
1076880,Air Marty,"Nov 17, 2019",2.99,Myles Jorgensen,0,256,True,0
521320,Final Warrior Quest,"Apr 12, 2018",0.0,The Game Brewery,0,23,False,0
1697250,Brick People,"Aug 23, 2021",1.99,soxcz,0,1,False,0
869100,Universally Loved,"Aug 3, 2018",1.99,"Meant, LLC",0,5,False,0
1662090,Hyper-5,"Jan 28, 2022",9.99,Hyper Productions,0,13,False,0
1390490,Kohate,"Oct 15, 2020",4.99,DarkStone Digital,0,46,False,0
1203580,Photo Quiz - Animals,"Dec 13, 2019",0.49,Boogygames Studios,0,10,False,0
1370550,Circles of Hell,"Jul 30, 2020",0.99,Tobias,0,2,False,0
2004430,The Search for Fran 2,"Jun 7, 2022",0.99,Archor Wright,0,11,False,0
1117880,Biolab Wars,"Aug 23, 2019",1.99,2ndBoss,0,81,True,0
1388900,The Banana Saved The World,"Nov 6, 2020",2.99,Moket-Studio,0,1,False,0
1830780,Hentai Houseparty: Gyaru Gangbang,"Jan 18, 2022",9.99,Miel,0,0,True,0
406840,Professor Teaches Outlook 2016,"Oct 12, 2015",14.99,Individual Software,0,0,False,0
714800,Maitetsu,"Jun 29, 2018",14.99,Lose,0,306,False,0
39360,Freeze Tag Fun Pack #1,"Sep 23, 2009",19.99,"Freeze Tag Inc.,Joju Games,Linksolutions Ltd.,Dekovir Entertainment",0,0,False,0
1739160,――Chigau!!!,"Sep 16, 2021",14.99,"StudioThursday, Inc.",0,11,False,0
944440,"POWERCUT, Inc.","Nov 21, 2018",2.99,Zoka Bros.,0,14,False,0
1729770,Fantasy Jigsaw Puzzle 2,"Aug 21, 2021",0.59,Lolita LineArt,0,0,False,0
644870,Fortress of Hell,"May 22, 2019",0.69,Aldorlea Games,0,6,False,0
1579690,Void Surfer,"Apr 7, 2021",7.99,Seared Entertainment,0,1,False,0
1632010,Pantyhoes,"Jun 3, 2021",3.99,VCProductions3DX,0,0,False,0
651090,Aces High III,"Aug 23, 2017",0.0,HiTech Creations Inc.,0,194,False,0
1838140,Snowman Adventure,"Jan 2, 2022",0.99,Quarlellle,0,27,False,0
253570,Gentlemen!,"Nov 5, 2013",4.99,Lucky Frame,0,51,True,0
1851490,Project F4E Playtest,"Feb 9, 2022",0.0,Unknown,0,0,False,0
1623090,From Earth To Heaven,"Sep 5, 2021",6.99,EpiXR Games UG,0,19,False,0
836400,Basketball Hero VR,"Jun 20, 2018",0.0,Caleb Scott,0,1,False,0
2050840,ワタシのココロは綺麗ですか？ - Am I Kind Hearted ? -,"Jul 20, 2022",19.99,"CyberStep, Inc.,Rideon Works Co. Ltd,",0,0,False,0
1034460,Hentai! GIRLS GIRLS GIRLS,"Apr 5, 2019",0.0,Cheesecake Studios,0,0,False,0
621010,Headmaster,"Aug 30, 2017",19.99,Frame Interactive,0,31,False,0
1211230,Legend of Streets,"Jan 17, 2020",4.99,TechNQ studio,0,1,False,0
1967110,The Secret Life of Dorian Pink | Prologue,"May 13, 2022",0.0,amberlimshin,0,0,False,0
1933050,Omega Pilot,"May 12, 2022",14.99,XOCUS,0,42,False,0
58230,MacGuffin's Curse,"Apr 19, 2012",9.99,Brawsome,0,101,True,0
343840,Trash TV,"Feb 23, 2015",6.99,Lawrence Russell,0,109,False,0
1371940,Milo's Quest,"Jul 29, 2020",4.99,lightUP,0,11,False,0
1763990,Dice vs Dice,"Dec 2, 2021",4.99,CodingApe Games,0,12,False,0
1869880,SlingStar,"Jan 27, 2022",0.0,greasefiregames,0,0,False,0
502100,Death's Life,"Oct 26, 2016",2.99,Umbu Games,0,34,False,0
748970,Zen Chess: Mate in One,"Apr 10, 2018",0.99,Minimol Games,0,224,False,0
1484720,Dead Estate,"Oct 19, 2021",14.99,Milkbar Lads,0,1867,False,0
1903490,Crabby Beach,"Mar 10, 2022",10.99,HentyUI,0,10,False,0
713550,Hikaru's Cube,"Sep 15, 2017",4.99,Studio Nightpager,0,1,False,0
1598750,魔法与高塔,"Apr 23, 2021",0.99,cryhades,0,16,False,0
1938290,Vactics,"Jun 21, 2022",9.99,The Lemur Conspiracy,0,9,False,0
735010,Fantasy of Eden,"Nov 10, 2017",2.99,HUNTERS,0,5,False,0
528970,SOS Survival,"Oct 31, 2018",9.99,StudioFriends,0,18,False,0
1396020,Fill and Cross Royal Riddles,"Sep 18, 2020",4.99,Creobit,0,1,False,0
1057560,Rebound Dodgeball Evolved,"Sep 20, 2019",14.99,Hexterion,0,4,False,0
1720850,A=B,"Mar 29, 2022",4.99,Artless Games,0,317,False,0
1397620,Flat Earth Simulator,"Nov 11, 2020",2.99,The Truthtellers,0,47,False,0
292200,Crazy Plant Shop,"Aug 4, 2014",4.99,Filament Classic,0,203,False,0
984080,Christmas Carol,"Nov 19, 2018",9.99,Solid Dev,0,3,False,0
769320,Invasher,"Jan 25, 2019",4.99,Jomjak,0,28,False,0
1710550,World of bombs,"Aug 18, 2021",18.99,Kedexa,0,0,False,0
278360,A Story About My Uncle,"May 28, 2014",14.99,Gone North Games,0,25589,True,0
1440670,Zeepkist,"Jan 28, 2021",11.99,Steelpan Interactive,0,409,False,0
812740,The Plus Point,"Mar 15, 2018",2.99,EasyVisual,0,5,False,0
701370,Pop Pop Boom Boom VR,"Dec 1, 2017",4.99,"Thorne Media, LLC",0,1,False,0
1056710,VTB Basketball League VR,"Apr 12, 2019",0.0,Axyos Games,0,8,False,0
907310,World of Myths,"May 30, 2019",0.0,Rebellious Software,0,253,False,0
1256530,Sentimental K,"Jan 17, 2022",24.99,"Fordays Co.,Ltd.",0,231,False,0
1054570,SushiVR,"Jul 9, 2020",6.99,RabbitlyEntertainment,0,1,False,0
1260370,Deeproot Manor,"May 22, 2020",8.99,FuocoFatuo,0,6,False,0
620900,Witchinour,"Jun 12, 2017",3.89,mahojigoku,0,52,False,0
1465640,Dead Man's Rest,"Mar 14, 2022",11.99,Gallium Games,0,32,True,0
985260,The Morrigan,"Mar 31, 2020",9.99,The Pixel Mine Ltd,0,199,False,0
80360,Blackwell Deception,"Jan 13, 2012",9.99,Wadjet Eye Games,0,450,True,0
1926120,Vampire: The Masquerade - Heartless Lullaby,"Apr 21, 2022",0.0,Entalto Studios,0,0,False,0
839310,Signal Simulator,"Apr 29, 2018",19.99,Blagovest Penev,0,662,True,0
1280180,Get Over Here!,"May 16, 2020",0.0,LIQUID Softworks,0,12,False,0
1864650,Dragon Princess Anastasia,"Apr 22, 2022",1.99,四畳半ファクトリー,0,0,False,0
1333940,Magirune,"Jun 17, 2020",0.0,Technologie XC,0,16,False,0
965180,骑士与魔法战争,"Aug 15, 2019",5.99,上海刃贤网络科技有限公司,0,52,False,0
663300,Enlightenment,"Jul 24, 2018",11.99,LizardKing,0,298,False,0
984070,Chaos Theory,"Feb 1, 2019",13.99,Chaos Theory Studios Ltd.,0,6,False,0
336020,Pahelika: Secret Legends,"Jan 23, 2015",9.99,Ironcode Gaming,0,28,False,0
34313,Sonic Spinball™,"Sep 13, 2010",4.99,SEGA,0,8,True,0
1482550,I Am the Captain Now,"May 27, 2021",8.99,North Lake Games,0,3,False,0
333490,Replay - VHS is not dead,"Jul 9, 2015",9.99,Team Replay,0,40,False,0
1184480,Inertial Drift,"Sep 11, 2020",19.99,Level 91 Entertainment,0,498,False,0
1571220,Chessplosion,"Sep 21, 2021",11.99,CT Matthews,0,97,False,0
1796440,Elimination Games,"Nov 4, 2021",4.99,Ammonite Design Studios Ltd,0,0,False,0
1390850,Target Practice,"Sep 27, 2020",0.99,Tyler F Smith,0,0,False,0
1617490,Samurai Zero Playtest,"Jun 25, 2021",0.0,Unknown,0,0,False,0
1212720,Oh Boy More Cheese,"Oct 23, 2021",2.99,Ryan Bissonnette,0,0,False,0
1310950,DRazor,"May 23, 2020",0.49,Dash Dot Games,0,1,False,0
823320,CrazyHousePlanes,"Apr 27, 2018",9.99,Peter Manfreda,0,0,False,0
1952300,Turbo Sloths Playtest,"Apr 7, 2022",0.0,Unknown,0,0,False,0
963870,Valor & Victory,"Jun 17, 2021",19.99,Yobowargames,0,77,False,0
1732060,Makai Kingdom: Reclaimed and Rebound,"May 10, 2022",19.99,"Nippon Ichi Software, Inc.,Codeglue",0,57,False,0
1174820,Tower Of Heresy,"Jan 8, 2020",0.0,Rattingham Studios,0,7,False,0
1147600,Star Police,"Nov 17, 2019",1.99,Small Games,0,3,False,0
900060,Free Throw,"Aug 20, 2018",0.99,1/13s,0,1,False,0
1632170,Belle Boomerang,"Jun 3, 2022",9.99,Narwhalnut,0,10,False,0
622550,Final Cut: Encore Collector's Edition,"Apr 14, 2017",9.99,Eipix Entertainment,0,5,False,0
1902380,Knights of the Deep Playtest,"Feb 20, 2022",0.0,Unknown,0,0,False,0
905530,Anew: The Distant Light,"Aug 9, 2021",24.99,Resonator,0,9,False,0
1495820,Onsen Master Playtest,"Feb 18, 2021",0.0,Unknown,0,0,False,0
1455300,Glory of Rome,"Jan 7, 2022",6.99,Simon Codrington,0,24,False,0
666220,CS2D,"Nov 15, 2017",0.0,Unreal Software,0,7380,True,0
1718740,Space Battle SVF,"Sep 10, 2021",0.9,Sonic-Alpha,0,2,False,0
1553990,TheLastHope,"Aug 9, 2021",5.99,pinheiro studio,0,1,False,0
1661840,Quiet Valley 2,"Jun 24, 2021",0.59,James Horn,0,1,False,0
851710,Trivia Vault: Art Trivia,"May 5, 2018",9.99,Ripknot Systems,0,27,False,0
862500,Talos VR,"Jun 8, 2018",2.99,"GUANGZHOU HUANTEK CO.,LTD",0,0,False,0
328220,Wild Season,"Dec 7, 2015",16.99,Quickfire Games,0,127,True,0
1252020,Ahlman Mansion 2020,"May 18, 2020",0.0,Ahlman Mansion Team,0,11,False,0
1591610,Old Quarry,"Apr 15, 2021",24.99,CoffSt,0,1,False,0
2055970,Boss Hunter,"Jul 8, 2022",1.99,CK Studio,0,1,False,0
1867270,MeteoHeroes,"Feb 28, 2022",7.99,Gammera Nest,0,16,False,0
1577690,Video Game Fables,"Jul 15, 2022",19.99,Momiji Studios,0,9,False,0
1194630,The Dark Pictures Anthology: Little Hope,"Oct 29, 2020",29.99,Supermassive Games,0,4144,False,0
1946300,Masks Of Deception,"Jun 17, 2022",13.99,Reflect Studios,0,97,False,0
1221080,Strip 4: Classmate Study,"Feb 29, 2020",1.99,Spicy,0,38,True,0
459580,LightWalk,"May 17, 2016",4.99,Timeless Games,0,12,False,0
1320940,The Disappearance of the Mitchells,"Jun 2, 2020",9.99,Cupfox Studio,0,7,False,0
1216540,Fishy2,"Jan 28, 2020",9.99,keron veal,0,45,False,0
353360,how do you Do It?,"Feb 27, 2015",0.0,"Nina Freeman,Emmett Butler,Decky Coss,Joni Kittaka",0,2200,False,0
899940,校园恋物语|Love in School,"Jul 27, 2018",0.99,樱,0,45,False,0
961750,Rope Racer O'Neon,"Dec 3, 2018",2.99,Last Tower,0,1,False,0
345860,Super Galaxy Squadron EX Turbo,"Jan 23, 2015",9.99,Synset,0,336,True,0
1888080,Gaslamp Cases 3: Ancient Secrets,"Feb 10, 2022",5.99,eFunSoft Games,0,3,False,0
745550,The Valley In My Mind,"Dec 22, 2017",0.0,Generic Game Studios LLC,0,4,False,0
1021100,Aircraft Carrier Survival,"Apr 20, 2022",19.99,Gambit Games Studio,0,420,False,0
743480,HexaMon,"Nov 17, 2017",9.99,"Fancy Bytes,Reactor",0,4,False,0
1513800,JPN Burst,"May 14, 2021",4.99,Thomas Ngo,0,2,False,0
1276490,Cascading Failure,"Jul 17, 2020",19.99,Swallowed Sun Pty Ltd,0,8,False,0
379530,Fate Tectonics,"Sep 9, 2015",4.99,Golden Gear Games,0,145,False,0
1683510,Runes of Avalon 2,"Aug 3, 2021",5.99,Anawiki,0,3,False,0
1843780,Khoros,"May 18, 2022",11.99,Sureksu,0,2,False,0
1648730,S.O.T.A 2,"Jul 14, 2021",4.99,S.O.T.A Games,0,187,False,0
1789670,Me and my eldritch parasite,"Apr 29, 2022",2.99,ApeHardware,0,5,True,0
1402090,Crisis Wing,"Sep 18, 2020",7.99,Pieslice Productions,0,48,False,0
1923780,Space Out,"May 13, 2022",3.99,Vizabee Games LLC,0,0,False,0
1290620,'Member the Alamo? VR EDITION,"May 20, 2020",4.99,Blue Collar Games,0,2,False,0
799570,Angles,"Mar 7, 2018",9.99,Bio Punk Games,0,3,False,0
266130,Breach & Clear,"Mar 21, 2014",14.99,"Mighty Rabbit Studios,Gun.",0,1930,True,0
889080,Deity Empires,"Sep 25, 2018",24.99,BaileyHausdorff Systems,0,245,False,0
1812970,Immortal Tactics: War of the Eternals,"Jul 15, 2022",14.99,Kenisoft Game Studio,0,68,False,0
1084120,Hindsight 20/20 - Wrath of the Raakshasa,"Sep 9, 2021",14.99,Triple-I Games,0,16,False,0
458380,Gahkthun of the Golden Lightning Steam Edition,"Apr 15, 2016",39.99,Liar-soft,0,74,False,0
1713750,Ginger - The Tooth Fairy,"Jul 13, 2022",14.99,ERMedia,0,0,True,0
1352540,Sentience,"Mar 25, 2021",0.0,Red Meat Games,0,72,False,0
444130,Auralux: Constellations,"Jun 1, 2016",9.99,"Grove Street Games,E McNeill",0,102,False,0
1475900,Snowball Fight At Christmas,"Dec 5, 2020",3.99,"不重要,Elicca,米奈亞,Thecoin6,番茄紅貓,左安,Yu,Oath",0,0,False,0
767590,Raining blocks,"Jan 4, 2018",0.0,"Oscar Ortigueira López,OrtiGames/OrtiSoft",0,19,True,0
1702560,The Birth of an Artificial Intelligence Playtest,"Jul 29, 2021",0.0,Unknown,0,0,False,0
631130,Strata Design 3D SE,"May 16, 2017",0.0,"Strata Mixed Reality, Inc.",0,11,False,0
461030,A Long Way Home,"May 27, 2016",1.99,Jonathan Mulcahy,0,23,True,0
1079790,Orc Colony,"Jun 14, 2019",9.99,Luzon Games,0,23,False,0
1346400,Battle Engine Aquila,"Sep 4, 2020",9.99,Lost Toys Ltd,0,59,False,0
379340,Buggy,"Jul 6, 2015",4.99,Urbanscan,0,12,False,0
1833000,N0va Desktop,"Jan 26, 2022",0.0,COGNOSPHERE PTE. LTD.,0,0,False,0
1889270,Hyperbolica Playtest,"Jan 27, 2022",0.0,Unknown,0,0,False,0
1880690,Familiar,"Apr 19, 2022",5.99,Damsel Stone,0,6,False,0
1972890,Nell Watson's Founder Life,"Jul 11, 2022",0.0,Studio Phanteke,0,0,True,0
1098700,Escape from Chernobyl,"Jul 5, 2019",2.99,Nelset,0,37,True,0
1451940,NEEDY STREAMER OVERLOAD,"Jan 21, 2022",15.99,"WSS playground,xemono",0,12903,False,0
1680650,Astonishing Baseball Manager,"Jan 14, 2022",0.0,Aerilys,0,0,False,0
592660,Zen Garden,"Apr 4, 2017",4.99,300 fps,0,76,False,0
633230,NARUTO TO BORUTO: SHINOBI STRIKER,"Aug 30, 2018",49.99,Soleil Ltd.,0,40108,False,0
1496180,Cinderella Phenomenon: Evermore,"Jan 13, 2021",9.99,Dicesuki,0,131,True,0
445720,Battle Islands: Commanders,"Feb 14, 2017",0.0,DR Studios,0,396,False,0
843840,Space Orb,"Sep 6, 2018",0.99,Outdoor Gaming,0,12,False,0
1504200,Elon's Dream 2,"Jan 7, 2021",1.99,Sosiska Games,0,10,False,0
1956050,Type Zero Playtest,"Apr 27, 2022",0.0,Unknown,0,0,False,0
944750,Forgotten Souls,"Nov 19, 2021",0.0,10101 Software,0,0,True,0
891180,PINPIN BALLBALL,"Nov 1, 2018",0.0,KADOKAWA CORPORATION,0,13,False,0
1914100,Wet Cute Girls,"Jul 22, 2022",2.39,Kotovodk Studio,0,0,False,0
1037990,PHAGEBORN Online Card Game,"Feb 7, 2020",14.99,Games Revolted,0,84,False,0
1602140,The little drone 2,"Apr 29, 2021",1.99,Etienne Andlau,0,0,False,0
1422240,Sex Simulator 2020,"Oct 16, 2020",1.99,Slippy Floor,0,0,False,0
1400930,Save the Date,"Oct 5, 2020",0.0,Post Boredom Games,0,4,False,0
470060,1917 - The Alien Invasion DX,"Jun 10, 2016",4.99,Andrade Games,0,102,False,0
1847130,Tokyo Detectives,"Dec 30, 2021",0.0,Rincho Games,0,0,True,0
1289610,Traumatic Syndrome - Investigative Horror Visual Novel,"May 1, 2020",0.99,Aien Studio,0,4,False,0
433580,Timelapse,"Jan 21, 2016",5.99,GTE Entertainment,0,25,False,0
1636360,DRUM'N'BASS MASSACRE,"Jun 1, 2021",0.49,illuminati,0,1,False,0
727190,BLIK,"Feb 6, 2018",4.99,DimleTeam,0,16,False,0
326180,Sinister City,"Oct 20, 2014",0.99,Jetdogs Studios,0,999,False,0
1584430,Baron Magic,"Aug 13, 2021",2.99,Cleidison,0,0,False,0
1548320,GET OUT!,"Mar 2, 2021",0.0,Milpitians,0,329,False,0
1793780,Poly Memory: Furries 2,"Nov 1, 2021",1.99,Cute Hannah's Games,0,1,False,0
1491660,Nefasto's Misadventure: Meeting Noeroze,"Dec 30, 2020",9.99,Aurora Game Studio,0,1,False,0
436520,Line of Sight,"Jan 31, 2017",0.0,BlackSpot Entertainment,0,5334,False,0
1058590,Franchise Wars,"Apr 15, 2019",1.99,"Jolly Crouton Media Ltd.,Tiny Warrior Games",0,9,False,0
591640,Light It | てらし鬼,"Mar 30, 2017",4.99,Tenkai Games,0,5,True,0
21030,Watchmen: The End is Nigh Part 2,"Jul 29, 2009",4.99,Deadline Games,0,128,False,0
1003520,Hentai Crush,"Mar 14, 2019",1.99,Mature Games,0,1335,False,0
575580,Queen of Seas,"Feb 2, 2017",0.99,KomBits Game Studio,0,87,False,0
1838970,Crush the Castle Legacy Collection,"Mar 29, 2022",9.99,Armor Games Studios,0,38,False,0
1893430,Wardens Playtest,"Feb 3, 2022",0.0,Unknown,0,0,False,0
1475200,Pickup Basketball VR,"Feb 26, 2021",9.99,Revog Games,0,58,False,0
651150,Quantum League,"Apr 15, 2021",9.99,Nimble Giant Entertainment,0,1743,False,0
1842730,Nightmare: The Lunatic,"Jan 6, 2022",14.99,Maetdol Games,0,33,False,0
1429040,Kaputte Kranz Chap1,"Jan 28, 2021",1.99,Sticky Rice,0,8,False,0
745060,Hunter of Antiques,"Nov 30, 2017",14.99,Tomáš Sabol,0,5,False,0
1090190,Winds of Change - The Opening Act,"May 31, 2019",0.0,Tall Tail Studios,0,64,True,0
1311670,The Forsaken Ruins,"May 27, 2020",2.99,SelfMadeGames,0,3,False,0
1960920,Zetria,"Jun 10, 2022",4.99,karnedraws,0,0,False,0
1663270,Below The Ocean,"Dec 11, 2021",5.99,Retro Casual LLC,0,46,False,0
404590,Vikings - Wolves of Midgard,"Mar 24, 2017",29.99,Games Farm,0,2451,True,0
448690,Lionessy Story,"Jun 3, 2017",4.99,"Maltakreuz,Goodsir",0,38,True,0
550320,art of rally,"Sep 23, 2020",24.99,Funselektor Labs Inc.,0,3314,True,0
2018540,MiniRace,"Jun 17, 2022",0.59,LOSEDEAD,0,4,False,0
982920,HammerBorn: Tears Of Mani,"May 2, 2022",7.99,Hareware Studios,0,0,False,0
1528820,Unconventional Ragdoll Game,"Apr 26, 2021",4.99,Bacchus,0,1,False,0
885120,Werewolves: Haven Rising,"Jul 26, 2018",5.99,Choice of Games,0,69,True,0
1462780,Outta This Kingdom,"Nov 26, 2020",7.99,Alawar Southpoint,0,5,False,0
681920,Slingshot Cowboy VR,"Jul 28, 2017",2.99,BVG Software Group,0,0,False,0
741820,Prey: Typhon Hunter,"Dec 11, 2018",39.99,Arkane Studios,0,222,False,0
1111220,Genius! NAZI-GIRL GoePPels-Chan ep3,"Aug 8, 2019",6.99,WarMachine,0,8,False,0
792320,Sunburnt,"Mar 27, 2018",11.99,Static Shell Studios,0,7,True,0
1220150,Blue Fire,"Feb 4, 2021",9.99,Robi Studios,0,1508,False,0
332650,The Exiled,"Feb 23, 2017",0.0,Fairytale Distillery,0,224,True,0
1796830,Scary Buddies Playtest,"Nov 1, 2021",0.0,Unknown,0,0,False,0
1308870,Cyber Ops Prologue,"May 9, 2020",0.0,Octeto Studios,0,26,False,0
1831860,射鱼鱼,"Dec 15, 2021",1.99,O社,0,0,False,0
1561720,Wisdom,"Mar 17, 2021",4.99,Radix Motion Inc.,0,1,False,0
1865730,Runes of Pandemonium,"Feb 22, 2022",0.0,Bottled Starlight,0,0,False,0
1878850,Perfect Balance Collection,"Feb 11, 2022",1.99,"Ville Helin,Jyri Luukkonen",0,5,True,0
816190,Draw It!,"Apr 28, 2018",1.99,Antizero company,0,51,False,0
1136910,Lily's Handmaid,"Apr 24, 2020",9.99,Arcus Plume,0,0,True,0
1100420,Praetorians - HD Remaster,"Jan 24, 2020",19.99,"Torus Games,Pyro Studios",0,618,False,0
1147220,Grim Tales: Guest From The Future Collector's Edition,"Aug 30, 2019",9.99,Elephant Games,0,6,False,0
811470,Immunity,"Nov 30, 2019",0.0,Vicci Games,0,1,False,0
2063230,Doctor Nanobot,"Jul 15, 2022",2.99,Maika Games,0,0,False,0
716630,Battlevoid: Sector Siege,"Oct 25, 2017",9.99,Bugbyte Ltd.,0,88,True,0
348570,Monster Minis Extreme Off-Road,"Aug 11, 2018",4.99,Mindwedge,0,1,True,0
1417050,NINJA GIRL,"Apr 28, 2021",13.99,Cream Meron,0,0,False,0
840810,Data Ball,"Jun 26, 2018",9.99,Munkyfoot Gaming,0,2,False,0
895510,Blow Up Pieces: Unleashed,"Nov 23, 2019",5.99,PrimeMakers,0,2,False,0
435490,Pierhead Arcade,"Sep 21, 2016",4.99,Mechabit Ltd,0,239,False,0
877080,Seeds of Resilience,"Jun 13, 2019",13.99,Subtle Games,0,233,True,0
1648450,Card Tower Defence,"Jun 27, 2021",2.99,EastVillage,0,3,False,0
323270,Jane Angel: Templar Mystery,"Sep 17, 2014",4.99,iMaxGen,0,27,False,0
1415320,PalmRide,"Sep 16, 2021",3.99,Pizza Fest,0,85,False,0
295610,Inescapable,"May 21, 2014",4.99,Magnetic Realms,0,48,True,0
1336620,Shutter 2,"Oct 23, 2020",4.99,Cosmic Logic,0,7,False,0
734440,Black Moon 黑月,"Aug 1, 2018",0.99,理想乡开拓者,0,59,False,0
1946890,Codename: Warlock Playtest,"Mar 25, 2022",0.0,Unknown,0,0,False,0
346110,ARK: Survival Evolved,"Aug 27, 2017",29.99,"Studio Wildcard,Instinct Games,Efecto Studios,Virtual Basement LLC",0,461567,True,0
527800,War Cube,"Sep 12, 2016",0.53,Artur Rezende,0,27,True,0
1860760,SUKEBE BLOCKS,"Mar 2, 2022",1.99,SUKEBE NINJIN,0,0,False,0
1988990,Animals Transport Simulator,"May 26, 2022",0.49,"Atomic Fabrik,Cristian Manolachi",0,4,False,0
1649630,Berserk Mode,"Jan 9, 2022",7.99,Adam Travers,0,96,False,0
342310,RIOT: Civil Unrest,"Feb 12, 2019",16.99,"Leonard Menchiari,IV Productions",0,969,True,0
790960,Beer Ranger,"Feb 19, 2018",1.99,Mirthood Games,0,5,False,0
886160,Respublica,"Jul 4, 2020",0.0,Drahgoone,0,130,True,0
1614020,Yokai Taiji,"Jun 30, 2021",3.99,Bonsai Games,0,1,False,0
950240,Rise of the Pirates,"Feb 2, 2019",0.0,Ravanok,0,55,False,0
398950,The End of an Age: Fading Remnants,"Jul 5, 2019",4.99,Poetic Justice Studios,0,0,False,0
465240,Serious Sam VR: The Last Hope,"Sep 20, 2017",9.99,Croteam VR,0,1103,False,0
493380,ChessVR,"Jul 7, 2016",4.99,games.Sharbit,0,11,False,0
1688850,All Dream Long A Flower Storm,"Aug 20, 2021",0.0,NUMBER7,0,0,False,0
770660,Thetaball,"Jul 31, 2018",9.99,Tim Sheehan,0,4,False,0
1574050,OpenGloves,"May 21, 2021",0.0,"danwillm,LucasVRTech",0,0,False,0
614050,Clumsy Knight 2,"Apr 6, 2017",2.99,BIG WOOD GAMES,0,7,False,0
769930,DwarVRs,"Feb 1, 2018",14.99,"Beard Wizard,Coredump",0,1,False,0
1501390,KING PONG,"Feb 18, 2021",11.99,Iconik,0,12,False,0
1905950,Shelter 69,"May 16, 2022",0.0,JNT Games,0,0,False,0
1457990,Yuligans: Christmas is Coming!,"Nov 24, 2020",9.99,The Worst of Friends,0,14,True,0
701730,Yi and the Thousand Moons,"Nov 24, 2017",2.99,David Su,0,130,False,0
1836300,Death Carnival Playtest,"Jan 12, 2022",0.0,Unknown,0,0,False,0
1598350,Antonball Deluxe Lite,"Jun 7, 2021",0.0,Summitsphere,0,0,False,0
1622810,Horny Heart,"May 18, 2021",1.99,HornyStudio,0,0,False,0
1392600,Kazakh Drive,"Oct 18, 2020",1.99,Mehsoft,0,159,False,0
547410,Peak Angle: Drift Online,"Nov 24, 2016",11.99,Peak Angle Team,0,546,False,0
968300,Super Chains,"Mar 12, 2019",4.99,2dengine,0,23,True,0
977300,Fenimore Fillmore: 3 Skulls of the Toltecs,"Mar 14, 2019",9.99,Casual Brothers,0,55,False,0
461600,Zipple World 2: The Sweet Chaos,"May 17, 2016",4.99,Alternative Dreams Studios,0,2,False,0
1183200,Portal Dogs,"Feb 25, 2020",3.99,Brain Connected,0,13,False,0
1964580,ZEROCRON,"Jun 12, 2022",4.99,T.R.S.,0,1,False,0
928140,Puzzles for smart: Dogs,"Sep 6, 2018",3.99,Laush Dmitriy Sergeevich,0,5,False,0
987180,Black Salt Coreuption,"Mar 28, 2019",9.99,"Ratti Entertainment LLC.,Taktyl Studios",0,9,False,0
620130,Chaos Town,"May 29, 2017",0.49,QuickSave,0,19,False,0
899390,Xenon Racer,"Mar 26, 2019",2.99,3DClouds,0,377,False,0
401840,ChargeShot,"Sep 18, 2015",9.99,Cowboy Color,0,66,False,0
1950630,Mystery Solitaire. Grimm's Tales 6,"Jul 11, 2022",4.99,Melon Games,0,0,False,0
1608780,Everpixel Tactics,"Sep 17, 2021",4.99,Doom Dino Games,0,4,False,0
846340,Obliteracy,"Sep 14, 2018",0.0,Magic Chopstick Games,0,20,False,0
596590,Linked,"Feb 20, 2017",0.99,ThinkOfGames,0,221,False,0
1159660,Moe Era,"Feb 4, 2020",0.0,Comfy Company,0,4104,True,0
571550,Hawks Tactical,"Jan 2, 2017",3.99,LYS,0,3,False,0
1445720,Life of Fly,"Dec 18, 2020",5.99,EpiXR Games UG,0,30,False,0
299250,European Ship Simulator,"Nov 4, 2016",19.99,Excalibur,0,281,False,0
529280,TEOT - The End OF Tomorrow,"Sep 30, 2016",3.99,"Edsenses Creative Co., Ltd",0,9,False,0
593980,Gluon,"May 2, 2017",3.99,Fastbird Dev Studio,0,2,False,0
600530,Kautic - The Bald Wizard,"Mar 2, 2017",0.99,Bad Coffee Games,0,27,False,0
428830,Save the Dodos,"Apr 22, 2016",2.99,3DDUO,0,141,True,0
392470,NOBUNAGA'S AMBITION: Sphere of Influence,"Sep 1, 2015",59.99,"KOEI TECMO GAMES CO., LTD.",0,456,False,0
623700,Rec Center Tycoon - Management Simulator,"Sep 6, 2019",9.59,Jarrod Brown,0,200,False,0
1426470,Blade Assault Playtest,"May 12, 2021",0.0,Unknown,0,0,False,0
615390,Encounter of Galaxies,"Apr 17, 2017",1.99,Obi-Wanya,0,0,False,0
427100,Fernbus Simulator,"Aug 25, 2016",29.99,TML-Studios,0,5593,False,0
468240,VR Regatta - The Sailing Game,"Jan 30, 2018",7.49,MarineVerse,0,139,False,0
552230,Doomsday Survival:Training,"Nov 30, 2016",9.99,CrazyAi,0,9,False,0
1364950,Work Trip,"Jul 20, 2020",1.99,Morning Shift Studios,0,32,False,0
832540,Art of Murder - Hunt for the Puppeteer,"Jul 13, 2018",4.99,City Interactive S.A.,0,84,False,0
1167680,Orbital Bullet – The 360° Rogue-lite,"Mar 21, 2022",8.49,SmokeStab,0,337,False,0
867490,Remyadry,"Jul 9, 2018",9.99,Kokoko Soft,0,481,False,0
1948630,VEDETTE,"Jun 22, 2022",9.99,Saevus Studios LLC,0,0,False,0
310460,Corto Maltese - Secrets of Venice,"Dec 4, 2014",9.99,Kids up hill,0,8,False,0
1094440,Highball,"Jun 20, 2019",2.99,Stormtide Productions,0,3,False,0
1188430,"Deep, In the  Forest","Apr 10, 2020",14.99,Satur Entertainment,0,37,False,0
388050,Snik,"Sep 4, 2015",2.99,Cleverweek,0,60,True,0
1511970,最后的守护者之虚幻的梦,"Feb 16, 2021",5.99,"用爱发电工作室,小情小调",0,30,False,0
1009780,Tales of Sorrow: Strawsbrough Town,"Jan 27, 2019",3.99,Urchin Games,0,13,False,0
697600,Auto-Staccato,"Jan 1, 2018",9.99,Birch Log,0,7,False,0
1064030,King of the Cul-De-Sac,"Sep 23, 2020",0.0,Matthew Vimislik,0,38,True,0
1164470,[MISC] TIMELINES,"Nov 6, 2019",0.99,Misc.261,0,8,False,0
655660,Screaming Eagles,"Sep 8, 2017",0.99,A Maniacal Game LP,0,10,False,0
658530,Grisaia Phantom Trigger Vol.3,"Jul 27, 2017",14.99,Frontwing,0,120,False,0
1141070,UFO : Brawlers from Beyond,"Oct 27, 2020",9.99,Pringo Dingo Games,0,7,False,0
887660,Brath: Brain and Math,"Jul 13, 2018",0.99,Tomas Novak,0,7,False,0
1002560,Tiny Snow,"Feb 27, 2019",3.99,#workshop,0,3024,False,0
1772320,The Hidden Room Playtest,"Feb 18, 2022",0.0,Unknown,0,0,False,0
380210,Signal to Noise,"Nov 20, 2015",4.99,Solanimus Inc.,0,12,False,0
253860,Earth 2140,"Nov 15, 2013",1.49,Reality Pump Studios,0,289,False,0
732800,Turtle Quest,"Nov 6, 2017",0.99,Spike Productions,0,7,False,0
1085540,Purple Noise Echo,"Oct 1, 2019",8.99,Ukioq,0,2,False,0
1782600,Owlone in the Woods,"Jan 6, 2022",0.0,Kasper TC,0,0,False,0
1141160,Fractalis,"Feb 2, 2021",7.99,Revolutionary Interactive,0,5,True,0
311870,Super Trench Attack!,"Jul 24, 2014",4.99,Retro Army Limited,0,1139,False,0
1689530,Big Fish,"Jul 29, 2021",9.99,TOQ Games,0,1,False,0
1246230,Boom Blaster,"Jul 17, 2020",3.99,BigBread,0,24,False,0
386990,Asphyxia,"Aug 4, 2015",5.99,ebi-hime,0,178,True,0
776720,Dungeon Gambit Boy,"Mar 21, 2018",4.99,Dosane Games,0,26,True,0
503280,Marble Land,"Dec 6, 2017",4.49,Devious Technologies,0,63,False,0
933250,Shining Orb Prequel,"Nov 5, 2018",0.0,Vorge Studio,0,9,False,0
1756770,Little Robo Climber,"Mar 25, 2022",5.99,Alley Rock Games,0,2,False,0
934410,ReThink 2,"Oct 2, 2018",9.99,Yaeko,0,29,False,0
737330,Pixelord,"Nov 1, 2017",0.99,LillyWelland inc.,0,16,False,0
789840,A Dream of Burning Sand,"Feb 3, 2019",9.99,Eldwood,0,1,True,0
695600,This Grand Life,"Apr 17, 2018",5.99,Poking Water Games,0,162,False,0
1928460,Permanence TD,"Apr 1, 2022",1.99,Ellinia games,0,2,True,0
984880,The Pilgrimage I,"Jan 18, 2019",2.99,Rednew Games,0,1,True,0
911760,Fruit Tower Defense,"Aug 15, 2018",3.99,Fratboy Entertainment,0,19,True,0
1950700,1001 Jigsaw. Castles And Palaces 3,"May 2, 2022",4.99,8floor,0,1,False,0
712190,Genesis Alpha One Deluxe Edition,"Feb 25, 2020",29.99,Radiation Blue,0,1347,False,0
345060,Stay Alight,"Mar 2, 2015",3.99,Wyse Games,0,155,False,0
744240,FISK,"Dec 21, 2017",1.99,fjy741,0,9,False,0
374620,S.O.R.S,"Mar 4, 2016",9.99,Science: Gamed,0,7,False,0
1107390,Project Polygun,"Dec 15, 2021",4.99,Arkadia Galactic,0,0,False,0
343430,Hypnosis,"Jan 28, 2015",4.99,Nevosoft,0,23,False,0
1156420,Temply Girls,"Oct 11, 2019",0.99,Red-Pixel,0,0,False,0
937850,Hidden Paws Mystery,"Dec 18, 2018",2.24,Manic Hyena,0,192,False,0
1879330,WARRIORS OROCHI 3 Ultimate Definitive Edition,"Jul 12, 2022",39.99,"KOEI TECMO GAMES CO., LTD.",0,494,False,0
370600,Hello Kitty and Sanrio Friends Racing,"Jul 9, 2015",19.99,Scarab Entertainment,0,56,False,0
1455290,Lava Escape Mine,"Nov 10, 2020",14.99,VirtualGo,0,2,False,0
582110,Baskhead Training,"Apr 21, 2017",7.99,VRLINES,0,0,False,0
1169780,Ambienz,"Dec 18, 2019",9.99,"Byron Atkinson-Jones,Joseph Jolton",0,0,False,0
647940,Shrouded Tales: Revenge of Shadows Collector's Edition,"Jul 14, 2017",9.99,Friendly Cactus,0,0,False,0
1161430,Noosphere,"Jul 23, 2021",3.99,KOEX studio,0,60,False,0
1077550,Jump with Friends,"May 14, 2019",2.99,DoriTeam,0,41,False,0
622020,ATV Drift & Tricks,"Nov 14, 2017",14.99,Artefacts Studio,0,32,False,0
1206600,Almighty: Kill Your Gods,"May 5, 2021",24.99,RUNWILD Entertainment,0,229,False,0
1135040,Bombini,"Jan 17, 2020",2.99,Sokpop Collective,0,5,False,0
1068360,Fearmonium,"May 20, 2021",12.99,Redblack Spade,0,231,False,0
1357960,The Dragon Sword,"Jan 18, 2021",17.99,SMG ゲーム制作グループ,0,3,False,0
1366070,Push Blox,"Jun 2, 2022",1.99,Lonely Deckchair,0,2,False,0
1605530,Upside,"Apr 29, 2021",1.99,QuickBobber,0,0,False,0
1067850,Kindergarten 2,"Jul 29, 2019",14.99,"Con Man Games,SmashGames",0,2721,True,0
915850,Super Hiking League DX,"Feb 18, 2020",9.99,Bit Ink Studios,0,26,False,0
1896820,JUNGLE RUNNER,"Feb 21, 2022",24.99,Piece Of Voxel,0,11,False,0
1620490,Magical Girl Creator,"Oct 15, 2021",9.99,Sonya Fung,0,0,False,0
975770,Escape From The Dragons,"Nov 20, 2018",0.99,Tormentor Games,0,5,True,0
1064660,The Death of Erin Myers,"Apr 26, 2019",1.99,Viperante,0,106,False,0
451060,Wincars Racer,"Nov 18, 2016",11.99,DragonJam Studios,0,7,False,0
847550,Strike!OvulationDivine Fist!  Rebellion to Extinction!,"Dec 20, 2019",8.99,EIROS HENTAI GAMES,0,0,False,0
1070350,Captain Hannon - The Belanzano,"Mar 30, 2020",19.99,Paul Cooper,0,5,False,0
370640,Midnight's Blessing,"May 25, 2015",0.49,Warfare Studios,0,24,False,0
1862940,Tetris for Two,"Jan 25, 2022",0.0,Mikhail Shubin,0,0,True,0
971390,Bulls town,"May 5, 2019",0.99,个人开发者,0,0,False,0
317290,Bionic Heart 2,"Sep 22, 2014",14.99,Winter Wolves,0,22,True,0
398990,The Last Taxi,"Jun 7, 2022",20.99,ZenFri Inc.,0,8,False,0
1102200,Oceans We Make,"Nov 28, 2019",2.09,Warrior9 VR Pte Ltd,0,4,False,0
1593220,Jessie 'Boom' James - a jigsaw chess tale,"Jun 4, 2021",1.99,Minimol Games,0,13,False,0
1739910,Seaside Driving,"Mar 16, 2022",3.99,Frozen Lake Games,0,1,False,0
987350,PlanetSide Arena,"Sep 19, 2019",0.0,Daybreak Game Company,0,872,False,0
727420,Taco Tom 2,"Dec 14, 2018",4.99,Tinzone Games,0,13,False,0
530360,Requiescence,"Sep 22, 2016",9.99,Argent Games,0,33,True,0
250640,[Old Edition] Croixleur Sigma,"Apr 30, 2014",0.0,souvenir circ.,0,271,False,0
202750,Alan Wake's American Nightmare,"May 22, 2012",8.99,Remedy Entertainment,0,4737,False,0
1170400,Labyrinth of the Witch,"Feb 12, 2020",14.99,"ORANGE CUBE, INC.",0,16,False,0
1337250,ARCANE DUEL 術法亂鬥,"Jul 5, 2020",3.37,Fish Chen,0,0,False,0
1511490,Happy Valentine's Day,"Jan 18, 2021",1.99,玫瑰工作室,0,7,False,0
1348920,Wind Peaks,"Jul 28, 2020",14.99,Actoon Studio,0,207,False,0
971090,Hidden Object: Home Makeover,"Nov 29, 2018",9.99,Tamalaki,0,2,False,0
505060,Warcube,"Jan 27, 2017",9.99,craigz,0,283,False,0
842190,江湖侠客行,"May 4, 2018",6.99,"ShinerJoy Technology Co., Ltd.",0,7,False,0
1718000,Trigger,"Mar 4, 2022",4.99,St. Trell,0,0,False,0
1577590,Pineapple Island,"Mar 30, 2021",0.99,xe2050,0,2,False,0
606500,HellSign,"Feb 24, 2021",19.99,Ballistic Interactive,0,1391,False,0
1021940,Space Warfare,"Jun 10, 2021",0.0,Little Stories,0,36,True,0
1772920,Para Bellum - Hold the Line,"Dec 31, 2021",17.99,Laukaus Games,0,11,True,0
1679700,Suhoshin,"Apr 13, 2022",18.99,No More 500,0,73,False,0
1625060,Lost Scale: Part One,"May 17, 2021",24.99,Danicy,0,10,False,0
1902630,Lighthouse of Madness Playtest,"Feb 14, 2022",0.0,Unknown,0,0,False,0
1682210,You Can't Finish,"Jul 22, 2021",1.99,Ilmir Nasertdinov,0,8,False,0
520010,Climbey,"Jan 8, 2022",7.49,Brian Lindenhof,0,1008,False,0
1534630,The Sound of Fireworks: The Haiku,"Jun 23, 2022",4.99,thatdiesel,0,5,False,0
930310,Puzzle Plunder,"Oct 9, 2018",0.0,Windybeard,0,118,False,0
1550050,Raptors of SouthEdge,"Mar 9, 2021",2.99,SouthEdge Studios,0,3,False,0
50820,Max and the Magic Marker,"May 12, 2010",0.0,Press Play,0,40,False,0
1697050,Polybius Invaders,"Oct 3, 2021",9.99,"Jonni the Dodger,Peter Ward",0,4,False,0
1590750,JARS,"Oct 20, 2021",4.79,Mousetrap Games,0,39,True,0
330450,Runes of Brennos,"Oct 16, 2015",0.0,LuGus Studios,0,28,False,0
1462420,TWWWR,"Nov 24, 2020",3.99,"Faxdoc and nostalgiatree games,Faxdoc and nostalgiatree games",0,44,False,0
1178500,Crazy Eights 3D Premium,"Aug 8, 2020",9.99,BufoProject,0,6,False,0
618760,IronBorn,"Sep 12, 2018",0.49,Valkyria Games,0,23,False,0
810250,RACING GAME,"Sep 13, 2019",3.99,Green Cheese Games,0,2,True,0
516560,The Odyssey,"Sep 4, 2016",4.99,Crazysoft ltd,0,14,True,0
348450,Lex Mortis,"Feb 9, 2015",4.99,Denis Esie,0,70,False,0
1016030,Wawa United,"Sep 10, 2020",9.9,Adrien Pierret,0,2,False,0
1033140,Church Era,"May 24, 2019",15.99,"Kuang-Yu Cheng,Fan-Ting Tseng",0,42,False,0
625700,Global Soccer: A Management Game 2017,"May 24, 2017",9.99,"Forever Young Games,Andrea Hochstein",0,15,False,0
838380,DEAD OR ALIVE 6,"Feb 28, 2019",59.99,"KOEI TECMO GAMES CO., LTD.",0,5403,False,0
1693330,The Skinwalker Investigations Playtest,"Jul 22, 2021",0.0,Unknown,0,0,False,0
1047640,Helios,"Jul 16, 2021",9.99,Helm Boy Studios,0,30,False,0
664040,Staff Wars: Wizard Rumble,"Aug 3, 2017",9.99,TeePee Studios,0,4,False,0
876260,Top Down Survivor,"Apr 26, 2019",8.99,Rising Fox Studio,0,9,False,0
262300,Tsukumogami,"May 31, 2012",29.99,TORaIKI,0,34,False,0
685040,Mr Rabbit's Jigsaw Puzzle,"Sep 13, 2017",1.99,Alakhaine Specialist Consulting Limited,0,9,False,0
659120,Survive,"Aug 10, 2017",0.0,Interactive Gaming Studios,0,21,False,0
1870020,欢迎回家-Welcome Home,"Feb 14, 2022",6.99,橙光游戏,0,4,False,0
574980,Them's Fightin' Herds,"Apr 30, 2020",19.99,"Mane6, Inc.",0,3144,True,0
878280,Distorted Illusions,"Oct 19, 2018",0.0,Goober Games,0,11,False,0
1676340,Vampire Revenge,"Jul 28, 2021",9.99,Gaweb Studio,0,0,False,0
304910,Sky Gamblers: Storm Raiders,"Jan 7, 2015",9.99,Atypical Games,0,189,True,0
1943530,Solitaire Beach Season A Vacation Time,"May 23, 2022",4.99,Creobit,0,1,False,0
558870,Club Naughty,"Nov 18, 2016",24.99,Ripknot Systems,0,44,False,0
1943690,Until the Night,"Jun 6, 2022",0.0,NoNameGames,0,0,False,0
1158430,Jane Westlake Adventures - The Mystery Train,"Jan 10, 2020",2.99,exosyphen studios,0,3,True,0
621940,Unleash,"Oct 16, 2018",0.0,DeSync Studios,0,48,False,0
1121780,Astria Ascending,"Sep 30, 2021",34.99,Artisan Studios,0,128,False,0
213030,Penny Arcade's On the Rain-Slick Precipice of Darkness 3,"Jun 25, 2012",1.99,Zeboyd Games,0,474,False,0
1032120,Stellar Survivor,"Jun 20, 2019",0.0,Sticks & Stones,0,114,False,0
670950,Band of Outlaws,"Aug 22, 2017",4.99,Indy Lion Studios,0,20,False,0
1465440,Obscurant,"Apr 29, 2022",14.99,King Brick Games,0,17,True,0
1015610,THE LAST PLAYER:VR Battle Royale,"Aug 7, 2019",19.99,Skyline Games,0,195,False,0
1256520,Bone Appetit,"May 8, 2020",7.99,DXF Games,0,48,False,0
1612950,Comic Company Manager,"Jun 23, 2021",7.99,Substandard Shrimp,0,4,False,0
533040,Dark Parables: The Thief and the Tinderbox Collector's Edition,"Sep 22, 2016",9.99,Eipix Entertainment,0,12,False,0
668660,CUR3D Steam Edition,"Jul 26, 2017",49.99,CUR3D UG,0,38,False,0
529900,Polygon Attack,"Dec 27, 2016",0.99,Magnolia Art,0,202,True,0
337410,Karos,"Dec 24, 2014",0.0,Galaxy Gate,0,329,False,0
1455730,Mahjong Worlds,"Dec 2, 2020",1.99,Yeti Ate My Breakfast,0,1,False,0
1473220,Hundred Chances - The Fortress,"Jan 8, 2021",0.99,Kaká Gamer & Dev,0,20,False,0
644860,The Lightbringers,"Aug 28, 2020",0.49,Orobo Games,0,0,False,0
715760,DOJAGI: The Korean Pottery,"Dec 9, 2018",14.99,"UTPlus Interactive, Inc.",0,14,False,0
1803440,Unnamed Arcade Engine,"Feb 28, 2022",2.99,Pixent Interactive private limited,0,0,False,0
659110,Vicious Attack Llama Apocalypse,"Feb 26, 2018",14.99,RogueCode (PTY) LTD,0,51,False,0
681660,Bless Online,"Oct 23, 2018",0.0,NEOWIZ BLESS STUDIO,0,3783,False,0
1679670,Prehistoric Marine Monsters,"Jul 21, 2021",24.99,'Kill On Sight' Game development,0,10,False,0
943140,Sparklite,"Nov 14, 2019",24.99,Red Blue Games,0,274,True,0
406870,Eventide: Slavic Fable,"Jan 28, 2016",9.99,The House of Fables,0,659,True,0
767340,Minion Forest,"Jan 28, 2018",0.0,V8 Corporation,0,12,False,0
472740,Ghrian,"May 26, 2016",4.99,GHRIAN STUDIO,0,0,False,0
1532080,HeadCount,"Apr 18, 2022",9.99,"Monochrome, Inc",0,8,False,0
1366010,Bromeliad,"Jan 30, 2021",11.99,Gorka Games Studios,0,15,False,0
1828700,Celestial Project,"Jun 21, 2022",9.99,KumaPaw,0,12,False,0
911500,Antox vs. Free Radicals,"Nov 13, 2018",0.99,Greenlynx,0,1,False,0
1947930,Recreation Room,"Jun 21, 2022",2.99,Heptamind,0,7,False,0
1251470,Vilundia,"Mar 5, 2020",0.99,Spaghetti Code Ltd,0,1,True,0
1283980,Retro Ride,"Apr 20, 2022",9.99,"Avaris AS,Inverse Ontology",0,0,False,0
352580,Hidden: On the trail of the Ancients,"Aug 5, 2015",9.99,Lost Spell,0,53,False,0
1283190,Neighbours back From Hell,"Oct 8, 2020",14.99,Farbworks,0,2686,False,0
1461060,法利恩戰記2 (Furion Chronicles 2),"Dec 18, 2020",4.99,Minstrel Studio,0,0,False,0
385240,Ultimate Arena,"Aug 22, 2016",4.99,Triverske,0,758,False,0
1528580,Neon Ships: The Type'em Up Shooter,"Feb 11, 2021",1.99,Sensen Games,0,41,True,0
574420,Dr. Doyle & The Mystery Of The Cloche Hat,"Apr 27, 2017",9.99,PnC Narratives,0,11,False,0
71390,Virtua Tennis 4™,"Jun 24, 2011",0.0,SEGA,0,223,False,0
861580,Delve,"Jun 1, 2018",0.99,YOUR DEAD Videogame Production,0,2,False,0
1001200,ROWROW,"Jan 31, 2019",0.99,Wayway Studio,0,13,False,0
952050,Buddinpals - Take One Home With You !!,"Nov 15, 2018",2.99,Dungeonation,0,12,False,0
1516340,Necore Tower - Redux Edition,"Oct 20, 2021",2.99,Outback Games,0,3,True,0
1347880,Beholder's Lair,"Jan 6, 2021",0.99,Caretta Games,0,15,False,0
1020820,KumaKuma Manga Editor,"Feb 27, 2019",5.99,KumaKumaManga,0,588,False,0
1652840,VR SEX,"Jun 17, 2021",6.29,VR Game Studios,0,0,False,0
1120480,The Anacrusis,"Jan 13, 2022",29.99,Stray Bombay,0,412,False,0
568220,Lobotomy Corporation | Monster Management Simulation,"Apr 9, 2018",24.99,ProjectMoon,0,18694,False,0
681100,Supermagical,"Aug 11, 2017",4.99,"Super Awesome Hyper Dimensional Mega Team,Tama Global",0,32,False,0
760930,Bitcoin Farm,"Jan 19, 2018",0.99,RewindApp,0,54,False,0
618490,Mr Blaster,"Jul 14, 2017",0.51,ENTERi,0,26,True,0
1714100,Castle: Daybreak,"Sep 2, 2021",5.99,David Lewis,0,1,False,0
1921500,Pet Vet 3D Animal hospital Down Under,"Apr 21, 2022",7.79,Braingame,0,2,False,0
1713410,Metal Golem: First Contact,"Aug 23, 2021",15.99,Divine Vision LLC,0,1,False,0
869850,Jet Ant,"Jan 9, 2019",1.45,TK,0,8,False,0
1127930,My Bike,"Aug 16, 2019",0.99,RewindApp,0,22,False,0
501220,Space Ribbon - Slipstream to the Extreme,"Jan 4, 2019",3.99,Onteca Ltd,0,60,True,0
1930920,Warplanes: Battles over Pacific,"Mar 30, 2022",13.49,Home Net Games,0,52,False,0
459680,Auro: A Monster-Bumping Adventure,"Apr 13, 2016",8.99,Dinofarm Games,0,56,False,0
1277480,The Shepherd,"Mar 22, 2022",10.99,MW Hashem,0,5,False,0
1168070,Mystery Solitaire The Arkham Spirits,"Dec 9, 2019",4.99,Somer Games,0,8,False,0
16300,Everyday Shooter,"May 8, 2008",9.99,Queasy Games,0,95,False,0
1285530,Eagles Expedition,"Apr 27, 2020",0.99,Blue panda Games,0,7,False,0
1722410,Perang Laut - Maritime Warfare,"Oct 27, 2021",11.99,Sengkala Dev,0,1,False,0
1132930,Phantom 3D,"Aug 26, 2019",4.99,Graverobber Foundation,0,4,True,0
841140,Square Head Zombies 2 - FPS Game,"Jul 30, 2019",11.99,Sabrina Aridi,0,17,False,0
1231440,驱灵,"Feb 25, 2020",2.99,FXH,0,2,False,0
1532440,Tournament of Armistice: Preliminaries,"Apr 10, 2022",24.99,Nic Hartley,0,0,False,0
422980,Super Robot Jump Jump,"Mar 31, 2016",4.99,Beyond Technical Inc.,0,23,False,0
1810020,Mizu,"Dec 7, 2021",4.99,Levi Gideon,0,1,False,0
1385300,Eternal Quest - 2D MMORPG,"Aug 26, 2021",0.0,Xtreaming,0,0,False,0
420840,BLARP!,"Apr 4, 2016",2.99,Isaac Cohen,0,165,False,0
1544570,Plot of the Druid: Nightwatch,"Feb 19, 2021",0.0,"Adventure4Life Studios,Yakir Israel",0,92,True,0
643940,Jim is Moving Out!,"Jul 19, 2019",14.99,"Handsome Box,CINEMAX, s.r.o.",0,13,False,0
1567830,蛋蛋掌门日志,"May 19, 2021",7.99,多极网络,0,26,False,0
1459810,魅魔的冒险生活,"Nov 17, 2020",15.99,BVRgames,0,18,False,0
221380,Age of Empires II (2013),"Apr 9, 2013",19.99,"Skybox Labs,Hidden Path Entertainment,Ensemble Studios,Forgotten Empires",0,90487,False,0
1023680,Brass Town Wrestling,"Jan 30, 2020",11.99,Empty Teapot,0,9,False,0
849166,Shadow of the Tomb Raider: Definitive Edition,"Sep 14, 2018",0.0,"Eidos-Montréal,Crystal Dynamics,Nixxes,Feral Interactive (Mac),Feral interactive (Linux)",0,11068,True,0
614860,XAOC,"Aug 3, 2017",0.0,WindThunder Studio,0,143,False,0
1783700,Gachi Bird,"Oct 28, 2021",0.99,Gachi Master,0,38,False,0
996730,Unknown,"Jan 5, 2019",3.99,Yorm.Ent,0,6,False,0
248530,Depth Hunter 2: Deep Dive,"Aug 20, 2014",3.74,Biart Company LLC,0,715,False,0
1959610,Bloodied Fear,"May 2, 2022",12.99,"Seraphim190,Mr Vegies",0,2,False,0
1674070,King Of Sword Playtest,"Dec 6, 2021",0.0,Unknown,0,0,False,0
769410,Electromaze Tower Defense,"Jan 31, 2018",3.99,Baronnerie Games,0,28,False,0
1412190,BEACHED,"Aug 4, 2021",0.0,Gradient Studios,0,1191,False,0
1223670,Super Rocket Ride,"Oct 16, 2020",3.99,"Cosmocat,Unruly Games",0,2,False,0
1294910,Under Construction: Summer City,"Apr 30, 2021",9.99,Black Raven Studios,0,0,False,0
618050,To The Light,"Jul 3, 2017",8.99,ZOV GAME STUDIO,0,59,False,0
1272040,Premier Manager 04/05,"Jul 17, 2020",2.99,ZOO Digital Publishing,0,1,False,0
1916000,Divine Combat,"May 24, 2022",0.0,Primordial Pistols,0,0,False,0
590720,Cobalt WASD,"Dec 1, 2017",0.0,Oxeye Game Studio,0,152,False,0
802360,King Of Mazes,"Mar 15, 2018",1.99,King Key Games,0,5,False,0
1276890,The Lilliputian Runner,"May 1, 2020",0.0,BitByteSeeker,0,1,False,0
1619150,Gustav Vasa: Adventures in the Dales,"Jun 1, 2021",5.99,Crystalyrian Games,0,1,False,0
1967450,捉妖物语/Monster Girl,"Jul 16, 2022",1.99,JKsoft,0,85,False,0
532800,ComPet - Epic Beast Battles,"Nov 29, 2016",0.0,MindArk PE AB,0,43,False,0
2085070,RoBo: The Allectric Idventurer Playtest,"Jul 14, 2022",0.0,Unknown,0,0,False,0
300600,Gear Up,"Jan 28, 2015",0.0,Doctor Entertainment AB,0,6383,True,0
1547150,Combat Cycle,"Mar 15, 2021",0.99,Uncle_J Game,0,19,False,0
1907000,Gloomgrave,"Jul 11, 2022",3.99,Netmancer,0,57,False,0
932820,The Great Voyage - Visual Novel,"Sep 16, 2018",1.99,Ladybug Games,0,9,False,0
775910,Animals Memory: Birds,"Jan 10, 2018",3.99,Laush Dmitriy Sergeevich,0,27,False,0
434660,Octahedron: Transfixed Edition,"Mar 20, 2018",12.99,Demimonde,0,140,False,0
1050150,Sexy Miss,"Apr 20, 2019",3.59,Sexy Miss Studio,0,0,False,0
1373280,Offroad Racing On Line,"Jul 30, 2020",3.99,Pix Arts,0,0,False,0
603210,Valkyries,"Sep 17, 2018",1.99,Heartomics,0,0,False,0
1815820,How to Sing to Open Your Heart Remastered,"May 5, 2022",11.99,ROSEVERTE,0,3,True,0
2002720,CubeShooter,"Jun 18, 2022",1.99,OrangeCatGames,0,5,False,0
1095540,原体,"Jun 15, 2019",0.99,xingchunfang,0,3,False,0
864600,Jade's Dungeon Descent,"Jul 6, 2018",1.99,Loft Sky Entertainment Inc.,0,3,False,0
429700,Squirbs,"Jan 6, 2016",0.99,Team Indev,0,277,False,0
1576840,Ball Challenge,"Mar 30, 2021",2.99,André Holtz,0,10,False,0
736480,Glory & Honor,"Nov 16, 2018",9.99,SugGames,0,1,False,0
792870,Super Nosebleed Land,"Jul 26, 2018",2.99,Jeremy St. Pierre,0,1,False,0
1781590,Valley Knights,"Nov 5, 2021",1.99,Long Road Games,0,3,False,0
428690,Youtubers Life,"Feb 2, 2017",24.99,UPLAY Online,0,9734,True,0
996150,SUBURI,"Jan 7, 2019",5.99,SHI LIN,0,1,False,0
1897870,Proto Akane,"May 3, 2022",1.99,Akane Games,0,0,False,0
1229380,Everhood,"Mar 4, 2021",9.99,"Chris Nordgren,Jordi Roca",0,8202,False,0
945880,Beer'em Up,"Nov 9, 2018",0.0,"ESAT,Rocket Banana",0,5,False,0
341380,Countless Rooms of Death,"Jan 9, 2015",0.99,HCP Games,0,13,False,0
888800,S.F.77,"Sep 13, 2018",0.0,mkaatr,0,19,False,0
387280,Inferno 2,"Jul 29, 2015",4.99,Radiangames,0,40,False,0
1037810,Ping Pong Trick Shot EVOLUTION,"Mar 18, 2019",4.99,"SIMS Co., Ltd.",0,0,False,0
995470,Threshold,"Mar 12, 2020",3.99,Fuse.fun,0,157,False,0
1710400,Cavegirl Adventures,"Aug 17, 2021",29.99,DotGames,0,22,False,0
1560420,syGlass View,"Jul 27, 2021",0.0,"IstoVisio, Inc",0,0,False,0
1149080,Swords and Sandals Spartacus,"Dec 22, 2019",4.99,Whiskeybarrel Studios,0,23,False,0
407340,Strawberry Vinegar,"Jan 5, 2016",9.99,ebi-hime,0,117,True,0
849800,Mermaid Mission: Titanic,"Jun 6, 2018",0.0,Arglefumph,0,30,True,0
1053680,Granny Simulator,"Apr 17, 2019",4.99,Nick Kestle,0,3232,False,0
376250,Ground Breakers,"Jun 15, 2016",0.99,UnitedIndie,0,37,True,0
205080,BIT.TRIP FATE,"Jul 11, 2013",9.99,Gaijin Games,0,84,False,0
1431610,Prison Simulator Prologue,"May 20, 2021",0.0,Baked Games S.A.,0,2400,False,0
1977750,HoverRider,"May 28, 2022",7.49,Sprouts,0,1,False,0
658550,Zup! Zero 2,"Sep 11, 2018",0.99,Quiet River,0,888,False,0
1140130,Survival Vacancy,"Feb 19, 2021",19.99,Mind Leak,0,54,True,0
1451870,Sunset Drive 1986,"Jan 20, 2021",0.0,Mehmet Uluç Şahin,0,114,False,0
676120,Sango Guardian Chaos Generation Steamedition,"Aug 7, 2017",4.99,"GUANGZHOU SEALY ELECTRONIC TECHNOLOGY CO., LTD",0,10,False,0
1511670,Enter The Backrooms,"Feb 12, 2021",4.99,Justin Kroh,0,652,False,0
1266220,Death end re;Quest 2,"Aug 18, 2020",39.99,"Idea Factory,Compile Heart",0,241,False,0
696250,Lost Shipwreck,"Sep 29, 2017",14.99,Blueplant Entertainment,0,17,False,0
1330550,Magic Lessons in Wand Valley - a jigsaw puzzle tale,"Jul 9, 2020",1.99,Mens Sana Interactive,0,45,False,0
652390,Mr Rabbit's Alphabet Forest Adventure,"Jul 17, 2018",4.99,Alakhaine Specialist Consulting Limited,0,14,False,0
1308950,Bhop PRO,"Jul 5, 2020",2.99,HorseGames,0,27,False,0
489580,AWA,"Jun 16, 2016",2.99,OMNIDREAM CREATIONS,0,70,False,0
705390,Aya's Journey,"Sep 6, 2017",0.59,Boogygames Studios,0,10,False,0
1184470,ASTROPUPPA,"Dec 6, 2019",1.99,Dev.Id Games,0,2,False,0
791150,EV3 - Drag Racing,"Feb 26, 2018",0.0,KABloom Interactive,0,98,False,0
589480,The Falconers: Moonlight,"Apr 18, 2017",9.99,Bionic Penguin,0,60,True,0
1576570,Legend Of Maratha Warriors,"Mar 29, 2021",0.99,Kromn Studios,0,6,False,0
930280,Murder Mystery Machine,"Aug 25, 2021",11.99,Blazing Griffin,0,44,False,0
724920,Starcats,"May 16, 2018",4.99,Symptomatic Productions,0,2,False,0
1723440,Space X Collector,"Sep 1, 2021",0.99,HEG Games,0,0,False,0
934480,Falling Plus,"Nov 29, 2018",2.99,yyrGames,0,2,False,0
890880,FROSTBITE: Deadly Climate,"Jul 22, 2018",0.0,Alex Olinkiewicz,0,418,False,0
526980,Handball 17,"Nov 15, 2016",9.99,Eko Software,0,53,False,0
1914570,Take the Throne,"Apr 20, 2022",0.0,TopVR,0,0,False,0
1804880,Bot Patrol Playtest,"Oct 30, 2021",0.0,Unknown,0,0,False,0
704430,Space Survivors I: The Reckoning,"Apr 18, 2019",2.99,"Maurice Fernitz,Enrico Prizibilla,Felix Gillmann",0,3,False,0
869420,Jailbreak Lockdown,"Dec 21, 2018",2.99,Hi I'm Alec Games,0,1,False,0
1302860,Assembly Planter,"Aug 4, 2020",4.99,Timon Herzog,0,134,False,0
1149570,See,"Jan 11, 2021",1.99,SunshineOvercast,0,0,False,0
569350,RoboCritters,"Jul 3, 2017",0.99,Curious Dimensions Ltd,0,8,False,0
470210,Rocketbirds 2 Evolution,"Jan 26, 2017",9.99,Ratloop Asia,0,266,False,0
1221320,Self-Checkout Unlimited,"Oct 1, 2020",7.99,Argent Games,0,47,False,0
755550,True Mining Simulator,"Jan 7, 2021",4.99,Boolba Entertainment,0,45,False,0
837440,MineSweep,"Jul 13, 2018",0.99,RewindApp,0,34,False,0
1245600,Obelisk,"Feb 28, 2020",4.99,[redacted],0,5,False,0
1136210,Ghost Productions: Wraith VR Total Knee Replacement Surgery Simulation,"Oct 1, 2019",0.0,Ghost Productions,0,29,False,0
1989180,The World of a Mermaid,"Jun 1, 2022",4.99,"Atomic Fabrik,Cristian Manolachi",0,1,False,0
473530,Slime-san: Superslime Edition,"Apr 7, 2017",14.99,Fabraz,0,234,True,0
262770,Freedom Fall,"Jan 10, 2014",9.99,Stirfire Studios,0,354,False,0
1953300,Knight Crawlers Playtest,"Mar 30, 2022",0.0,Unknown,0,0,False,0
1710890,Let Me Die (inside),"Sep 4, 2021",2.99,Flexing Skel Studio,0,39,False,0
1264610,expel,"Apr 23, 2020",0.99,超级野菜人,0,0,False,0
871270,Wild West VR,"Jun 15, 2018",0.0,VironIT,0,8,False,0
545590,Button Tales,"Dec 22, 2016",0.99,Anvate Games,0,72,False,0
1535090,VR Kyoto: Beauty of Japan,"Feb 16, 2021",2.99,William at Oxford,0,16,False,0
709820,Wasted Pizza,"Oct 16, 2017",0.99,Supine,0,45,True,0
1084080,Save Daddy Trump,"Jul 9, 2019",0.5,"Tero Lunkka,BlackThug",0,79,False,0
1291740,Vertical Runner,"May 7, 2020",0.99,Barlow Studio,0,3,False,0
1888800,SEARCH ALL - CRABS,"Feb 17, 2022",1.99,Laush Dmitriy Sergeevich,0,23,False,0
1672340,Street Racer,"Aug 2, 2021",9.99,Vivid Image,0,1,False,0
1467810,House in the village by the river v2.0,"Dec 17, 2020",4.99,Draumara,0,0,False,0
877960,The Legend of Monster Mountain,"Sep 7, 2018",2.99,YOUGAKE,0,9,False,0
1300110,THE Z LAND : FPS SURVIVAL,"Jun 7, 2020",2.99,3MA Studios,0,2,False,0
1157090,Eidolon,"Nov 18, 2019",0.0,Julia Nolan,0,13,False,0
1681970,神都不良探 Underdog Detective,"Apr 27, 2022",6.39,天津芸芸科技有限公司,0,1296,False,0
1588190,Shatter Keep,"May 7, 2021",0.0,Freethrow,0,0,False,0
2017370,Trash Horror Collection,"Jun 16, 2022",5.99,616 GAMES,0,44,False,0
714080,BLACK CLOVER: QUARTET KNIGHTS,"Sep 13, 2018",49.99,"ILINX, Inc.",0,538,False,0
2001400,The Shadow Government Simulator Playtest,"Jun 1, 2022",0.0,Unknown,0,0,False,0
1574740,In the dark forest,"Mar 28, 2021",2.99,Luci Entertainment,0,7,False,0
1007730,Greed 2: Forbidden Experiments,"Jan 21, 2019",5.24,Urchin Games,0,25,False,0
703210,My Little Worms,"Sep 22, 2017",1.99,For Kids,0,21,True,0
268220,Meltdown,"Jun 5, 2014",6.99,Phenomenon Games,0,678,True,0
1132010,Hentai ChessKnight,"Aug 30, 2019",0.99,LeonWaan Games,0,0,False,0
1920040,One By One,"Mar 17, 2022",1.99,玫瑰工作室,0,2,False,0
714100,Live2D VR Girls,"Dec 4, 2017",0.0,Live2D Inc.,0,126,False,0
1770930,PT Closed Beta,"Oct 11, 2021",0.0,Unknown,0,0,False,0
1800480,Defend from Candyland!,"Jan 9, 2022",10.99,MI Pixel Ltd,0,3,False,0
1003700,Sky Labyrinth,"Oct 23, 2019",2.99,NiizakiGames,0,0,False,0
844590,Hypnospace Outlaw,"Mar 12, 2019",19.99,"Tendershoot,Michael Lasch,ThatWhichIs Media",0,2670,True,0
1801640,精神病大王花 Flowering Abyss,"Feb 13, 2022",7.99,CHARON,0,111,False,0
435080,Philia : the Sequel to Elansar,"Jan 11, 2016",4.99,OrionSoft,0,2,True,0
1895860,Monster Girls and the Mysterious Adventure 2,"Apr 8, 2022",17.99,NEKOTOKAGE GAMES,0,144,False,0
1494840,SCOOT,"Dec 28, 2020",9.99,Matt Cole,0,308,False,0
804440,Starman in space,"Feb 27, 2018",24.99,Laush Dmitriy Sergeevich,0,13,False,0
1712510,Light Crawler,"Feb 24, 2022",3.99,"Craig Beeson,Jonny Vorderkunz",0,0,False,0
665370,Mutilate-a-Doll 2,"Mar 1, 2019",9.0,Rava Games,0,1238,False,0
1632210,Zenko: A Fox's Tale,"Aug 6, 2021",0.0,Wolf Packtics,0,0,False,0
1046740,TimeTraveler,"Apr 25, 2019",0.99,Bill's Game,0,7,False,0
1159260,PANDARA,"Oct 6, 2019",3.99,leimonya,0,5,False,0
1647060,Hentai VR 4,"Jun 24, 2021",6.29,Hentai VR Studios,0,0,False,0
1754770,贸易与马车,"Dec 16, 2021",2.99,SiTong Tech,0,5,False,0
862460,To Light: Ex Umbra,"Feb 28, 2019",9.99,Branch Games,0,14,False,0
1991420,SuperDuck!,"Jun 4, 2022",3.99,Gamer Bear,0,2,False,0
248310,Freedom Planet,"Jul 21, 2014",14.99,GalaxyTrail,0,4091,True,0
1785370,Slime Escape,"Nov 17, 2021",0.99,Antonio Filipe,0,19,False,0
777650,Yet Another Research Dog,"Feb 2, 2018",0.99,Dawnblaze Entertainment,0,289,False,0
617480,Tower of Time,"Apr 12, 2018",24.99,Event Horizon,0,1653,True,0
972080,Bots Rush,"Nov 29, 2018",3.99,Ponomarev Denis,0,3,False,0
1597040,Fossilfuel,"Aug 20, 2021",19.99,DangerousBob Studio LLC,0,60,False,0
613970,Bravery: Rise of The Last Hero,"May 25, 2017",4.99,Magic Dungeon Studio,0,5,False,0
800240,Ghostly Matter,"Jul 12, 2018",9.99,Small Bros,0,25,False,0
1563550,Childhood Fears,"Mar 26, 2021",2.99,Montgomery Ferguson,0,9,False,0
1815450,The World's Hardest Game 3D 2,"Dec 11, 2021",2.99,Batuhan Ertan,0,4,False,0
1818580,Creator's Asteroid,"Dec 21, 2021",3.99,decigraham,0,2,False,0
379380,ReLoaded,"Jul 27, 2015",4.99,Urbanscan,0,7,False,0
1291090,Stozle - Solve the Mystery,"May 16, 2020",2.99,Balazs Hrabacsik,0,10,False,0
878140,Witch of the Woods,"Oct 24, 2018",0.0,"Druidic, LLC",0,6,False,0
879510,Lucy Got Problems,"Sep 28, 2018",7.99,Flat Chest Dev,0,683,True,0
959770,Moe: The Boundary of Reality,"Jan 31, 2019",0.99,TimeTravel_1,0,9,False,0
1178030,Star Fetchers,"Jan 17, 2020",0.0,Svavelstickan,0,5893,False,0
1150090,Learning Factory,"Feb 18, 2021",14.99,Luden.io,0,199,True,0
1957040,Ukrainien Agent,"Jul 3, 2022",0.0,UkrainianArmy,0,0,False,0
995850,M.E.M.E.S.,"Feb 8, 2019",6.99,"M.E.M.E. Studios,Rafal Korbaczynski",0,4,False,0
46400,Greed: Black Border,"Jan 13, 2010",4.99,"Headup Games,Clockstone",0,123,False,0
302850,Team Indie,"Oct 8, 2014",0.0,Brightside Games,0,57,False,0
1090670,Orbi Universo,"Jan 10, 2020",19.99,Orbi Universo Team,0,111,False,0
256611,CSX SD70MAC Add-on Livery,"Jan 1, 2009",4.99,Dovetail Games,0,0,False,0
915810,Midnight Ghost Hunt,"Mar 31, 2022",19.99,Vaulted Sky Games,0,3169,False,0
1502520,The Mermaid of Zennor,"Apr 8, 2021",4.99,ebi-hime,0,26,True,0
913550,I wanna be the Creator,"Nov 15, 2019",5.99,Aikesi,0,1885,False,0
1095260,Airtight City 密闭之城1.0,"Jul 8, 2021",1.99,豆丁儿独立游戏工作室,0,332,False,0
1371210,Guess Pictures - Animals,"Jul 28, 2020",0.99,Boogygames Studios,0,0,False,0
849940,Freefall Tournament,"Jun 15, 2018",4.99,y8.com,0,61,False,0
1527960,The Help Desk,"Mar 17, 2021",0.99,"Leonardo Batista,Aline Seko",0,1,False,0
357490,Astroloco: Worst Contact,"Mar 11, 2016",4.99,Hungry Planet Games,0,18,False,0
1625510,Insect Adventure,"May 17, 2021",9.99,MAYO-FORCE LLC,0,11,False,0
366090,Colony Survival,"Jun 16, 2017",19.99,Pipliz,0,5470,True,0
585900,Harvest Moon: Light of Hope Special Edition,"Nov 14, 2017",19.99,"TABOT, inc.,Natsume Inc.",0,795,False,0
719750,PUSS!,"Aug 2, 2018",3.39,teamcoil,0,989,True,0
1264160,からかい上手の高木さんVR 1学期,"May 21, 2020",13.99,KAYAC Inc.,0,128,False,0
1162680,[Chilla's Art] Stigmatized Property | 事故物件,"Oct 25, 2019",2.99,Chilla's Art,0,631,False,0
1520110,Etched Memories Demo,"Feb 22, 2021",0.0,From Scratch Studios,0,73,False,0
355650,Pirates vs Corsairs: Davy Jones's Gold,"Mar 16, 2015",0.99,Little World Studio,0,18,False,0
1004740,iDancer,"Jan 21, 2019",7.99,Totem Entertainment,0,82,False,0
374380,Revolution Under Siege Gold,"Jul 2, 2015",24.99,"Sep Reds,Ageod",0,96,False,0
1362340,Freelancer Life Simulator,"Mar 5, 2021",4.99,DiamosDev,0,7,False,0
944450,Escape Velocity,"Jan 12, 2019",0.0,"Spencer Pilarski,Snippy Nguyen,Jonah Gaynor,Sam Grant",0,19,False,0
460210,Bearslayer,"Jan 13, 2017",9.99,bool games;,0,15,True,0
942200,Rocket Boots Mania,"Nov 29, 2018",12.99,Contra Concept,0,54,False,0
1766660,Rain Puzzle,"Oct 15, 2021",0.99,HotFoodGames,0,1,False,0
629860,Spelunker Party!,"Oct 19, 2017",29.99,"Tozai Games, Inc.,O-TWO inc.",0,53,False,0
895940,Atlantic Edge,"Sep 7, 2018",3.99,Art of The Rush,0,1,False,0
1272070,Silicon Dreams  |  cyberpunk interrogation,"Apr 20, 2021",14.99,"James Patton,Clockwork Bird",0,159,True,0
1861320,Kehinde Playtest,"Apr 24, 2022",0.0,Unknown,0,0,False,0
574820,Cat or Bread?,"May 8, 2017",0.99,Casioqu,0,316,False,0
1814100,In Shape 2,"Nov 23, 2021",3.99,QuickBobber,0,2,False,0
65300,Dustforce DX,"Jan 17, 2012",9.99,Hitbox Team,0,1881,True,0
1594170,Rekindle,"Sep 25, 2021",0.0,Cat & Dog Studio,0,0,False,0
1523790,Hope's Journey: A Therapeutic Experience,"Apr 15, 2022",14.99,Organic Apps,0,11,False,0
534230,Quell 4D,"Oct 14, 2016",19.99,Rubycone,0,75,False,0
380550,Incandescent,"Jun 30, 2015",0.99,Stephen Crabb,0,85,False,0
23310,The Last Remnant™,"Apr 9, 2009",0.0,Square Enix,0,3159,False,0
1818240,Anime Jigsaw Girls - Christmas,"Nov 12, 2021",2.99,DIG Publishing,0,4,False,0
1924480,College Kings 2 - Episode 1,"Apr 14, 2022",11.69,Undergrad Steve,0,0,True,0
486310,Meadow,"Oct 26, 2016",4.99,Might and Delight,0,5029,True,0
872360,Fruit Hoop,"Jun 28, 2018",0.99,Teeter Games,0,4,False,0
1981480,Thrill Penguin,"Jun 29, 2022",3.99,Sylph,0,15,False,0
1863280,Dnaxcat vr,"Mar 17, 2022",0.0,"Ninth Games Co., Ltd",0,0,False,0
1199030,Tainted Grail: Conquest,"May 27, 2021",19.99,Awaken Realms Digital,0,5250,True,0
1477920,Night Book,"Jul 27, 2021",4.93,"Good Gate Media,Wales Interactive",0,205,False,0
369120,Invisible Apartment Zero,May 2015,2.99,"Jeroen van Oosten,Milan Kazarka",0,10,True,0
1333800,Villa's Blinds,"Jan 27, 2022",14.99,"Çamlıca GameLab,Neuron Entertainment",0,145,False,0
857850,Dwarf Defense,"May 28, 2018",1.99,Heavy Safe Studios,0,19,False,0
1466090,Gothic 1881,"Dec 7, 2020",3.99,Florian Voss,0,6,False,0
1064140,Blood and Lust,"Aug 3, 2019",0.0,Ertal Games,0,0,False,0
1395920,GrappleWell,"Jul 20, 2022",6.29,"robotrage,Maldonacho",0,2,False,0
1010830,Mech Chip,"Feb 1, 2019",4.99,Plutoneus,0,26,False,0
935610,Eugenics,"Jun 28, 2019",14.99,"La Belle Games,Mi-Clos Studio",0,3,False,0
688690,YOBA,"Aug 17, 2017",3.99,PEKA Gaming,0,67,False,0
736570,The Crooked Man,"Jan 16, 2018",2.99,Uri Games,0,558,False,0
1892340,"The Sinking Structure, Clione, and Lost Child -Log3","Mar 9, 2022",0.0,MATRE,0,0,False,0
1520370,Mon Bazou,"Dec 16, 2021",13.99,Santa Goat,0,4367,False,0
39510,Gothic II: Gold Edition,"Nov 29, 2005",9.99,Piranha Bytes,0,9334,False,0
290280,Volt,"Apr 14, 2014",0.99,Quantized Bit,0,265,True,0
1459210,"L'intrépide, le futur de l'imparfait","Mar 31, 2021",12.99,"Alexis Hernandez,Gökhan Unalan,Gaëtan Galati,Ludus Académie",0,3,False,0
897040,Nazi Bunker,"Jul 20, 2018",0.49,Nikita Ghost_RUS,0,123,False,0
1012210,Waves Of Death VR,"Apr 17, 2020",19.99,Polygone Games,0,1,False,0
584040,Journey: Benjamin's Adventures,"Feb 21, 2017",2.99,"Viriver Network Technology Co., Ltd.",0,7,False,0
866420,TANKS,"Jun 12, 2018",4.99,Oleksandr Savostianov,0,83,False,0
576310,Oracle,"Feb 28, 2017",0.99,Watercolor Games,0,121,False,0
463760,The Beggar's Ride,"May 5, 2016",5.99,Bad Seed,0,134,False,0
685910,Battlefleet Engineer,"Aug 18, 2017",11.99,Tomi Syväjärvi,0,9,False,0
916120,Rascals,"Oct 17, 2018",0.99,Ninja Whale Studios,0,4,False,0
1234500,The Expedition,"Dec 22, 2021",12.99,"GN Studios,GN Studios",0,1,False,0
1065210,ZIC: Survival,"Jun 18, 2019",4.99,IO Games,0,30,False,0
1273570,Four Rendezvous,"Oct 2, 2020",2.99,Diada Novels,0,33,True,0
307920,Wildlife Park 2 - Farm World,"Jul 17, 2014",3.99,b-alive gmbh,0,24,False,0
436690,Tempest Citadel,"Apr 17, 2018",19.99,Aartform Games,0,35,False,0
802060,Spencer,"Mar 23, 2018",1.99,EntwicklerX,0,3,False,0
994180,Tennis Fighters,"Jan 2, 2020",7.99,TDO Games,0,26,False,0
17390,SPORE™,"Dec 19, 2008",19.99,Maxis™,0,41718,False,0
629100,"Cadenza: Music, Betrayal and Death Collector's Edition","May 3, 2017",9.99,Mad Head Games,0,17,False,0
336150,Virtual Pool 4,"May 11, 2015",24.99,Celeris,0,444,False,0
1057770,Story of one Night,"Jul 19, 2019",6.99,Usoltsev Kirill,0,12,False,0
1373320,I'a I'a Cofflhu Fhtagnyaa,"Jan 4, 2021",4.99,lamb of game,0,218,False,0
917240,Heavy Dreams,"Sep 1, 2018",0.0,JMC Games,0,65,False,0
767910,Strange Night ll,"Feb 4, 2018",0.99,Labory,0,26,False,0
838980,Eon Fleet,"Apr 19, 2018",16.99,OnBlind,0,19,True,0
1851390,Spiders Everywhere,"Jan 22, 2022",0.0,Soju and Ink,0,0,True,0
656380,Chicken Daddy,"Mar 11, 2018",0.99,Studio Halabi,0,8,False,0
1071510,And All Would Cry Beware!,"Jun 24, 2019",9.99,Renegade Sector Games,0,55,False,0
1691380,One thousand baht simulator,"Jul 29, 2021",0.99,F,0,5,False,0
1543830,The Addams Family: Mansion Mayhem,"Sep 24, 2021",39.99,PHL Collective,0,6,False,0
2020930,Cat Lovescapes,"Jun 19, 2022",9.99,BRAVEGIANT LTD,0,1,False,0
518150,Intruder,"Mar 1, 2019",19.99,Superboss Games,0,4260,False,0
1795440,Cosmic Invasion,"Feb 22, 2022",4.99,Blue Blaze Gaming Inc,0,0,False,0
808800,Star Singularity,"Oct 18, 2018",14.99,Star Bunny Enterprises,0,37,False,0
1326920,AstroWings: Space War,"Sep 23, 2020",7.99,Toward Inc.,0,7,False,0
735540,NO ONE,"Nov 17, 2017",3.99,GRADE6,0,0,False,0
947470,Optica,"Nov 8, 2018",9.99,Graveck,0,2,False,0
434530,Flobe,"Feb 22, 2016",0.99,"Skinny Jean Death Studios,Porcelain Labs",0,24,False,0
659790,Hero of the Galactic Core,"Aug 10, 2017",4.99,David Krinkel,0,1,False,0
1576720,Armageddon Empires,"Apr 16, 2021",9.99,Cryptic Comet Games,0,20,False,0
1247650,Immortal Love: Stone Beauty Collector's Edition,"Feb 14, 2020",9.99,Friendly Fox,0,7,False,0
485350,Winter Novel,"Aug 10, 2016",4.99,DeXP,0,428,True,0
1834140,Christmas Sort Puzzle,"Dec 14, 2021",1.99,Boogygames Studios,0,1,False,0
1542000,Thearchy,"Feb 19, 2021",0.0,Sean Marty,0,1,False,0
1778040,Airplane Dogfight Racer,"Oct 28, 2021",0.49,"Pamir Khan,Khushal Khan",0,1,True,0
1388720,Japanese Romaji Adventure,"Aug 28, 2020",9.99,JBO Media,0,9,True,0
802080,Pillage,"Aug 13, 2018",0.99,Jakub Klementewicz,0,11,False,0
1583370,In Marte - The First Moon,"Apr 28, 2021",2.99,StartDev,0,1,False,0
497780,Recursed,"Sep 30, 2016",7.99,Portponky,0,382,True,0
898780,Escape Game,"Nov 6, 2018",0.99,RewindApp,0,114,False,0
1686850,Untangle,"Aug 16, 2021",4.99,LsGameDev,0,21,False,0
371410,Hostile Dimension,"Jun 25, 2015",1.99,Alrauna Studios,0,10,False,0
1125620,Wizhood: The Epic of Freedom,"Sep 3, 2019",2.99,Vuthax,0,12,False,0
1336970,Ashley: The Emptiness Inside,"Aug 13, 2020",9.99,Yuskare,0,7,False,0
41600,Earthworm Jim 3D,"Nov 4, 2009",19.99,VIS Interactive,0,51,False,0
1074300,Dragon Castle: The Board Game,"Dec 12, 2019",8.99,Studio Clangore,0,28,False,0
313330,4x4 Dream Race,"Jul 15, 2014",4.99,Dream Up,0,17,False,0
716750,Nemesis Realms,"Apr 6, 2018",14.99,Evocat Games,0,13,False,0
870400,Fugue,"Oct 2, 2019",4.99,OriGaminc,0,4,True,0
898790,Locomotion,"May 10, 2019",8.99,Polyfox,0,27,False,0
1744580,EVAN QUEST,"Sep 17, 2021",0.99,Archor Wright,0,5,False,0
1580440,The LastOnesLeft,"Jan 15, 2022",5.99,Khalil Hammouda,0,15,False,0
1379750,Ragnarok: The Lost Memories,"Apr 12, 2022",0.0,Gravity Neocyon,0,0,False,0
617700,Weed Shop 2,"Mar 30, 2017",9.99,ADhD Studios,0,713,False,0
1395830,Hoplegs,"Nov 12, 2021",17.99,WhyKev,0,66,False,0
1359750,CyberLink PowerDirector 19 Ultra,"Dec 23, 2020",69.99,CyberLink,0,7,False,0
289480,The Tomorrow War,"Apr 3, 2014",2.99,CrioLand,0,46,False,0
377310,The Tower Of Elements,"Aug 5, 2015",1.99,Wulo Games,0,185,True,0
505210,Neon Space 2,"Jul 26, 2016",10.99,EGAMER,0,261,True,0
1085260,Ports of Call Classic,"May 31, 2019",4.99,Dipl. Ing. Rolf-Dieter Klein,0,41,False,0
1761030,Jackpot Bennaction - B05 : Discover The Mystery Combination,"Oct 18, 2021",5.99,R. Benny,0,0,False,0
944340,Vignettes,"Mar 6, 2019",7.99,Skeleton Business,0,66,False,0
1552630,MOONWAVE OVERDRIVE,"Jul 28, 2021",4.99,Virtual Edition,0,2,False,0
574260,The Secret Order 5: The Buried Kingdom,"Apr 6, 2017",9.99,Sunward Games,0,140,True,0
1805230,A Distant Stabbing,"Dec 15, 2021",7.99,AndyK,0,9,False,0
652000,Quantum Pilot,"Oct 20, 2017",0.0,Quantum Productions,0,7,True,0
300360,Evil Pumpkin: The Lost Halloween,"Jul 11, 2014",9.99,Two Desperados,0,54,True,0
841500,Sheep Game,"Apr 27, 2018",0.0,David Lewis,0,35,False,0
1809250,Got reincarnated into a world of RPG full of NPCs…,"Mar 3, 2022",4.99,シュガーボックス,0,0,False,0
1400910,Soundodger 2,"Oct 11, 2021",19.99,Studio Bean,0,78,False,0
977570,The Experiment: Escape Room,"Nov 22, 2018",2.39,OnSkull Games,0,136,False,0
840500,Dictator's dreams,"Apr 22, 2018",0.99,CSM,0,13,False,0
1264180,Blueplanet VR,"Jun 15, 2020",12.49,Blueplanet VR,0,43,False,0
695720,Matchville - Match 3 Puzzle,"Jun 18, 2019",0.0,Creobit,0,44,False,0
1210970,Carpet Bombing,"Jan 9, 2020",9.99,Synthetic Mind AB,0,7,False,0
1504500,OPUS: Echo of Starsong - Full Bloom Edition,"Aug 31, 2021",24.99,SIGONO INC.,0,5266,False,0
425900,Adventure Lamp,"Jul 15, 2016",9.99,Ryan Davis,0,20,False,0
1667840,Slime Story,"Jul 9, 2021",0.49,★AlienRus★,0,7,False,0
366990,Puzzle Station 15th Anniversary Retro Release,"Apr 30, 2015",3.99,"Ninai Games,YeaBoing",0,21,False,0
388090,Five Nights at Freddy's 4,"Jul 23, 2015",7.99,Scott Cawthon,0,9527,False,0
997730,Deez,"Jan 2, 2019",0.99,UPandQ,0,46,False,0
886450,Night of the Shrub Part 2,"Jul 18, 2018",1.99,Grove Street Games,0,0,False,0
1877790,Armchair Racer,"Feb 8, 2022",3.99,Ojala Games,0,6,False,0
1292690,Corruption of Champions II,"Aug 14, 2020",9.99,Salamander Studios,0,0,True,0
562310,Spacecats with Lasers : The Outerspace,"May 24, 2017",2.99,"Bitten Toast Games Inc.,Guilherme Cunha,Thiago Adamo,Daniel Snd",0,11,True,0
1558970,Hair of the Dog,"Mar 24, 2021",0.0,Tall Story Games Ltd,0,51,True,0
1126020,Wizard Battle,"Sep 9, 2019",4.99,Scott Ethington,0,0,False,0
98900,Alien Hallway,"Aug 19, 2011",4.99,Sigma Team Inc.,0,176,False,0
645410,Ominous Tales: The Forsaken Isle,"Jun 19, 2017",6.99,Urchin Games,0,18,False,0
1563950,머준이의 사건파일 ~쌍둥이 저택의 비밀~,"Feb 16, 2022",15.99,"Sandbox Network, Inc.",0,29,False,0
828160,X-Town 3D game,"Apr 15, 2018",4.88,Alek1277,0,5,False,0
710160,Mula: The Cycle of Shadow,"Dec 15, 2017",4.99,Boozer Game Studios,0,3,False,0
1597730,Dogs Organized Neatly,"Nov 1, 2021",2.09,DU&I,0,519,False,0
878120,UniteStar,"Jul 2, 2018",1.99,SweetApple,0,1,False,0
359250,City of Fools,"Jul 10, 2015",7.99,Absolutist Ltd.,0,57,False,0
755600,Christmas Race,"Dec 1, 2017",0.99,RewindApp,0,33,False,0
1006190,Colorvore,"Feb 22, 2019",0.99,Dreamverse Entertainment,0,1,False,0
557720,Love Chronicles: The Spell Collector's Edition,"Jan 25, 2017",9.99,Vendel Games,0,5,False,0
805320,Conjuror's Eye,"Mar 14, 2018",0.99,"Escality, LLC",0,30,False,0
211201,Dynamite Headdy,"May 2, 2012",0.99,Unknown,0,0,True,0
886060,Redout: Space Assault,"Jan 22, 2021",9.99,34BigThings srl,0,37,False,0
1074680,Bikini Island Challenge,"Jan 5, 2021",0.0,Instantiated Entertainment,0,0,False,0
531780,Castle Explorer,"Mar 31, 2017",9.99,MightyCodeDragon,0,25,True,0
1765260,Cat Jumper,"Oct 13, 2021",1.99,THEREED BAS,0,5,False,0
951990,Pepper's Castle,"Mar 30, 2022",0.0,Fox and Eagle,0,0,False,0
1447430,小黑盒加速器,"May 24, 2021",0.0,Qing Feng Beijing Technology,0,0,False,0
305700,Infinite Scuba®,"Jan 12, 2017",12.99,Cascade Game Foundry SPC,0,9,False,0
359310,Evoland 2,"Aug 25, 2015",19.99,Shiro Games,0,3281,False,0
1297330,Olija,"Jan 28, 2021",14.99,"Skeleton Crew Studio,Thomas Olsson",0,474,False,0
492560,Malkia,"Jul 26, 2016",14.99,Sports Interactive,0,2,False,0
864860,HellCat,"Jun 14, 2018",0.0,Verbal Chambers,0,149,True,0
910290,CRACKPOT DESPOT: TRUMP WARFARE,"Aug 27, 2018",4.99,Unknown,0,0,False,0
1492980,Shut your teeth,"Jul 20, 2021",0.0,Anastasia Erokhina,0,0,False,0
659630,Tiny Toyfare,"Oct 18, 2017",0.0,Super Suite Studios,0,26,False,0
831150,Conveyor VR,"Dec 11, 2018",9.99,Updraft Studios,0,5,False,0
760560,Happy New Year Clicker,"Dec 13, 2017",1.99,CSM,0,37,False,0
748270,VR Roller Coaster - Cave Depths,"Nov 21, 2017",0.99,ARLOOPA Inc.,0,12,False,0
1433860,The Amazing American Circus,"Sep 16, 2021",7.99,"Klabater,Juggler Games",0,146,False,0
611500,Quake Champions,"Aug 22, 2017",0.0,id Software,0,24692,False,0
1716770,Air Traffic BLITZ VR,"Dec 24, 2021",0.99,BLITZ VR,0,12,False,0
1967400,MasterQ,"Jul 19, 2022",5.99,Lin Yu Ting,0,1,False,0
1137260,Tower Defense: Defender of the Kingdom,"Sep 13, 2019",2.99,IO Games,0,9,False,0
423600,Adelantado Trilogy. Book one,"Dec 1, 2015",4.99,Whiterra,0,37,False,0
4240,RACE - The WTCC Game,"Nov 24, 2006",39.99,SimBin,0,121,False,0
1577970,Gordon Adventure,"Mar 31, 2021",0.0,Renan Miguelote Vianna,0,0,False,0
424010,Crudelis,"Jan 20, 2016",5.99,Whiskey Jack Games,0,20,False,0
1990850,Granvil's Fairytale,"Jun 4, 2022",9.99,Voltic Solutions,0,0,False,0
410820,Starward Rogue,"Jan 20, 2016",11.99,"Arcen Games, LLC",0,431,True,0
521750,Romance of the Three Kingdoms V with Power Up Kit,"Apr 18, 2017",19.99,"KOEI TECMO GAMES CO., LTD.",0,57,False,0
563830,Historium VR - Relive the history of Bruges,"Dec 2, 2016",4.39,Sevenedge Interactive Media,0,22,False,0
936620,Petrolhead,"Jan 7, 2019",19.99,"Petrolhead software,VDW Studios",0,21,False,0
244710,Shelter,"Aug 28, 2013",9.99,Might and Delight,0,3003,False,0
1339880,Kenbo,"Jun 24, 2020",3.99,"Repa Games,ImperiumGame",0,4,False,0
947960,Ribbon Racer,"Oct 10, 2018",3.99,Tehawar,0,2,False,0
1138260,Figure Simulator War,"Oct 26, 2019",9.99,H-GIRL,0,77,False,0
1368640,Black Knight - Milena,"Oct 9, 2020",14.99,Capsule Core,0,0,False,0
1517870,StalakMiner,"Oct 7, 2021",9.99,Heats Inc,0,8,True,0
1226020,机忆,"Jun 18, 2020",0.99,futurelovegame,0,44,False,0
1555950,TYPO,"Apr 9, 2021",12.99,gomostudios,0,9,False,0
1849350,SGS Glory Recalled,"Feb 10, 2022",9.99,The Strategy Game Studio,0,6,False,0
1680310,Cubiverse,"Oct 7, 2021",5.99,Cubinauts,0,14,False,0
1063820,疯狂西部/INSANE WEST,"May 21, 2019",1.99,JIGUANGGamestudio,0,15,False,0
324240,I Will Escape,"Dec 22, 2014",0.99,Blue Label Studio,0,8,False,0
1416690,4X4 Masters,"Sep 25, 2020",1.99,Mirador Studio,0,6,False,0
624830,Battle Summoners VR,"May 22, 2017",0.0,VoleR Creative,0,31,False,0
1564760,"Bro, where's My head???","Mar 25, 2021",1.99,Airem,0,22,True,0
970000,Puzzles for smart: Horses,"Nov 13, 2018",3.99,Laush Dmitriy Sergeevich,0,7,False,0
753220,Mhakna Gramura and Fairy Bell,"Feb 19, 2018",4.99,ALICE IN DISSONANCE,0,535,True,0
369190,Shoot 'Em Up Kit,"Jun 5, 2015",39.99,Tall Studios,0,20,False,0
1614730,TM - Prologue,"Jun 24, 2021",0.0,Untitled Studio,0,0,False,0
9050,DOOM 3,"Aug 3, 2007",4.99,id Software,0,5555,False,0
316030,Disney Alice in Wonderland,"Oct 6, 2014",19.99,Etranges Libellules Studios,0,140,False,0
700340,Galacatraz: Eject Equip Escape,"Feb 1, 2018",0.99,Summer Bear Studio,0,0,False,0
817410,SushiParty,"Apr 25, 2018",4.99,AECRNIA,0,17,False,0
1117000,CyberRunner,"Aug 30, 2019",0.0,Cybershoes GmbH,0,4,False,0
1509840,Tower of Doom,"Jul 29, 2021",3.74,Finn Lichtenberg,0,11,False,0
741360,VR Hybrid War 2117 - VR 混合战争 2117,"Nov 10, 2017",0.0,Timo Polvinen,0,4,False,0
837270,Tharn,"May 17, 2018",0.99,Matthew Wester,0,4,False,0
942050,2048,"Oct 31, 2018",4.99,"Lucas Alexander Visual Arts,Nicolai Clemmensen,Gabriele Cirulli",0,82,True,0
428530,Machine Gun Train Run,"Feb 26, 2016",0.99,Party Robot Studio,0,21,False,0
541350,Calm Waters: A Point and Click Adventure,"Jun 12, 2017",0.49,Tayanna Studios,0,21,True,0
38090,Build-A-Lot 2: Town of the Year,"Dec 17, 2009",9.99,Hip Soft,0,10,False,0
1250590,ESCAPE POINT,"May 21, 2020",0.0,ONEIMMERS CO.. LTD.,0,11,False,0
267220,Line Of Defense Tactics - Tactical Advantage,"Mar 17, 2014",9.99,3000AD,0,1,False,0
1439360,Hadrian's Villa Reborn: Stadium Garden,"Nov 7, 2020",9.99,Flyover Zone,0,0,False,0
921740,Shahrzad - The Storyteller,"Aug 17, 2018",9.99,Electro gryphon gamelab,0,4,False,0
1426490,LOST EPIC,"Jun 5, 2021",19.99,"oneoreight,Team EARTHWARS",0,605,False,0
669770,Strangers in a Strange Land,"Jul 27, 2017",4.99,SOMG,0,50,False,0
46000,Bob Came in Pieces,"Jan 22, 2010",4.99,Ludosity,0,77,False,0
848010,Find your way,"Apr 10, 2019",4.99,OnBlind,0,209,True,0
531070,The Tower - Fantogame,"Sep 20, 2016",1.99,Fantogame,0,7,False,0
1456060,Strip Black Jack - Santa Babe,"Nov 13, 2020",1.99,CritoGames,0,0,False,0
1113930,Don't Die,"Aug 8, 2019",9.99,Zgame Studio,0,6,False,0
913270,We Are Terror: The First Days,"Sep 1, 2018",0.0,Kuzcopia,0,12,False,0
747750,D.F.R.: The Light,"Nov 30, 2017",1.99,Nothing Rhymes With Entertainment,0,3,False,0
290020,LogicBots,"Feb 8, 2017",19.99,Incandescent Games,0,135,True,0
235820,Element4l,"May 24, 2013",8.99,I-Illusions,0,535,True,0
24720,SPORE™ Galactic Adventures,"Jun 23, 2009",19.99,EA - Maxis,0,4802,False,0
934920,SparkChess,"Oct 17, 2018",18.99,Armand Niculescu,0,1,False,0
545470,Hover Hazard,"Oct 21, 2016",0.49,David Mulder,0,32,False,0
912250,Simplex Mundi,"Sep 9, 2018",0.0,PixelKiln,0,16,False,0
637960,ProjectM : Dream,"Sep 4, 2017",0.0,EVR Studio,0,61,False,0
1144290,Lucid Nina,"Sep 10, 2019",3.99,slimelvl2,0,6,False,0
315540,The Joylancer: Legendary Motor Knight,"Nov 7, 2014",9.99,alpha six productions,0,67,False,0
353940,Aces of the Luftwaffe,"May 8, 2015",4.99,HandyGames,0,69,False,0
1758040,Violent Agent,"Oct 6, 2021",3.99,Reforged Group,0,0,False,0
1466140,Sluggy Jean Takes a Hike,"Dec 4, 2020",0.99,"The PhyzBot Group,JEEJ AND JOE GAMES",0,2,False,0
2003260,Shake Ground,"Jun 1, 2022",5.99,Sweety Boy,0,0,False,0
911180,Lost Letters (of Seraphina),"Oct 31, 2018",3.99,"Wicked Alley,LUXI",0,2,False,0
1387460,Melancholy Love,"Jan 29, 2021",8.99,White Dew Games,0,57,False,0
1539070,Super Hunchback,"Jun 2, 2021",7.99,Ocean,0,0,False,0
230230,Divinity: Original Sin (Classic),"Jun 30, 2014",0.0,Larian Studios,0,10666,False,0
351090,Regency Solitaire,"May 18, 2015",9.99,Grey Alien Games,0,613,False,0
1720370,My Life Changed - Jigsaw Puzzle,"Aug 25, 2021",0.79,Naoka Games,0,29,False,0
24049,Train Simulator Classic,"Apr 21, 2022",24.99,Dovetail Games,0,8897,False,0
1575430,The Bounty Huntress,"Jul 1, 2021",3.99,IC Games,0,11,False,0
1686470,X-Force Genesis,"Aug 30, 2021",3.99,Cube Games,0,14,False,0
717680,Tubular Rift,"Apr 6, 2018",4.99,Boogie Down Games llc,0,3,False,0
738600,Odyssey: The Deep Space Expedition,"Jan 18, 2019",0.49,TouchDown Creations,0,13,False,0
1949840,Disharmonia,"May 3, 2022",9.99,Daniel Seman,0,2,False,0
1232610,Panic Station VR,"Feb 27, 2020",0.0,"Student team of Korea Vocational College of Information and Technology (Republic of Korea),한국IT전문학교 학생팀",0,30,False,0
1708250,Jump If You Can!,"Mar 22, 2022",0.99,D. T. Games,0,0,True,0
1644720,Project H,"Jul 15, 2021",0.0,HollowPixels,0,0,False,0
347250,F-19 Stealth Fighter,"Apr 1, 2015",1.39,"MicroProse Software, Inc",0,60,True,0
654970,Numberline 2,"Jul 14, 2017",1.99,"V34D4R,Egor Magurin",0,8,False,0
1744020,Domino Effect: Build and Topple,"Sep 24, 2021",4.99,nilio,0,0,True,0
390290,Bulb Boy,"Oct 29, 2015",8.99,Bulbware,0,875,False,0
1422930,Aripi,"Nov 8, 2020",1.19,Simpals LLC,0,17,False,0
1550760,Blast Brigade vs. the Evil Legion of Dr. Cread,"Apr 12, 2022",19.99,Allods Team Arcade,0,133,False,0
1225930,Pixel Dominance,"Feb 4, 2020",0.89,Stepan Sheygas,0,15,False,0
1400450,Dino Eruption,"Jan 22, 2021",24.99,MULTIVERSUM GmbH,0,4,False,0
820890,Blood Bond - Into the Shroud (Enhanced Edition),"Feb 27, 2019",15.99,W.R.K.S Games,0,6,False,0
1515340,Lazy Postman,"Jan 26, 2021",1.99,ImperiumGame,0,11,False,0
542110,FriendShip,"Dec 16, 2016",0.54,"Grayson Malinowski,Jesse Homa,Louis Fairgrieve",0,4,False,0
1708970,The Prince of Landis,"Nov 5, 2021",7.99,Lorestrome,0,9,False,0
541930,Panoptic,"Oct 8, 2020",11.89,Team Panoptes,0,252,False,0
825580,Grotoro,"Jun 12, 2018",0.0,Concrete Games,0,16,False,0
1522900,Pizza Shop Manager,"Aug 20, 2021",9.99,True Seria,0,1,False,0
1382370,ProjectTeo,"Sep 9, 2020",11.99,Dnovel,0,14,False,0
689520,★ Fallalypse ★,"Sep 12, 2017",9.99,"Hede,Fallalypse studio",0,14,True,0
1078060,BRG's The Stonecutter,"May 31, 2019",2.99,Brave Rock Games,0,1,False,0
1716210,Halloween Riddles Mysterious Griddlers,"Sep 8, 2021",4.99,Creobit,0,1,False,0
361200,COAST GUARD,"Oct 21, 2015",17.99,Reality Twist GmbH,0,64,False,0
1922320,Stay away from zombies,"Mar 16, 2022",8.99,GiBar,0,2,False,0
683900,RollerCoaster Tycoon® Classic,"Sep 28, 2017",19.99,Origin8 Technologies Ltd.,0,1380,False,0
1728020,Plague Infection,"Sep 20, 2021",3.99,ImperiumGame,0,0,False,0
760160,Vampire: The Masquerade - Bloodhunt,"Apr 27, 2022",0.0,Sharkmob AB,0,0,False,0
1280670,Covid Quest 2077,"Apr 9, 2020",4.99,"David S Womack Productions,Womack Games LLC",0,1,False,0
1700600,ESTEN,"Dec 14, 2021",1.99,Discade Project,0,7,False,0
1699790,Punkgrad,"Sep 5, 2021",5.99,JOLY APE,0,0,False,0
603100,ATOMINE,"May 4, 2017",0.99,Broken Arms Games,0,234,False,0
513760,3dSunshine,"Nov 1, 2016",0.0,Vain Media LLC,0,40,False,0
298180,The Desolate Hope,"May 5, 2014",0.0,Scott Cawthon,0,1099,False,0
763220,Bright low,"Dec 26, 2017",0.99,abdullah aldosari,0,0,False,0
1336950,VoxFox,"Jun 18, 2020",2.99,Piece Of Voxel,0,20,False,0
796070,PuppetShow: Return to Joyville Collector's Edition,"Feb 5, 2018",9.99,AMAX Interactive,0,5,False,0
1170250,Eutergeläuter,"Jul 24, 2020",7.99,myNiKa.de,0,2,False,0
918900,Girls Dance VR,"Aug 24, 2018",1.79,Girls Dance Studio,0,11,False,0
1732940,New Home: Medieval Village Playtest,"Aug 23, 2021",0.0,Unknown,0,0,False,0
1951510,Pale Night Playtest,"Jun 8, 2022",0.0,Unknown,0,0,False,0
368220,Close Combat - Panthers in the Fog,"May 14, 2015",39.99,Matrix Games,0,108,False,0
1400190,Human-Like,"Dec 21, 2020",5.99,Strife AI,0,6,False,0
1636690,Unwell Known,"May 26, 2022",9.99,BoxCutter Game Studio,0,15,False,0
1549000,Retro Classix: Express Raider,"Mar 2, 2021",6.99,Data East,0,5,False,0
1461400,Kris Kringle's Christmas Village VR,"Dec 15, 2020",2.99,LunaBeat,0,1,False,0
1360900,Lost Island Atlantida Advanture Game,"Jul 29, 2020",4.89,Talgin Studio,0,0,False,0
1342120,Castaway of the Ardusta Sea,"Jul 8, 2022",14.99,baron sengia,0,44,False,0
1561010,Space Ape,"Apr 29, 2021",0.0,nonPareil Institute,0,0,False,0
1128570,Weeping Willow - Detective Visual Novel,"Oct 3, 2019",1.99,TechnoCat Games,0,51,True,0
1198400,Rhythm Fighter,"May 27, 2020",14.99,echo games,0,358,False,0
1401530,Project Existence - Multiplayer Sandbox,"Oct 30, 2020",0.0,Arctic Theory,0,21,False,0
945710,DreadOut 2,"Feb 21, 2020",19.99,Digital Happiness,0,1064,False,0
265790,Residue: Final Cut,"Aug 1, 2014",1.99,The Working Parts,0,60,False,0
725620,Battlegrounds2D.IO,"Aug 15, 2019",0.99,Karge Software,0,4,False,0
1665240,Waltz of the Wizard: Extended Edition Playtest,"Jun 11, 2021",0.0,Unknown,0,0,False,0
822460,Trivia Vault: Auto Racing Trivia,"Mar 28, 2018",9.99,Ripknot Systems,0,31,False,0
1765480,Bomb Sweeper - Mine Finder,"Oct 27, 2021",0.99,Ozan SEN,0,2,False,0
307430,Othello,"Mar 19, 2015",0.0,BlueLine Games,0,71,True,0
1265240,Uniform Girl,"Apr 3, 2020",0.99,Cartoon game,0,238,False,0
1801220,God Damn The Garden,"Dec 20, 2021",4.99,Agelvik,0,39,False,0
880320,魔装術師アカネ / Magic MechSuit Akane,"Jul 27, 2018",2.99,WaterMagus,0,2,False,0
873240,Hentai Memory,"Jul 20, 2018",0.59,Pirotexnik,0,948,False,0
1840520,Cyber Girls 2022,"Dec 28, 2021",9.99,Nugroho Studio,0,3,False,0
864010,Space Force,"Jun 1, 2018",0.51,Semi Sağlam,0,14,False,0
1702180,Goat's Tale,"Jan 17, 2022",0.0,FoxSox Games,0,230,False,0
1428560,Life with Mary,"Nov 10, 2020",5.99,Likesblondes,0,0,True,0
1765510,The Railway,"Nov 4, 2021",1.99,Honest Novels,0,4,False,0
1775390,Substance 3D Painter 2022,"Nov 24, 2021",149.99,Adobe,0,266,True,0
312640,Power-Up,"Aug 29, 2014",2.99,Psychotic Psoftware,0,149,False,0
22320,The Elder Scrolls III: Morrowind® Game of the Year Edition,"Jun 16, 2009",14.99,Bethesda Game Studios,0,19141,False,0
747340,Unforgiving - A Northern Hymn,"Nov 27, 2017",14.99,Angry Demon Studio,0,1001,False,0
689020,final m00n - Defender of the Cubes,"Jan 30, 2019",4.99,"Frank Gallinsky,Yuri Bechthold",0,11,False,0
2006430,Epic Jump!,"Jun 26, 2022",4.99,Sune H. W.,0,1,False,0
746760,Outside,"Sep 28, 2019",5.99,"ELECTROSTALIN ENTERTAINMENT,EvilGamesStudios",0,12,False,0
525150,Space Fuss,"Feb 28, 2017",4.99,NerdyYetis,0,76,False,0
1932350,LogiNode,"Apr 19, 2022",1.49,Fredrik Hernqvist,0,6,False,0
1667720,Demon Lord Jill -REVIVAL-,"Sep 17, 2021",4.99,ななっしー,0,23,False,0
460970,Soulcaster: Part I & II,"May 24, 2016",4.99,MagicalTimeBean,0,34,True,0
1494530,Cubo ao topo,"Jun 22, 2021",4.99,Ricardo Alex da Costa soares,0,1,False,0
1334010,Last Room,"Jun 14, 2021",2.99,RelluRealGames,0,232,False,0
470760,Antiflux,"May 19, 2016",0.0,UAA Software,0,34,False,0
1338940,Head AS Code,"Feb 9, 2021",19.99,Miracle Moon,0,34,False,0
1202280,Slave Princess Sarah,"Dec 11, 2020",14.99,StudioS,0,72,False,0
1665280,Skabma - Snowfall,"Apr 22, 2022",19.99,Red Stage Entertainment,0,53,False,0
754830,Travel Mosaics 6: Christmas Around the World,"Dec 3, 2018",0.99,Jetdogs Studios,0,14,False,0
232430,Gone Home,"Aug 15, 2013",14.99,Fullbright,0,12902,True,0
913280,Pranky Cat,"Nov 28, 2018",9.99,"FastGame,VICTORIA Games",0,35,False,0
65080,Kaptain Brawe: A Brawe New World,"Jan 20, 2011",9.99,Cateia Games,0,100,False,0
966460,Undress Tournament,"Jan 24, 2019",0.0,"HawkX Games,Double Mirage Studio",57,12,False,98
1327390,Sogo Vego,"Sep 16, 2020",0.0,IL YA,0,16,False,0
1487940,Nuumonsters,"Feb 18, 2021",14.99,Yanako RPGs,0,22,False,0
512830,Zombie Trigger,Aug 2016,2.99,Xuebao Games,0,3,False,0
1745310,Idol Hands,"Mar 23, 2022",10.99,"樹懶叫工作室,sloth gamer",0,0,False,0
1793220,Airship Killer,"Nov 9, 2021",10.99,DIP GAME,0,9,False,0
1396290,Chess Mega Bundle,"Jun 7, 2021",4.99,GammaLateral,0,2,False,0
678620,Battle Chess II: Chinese Chess,"Jul 31, 2017",9.99,Interplay Entertainment Corp.,0,8,True,0
1470420,Re:Turn 2 - Runaway,"Jan 28, 2022",7.99,Red Ego Games,0,32,False,0
1551030,涨粉二维码,"Aug 18, 2021",1.99,Eternal Dream,0,158,False,0
1272460,人狼の仔,"Apr 24, 2020",3.99,GAMES Before Sunset,0,0,False,0
846010,Visceral Cubes,"May 3, 2018",0.99,Ominous Entertainment,0,16,True,0
1113730,Cubico,"Aug 14, 2019",0.0,"Simon Hischier,Michael Schürmann",0,124,True,0
497260,Fabulous Food Truck,"Jul 21, 2016",2.99,EnsenaSoft,0,64,False,0
1259570,Around the Fire,"Mar 20, 2020",6.99,Sean Marty,0,2,False,0
395300,Voxel Blast,"Oct 22, 2015",11.99,Ceiba Software and Arts,0,2,True,0
1198590,Stonefly,"Jun 1, 2021",19.99,Flight School Studio,0,78,False,0
385150,Stranded In Time,"Jul 17, 2015",0.99,"DQ Team,Hidden Hallow Studio",0,83,True,0
391490,Braveland Pirate,"Sep 14, 2015",9.99,Tortuga Team,0,316,True,0
1904820,Prison Life,"Mar 31, 2022",0.0,AO Games,0,0,False,0
938310,12 Labours of Hercules VIII: How I Met Megara,"Dec 26, 2018",2.99,"Jetdogs Studios,Zoom Out Games",0,127,False,0
352010,Beach Bounce,"Aug 14, 2015",3.99,Dharker Studio,0,228,False,0
1910180,Ghosts of Hollow Creek,"Jun 21, 2022",14.99,Richard Holleman,0,3,False,0
46560,Robin Hood: The Legend of Sherwood,"Aug 26, 2011",7.99,Spellbound,0,802,False,0
769550,East 73: Magenta Fairytale,"Dec 29, 2017",1.99,Magenta Factory,0,104,True,0
602960,Barotrauma,"Jun 5, 2019",29.99,"FakeFish,Undertow Games",0,28384,True,0
437340,Toys of War,"Feb 27, 2019",9.99,2Bit Studios,0,9,True,0
1054690,Dreadlands,"Mar 10, 2020",24.99,Blackfox Studios,0,118,False,0
1530240,Toodles & Toddlers,"Feb 16, 2021",4.99,UglyBaby Games,0,6,False,0
684870,Spiral Splatter,"Aug 9, 2017",0.49,Neonchimp Games,0,61,True,0
795990,Rise: The Vieneo Province,"Feb 4, 2020",19.99,"Unistellar Industries, LLC",0,16,False,0
1431780,The Black Heart,"Oct 21, 2021",9.99,Andrés Borghi,0,207,False,0
1427940,Pirate Jigsaw,"Oct 30, 2020",0.49,Creobit,0,2,False,0
400710,Bleeding Blocks,"Sep 15, 2015",1.99,Killer Teapot Games,0,12,False,0
344860,Crystal Story II,"Feb 6, 2015",2.99,Emmanuel Salva Cruz,0,262,False,0
1727320,Phoenix Pro Theater Media Player,"Sep 2, 2021",2.99,DP CORPORATION,0,8,False,0
468780,The Concourse,"May 31, 2016",9.99,"A & B Game Studios, LLC",0,18,False,0
1647160,Deepest Sword,"Jun 9, 2021",0.0,Cosmic Adventure Squad,0,0,False,0
627530,Strata inStudio VR,"May 3, 2017",0.0,"Strata Mixed Reality, Inc.",0,13,False,0
721760,"Highlands, Deep Waters","Sep 28, 2017",3.99,Hosted Games,0,22,True,0
326670,Warhammer Quest,"Jan 7, 2015",14.99,"Rodeo Games,Twistplay",0,721,True,0
676170,Ungrounded: Ripple Unleashed VR,"Aug 19, 2017",6.99,"Joie Liba,William Wu",0,2,False,0
886230,Noble Armada: Lost Worlds,"Sep 13, 2018",19.99,"Gamesare,Holistic Design",0,1,False,0
877850,TribeXR DJ School,"Mar 25, 2019",22.49,TribeXR Inc.,0,155,False,0
1659410,Dungeon Lad,"Mar 31, 2022",4.99,Ghost Goats Games,0,22,False,0
1516550,Vectors,"Feb 4, 2021",0.99,Hanna Hanna Games,0,21,False,0
594550,Arma: Cold War Assault Mac/Linux,"Mar 14, 2017",4.99,Bohemia Interactive,0,104,True,0
1878810,The Circus,"May 19, 2022",0.0,"Keren,Mkx,Pyramide,Kuma,Mr.Lime,Ann",0,0,False,0
1493760,Youtubers Life 2,"Oct 19, 2021",29.99,UPLAY Online,0,0,False,0
541760,The Frontier,"Oct 24, 2016",9.99,Nikku Nomura,0,3,False,0
1509090,Seek Girl Ⅷ,"Apr 30, 2021",1.99,DSGame,0,272,False,0
776040,John Lazarus - Episode 1: Dead Man's Origin,"Mar 9, 2018",9.99,RainSoft,0,10,False,0
1084360,Mister Burnhouse,"Apr 13, 2021",0.99,Anatoliy Loginovskikh,0,16,False,0
1039590,Snake-a-roni,"May 14, 2020",0.0,Green Pepperoni Software LLC,0,12,False,0
955580,Rise: Race The Future,"Nov 1, 2018",5.59,VD-dev,0,67,False,0
613370,Upside-Down Dimensions,"Aug 9, 2017",15.99,Hydra Interactive,0,2,True,0
765490,Spectrum Break,"Mar 29, 2018",5.99,Jason Hein,0,19,False,0
1907430,GoBangTetris,"Mar 5, 2022",0.0,"Huang Gaole,Aleksandr Makarov",0,0,False,0
802330,Badminton Kings VR,"Mar 12, 2018",14.99,Appnori Inc.,0,15,False,0
872600,创史者Hist Maker,"Jun 22, 2018",0.0,Duke Studio,0,54,False,0
1820040,Trailmappers Playtest,"Nov 12, 2021",0.0,Unknown,0,0,False,0
48173,Assassin's Creed 2,"Mar 9, 2010",19.99,Ubisoft Montreal,0,15726,False,0
1705400,The Shape of Time,"Aug 27, 2021",0.0,Julien Papo,0,0,False,0
721670,Frontiers.io,"Oct 12, 2017",0.49,Boogygames Studios,0,3,False,0
1596920,Play Me,"Oct 14, 2021",9.99,Gazzing Studios,0,0,False,0
812960,Guilds Of Delenar,"Mar 22, 2019",14.99,Batholith Entertainment,0,32,False,0
312420,Hell,"Nov 13, 2014",29.99,Hunted Cow Studios,0,24,False,0
3800,Advent Rising,"Sep 14, 2006",9.99,"GlyphX Games,Cavetap",0,357,False,0
1017380,天空傳説,"Feb 17, 2019",7.99,Magic Factory,0,0,False,0
1528780,ABERRATION TOWN,"Feb 6, 2021",19.99,Limitcore.studio,0,3,False,0
1922340,CRASH TEST IDIOT,"Mar 11, 2022",0.99,Archor Wright,0,5,False,0
1361450,Hadrian's Villa Reborn: South Theater,"Sep 25, 2020",5.99,Flyover Zone,0,1,False,0
1643180,Artist Life Simulator,"Oct 28, 2021",19.99,Interactive Fate,0,21,False,0
655650,Mahjong Masters: Temple of the Ten Gods,"Jun 19, 2017",6.99,Playtinum,0,1,False,0
1194700,House Flipper VR,"Nov 5, 2020",6.99,Frozen Way,0,130,False,0
364450,Freshman Year,"Apr 20, 2015",0.0,"Nina Freeman,Laura Knetzger,Stephen Lawrence Clark",0,123,False,0
495720,Intrude,"Aug 1, 2016",3.99,Michal Kruba,0,158,False,0
226860,Galactic Civilizations III,"May 14, 2015",39.99,Stardock Entertainment,0,7594,False,0
1049710,Minute of Islands,"Jun 13, 2021",19.99,Studio Fizbin,0,290,False,0
1193430,Vapormaze,"Jun 9, 2021",7.49,Felipe Rodrigues,0,24,False,0
1928850,STAR MATH: Interstellar Rogue 2,"Jul 21, 2022",10.79,KINGSGUARD GAMES,0,1,False,0
636030,Ricky Raccoon 2 - Adventures in Egypt,"Jun 2, 2017",8.99,Makivision Games,0,14,False,0
1556480,KARMA,"Mar 10, 2021",5.99,Raytrace Interactive,0,4,False,0
628750,aMAZE 2,"Apr 21, 2017",0.99,Blender Games,0,615,False,0
1049950,Arena Stars,"Apr 11, 2019",0.0,Tiny Titan Studios,0,81,False,0
1161820,Survived,"Oct 31, 2019",3.99,OnionStudio,0,0,False,0
1949020,Justice Blocks Demo Playtest,"Mar 30, 2022",0.0,Unknown,0,0,False,0
915160,Anime Girl Or Boy?,"Aug 15, 2018",0.49,Nikita Ghost_RUS,0,42,False,0
1202830,Cyberception,"Apr 24, 2020",10.99,Steelcore Games,0,1,False,0
467720,Roomie Romance,"Sep 13, 2019",14.99,Dharker Studio,0,0,False,0
871420,Lovecraft's Untold Stories,"Jan 31, 2019",14.99,LLC Blini Games,0,574,False,0
1025870,MONSTERS:SURVIVAL,"Apr 1, 2019",7.99,DCELL GAMES STUDIO,0,4,False,0
590580,Dragon of Legends,"Dec 15, 2017",10.99,Thrive Games,0,5,False,0
455000,The Lost,"Aug 17, 2016",0.0,Duang,0,38,False,0
601010,Hotel Anatolia,"Mar 20, 2017",0.99,Elven Workshop,0,198,False,0
1106730,Paradox Escape Route,"Oct 23, 2019",4.99,DKC Game Studio,0,2,False,0
2027170,SIMBA THE CAT,"Jun 24, 2022",14.99,SALVO LA MONICA,0,10,False,0
489240,Exile to Death,"Jun 1, 2018",19.99,Aleksei Milchakov,0,7,False,0
555150,The First Tree,"Sep 14, 2017",9.99,David Wehle,0,3661,True,0
1866090,Insect Simulator,"Jun 22, 2022",3.99,Games,0,1,False,0
1230840,Matcha Warriors,"Jun 24, 2020",7.99,Sideral Creations,0,2,False,0
1642260,Kimagure Temptation,"Nov 19, 2021",19.99,Silky's Plus Wasabi,0,0,False,0
1013830,Agent Of Love - Josei Otome Visual Novel,"Jul 25, 2019",0.0,Delusional Inc,0,19,False,0
397960,Mystery Expedition: Prisoners of Ice,"Nov 9, 2015",6.99,Lazy Turtle Games,0,10,False,0
947070,Furry Shakespeare: Dashing Dinosaurs & Sexy Centaurs,"Aug 28, 2019",9.99,Stegalosaurus Game Development,0,3,True,0
336710,Supreme League of Patriots - Episode 2: Patriot Frames,"Jan 29, 2015",5.99,No Bull Intentions,0,31,True,0
525190,The Construct,"Sep 12, 2016",0.99,Cannibal Panda Studios,0,34,False,0
1180940,Spellinkers,"Nov 11, 2019",0.99,PixLuna Game Studio,0,10,False,0
880780,Vatnik Simulator - A Russian Patriot Game,"Jun 21, 2018",0.49,Nikita Ghost_RUS,0,9,False,0
1885600,Paws and Leaves - A Thracian Tale Playtest,"Jan 24, 2022",0.0,Unknown,0,0,False,0
859990,Eggs 1942,"May 31, 2018",4.99,WoksOnStudios,0,41,False,0
991480,Santa Simulator,"Dec 7, 2018",6.99,Toast VR,0,13,False,0
1178160,Blackjack Championship,"Aug 25, 2020",0.0,BBstudio Inc.,0,371,False,0
599840,Planet RIX-13,"May 12, 2017",2.99,9 Eyes Game Studio,0,83,False,0
8080,Kane and Lynch: Dead Men™,"Dec 13, 2007",0.0,IO Interactive,0,1954,False,0
1210680,封神纪传奇,"Jan 12, 2020",0.0,修仙界,0,31,False,0
475070,DIVE: Starpath,"Feb 6, 2018",0.0,Gravity Well Studios,0,36,False,0
1826160,The Asmodian Princesses and the Witch in the Forest,"Jun 17, 2022",24.99,BlusterD,0,18,False,0
2077800,Streamer's Court,"Jul 21, 2022",4.49,Metehan SENER,0,1,False,0
1133890,P1R4T3S,"Jan 31, 2020",9.99,LLC Blini Games,0,6,False,0
325610,Total War: ATTILA,"Feb 17, 2015",44.99,CREATIVE ASSEMBLY,0,23432,True,0
1533750,小小精灵塔防(Little elf tower defense),"Feb 18, 2021",0.99,tree,0,2,False,0
974390,Metaloid : Origin,"Mar 28, 2019",6.99,RetroRevolution,0,24,False,0
1631950,Fimbul Winter VR,"Jun 3, 2021",0.55,Success Games,0,0,False,0
865980,BOSSGARD,"May 21, 2020",19.99,Sand Sailor Studio,0,149,False,0
1144280,Ain Dodo,"Sep 11, 2019",0.49,oukaein,0,133,False,0
1346970,Lens Life,"Aug 10, 2020",3.99,Zenox,0,0,False,0
4470,Silverfall: Earth Awakening,"Jul 18, 2008",3.39,Monte Cristo,0,50,False,0
966730,Leprechaun Shadow,"Sep 5, 2019",4.99,Stand Off Software,0,2,True,0
1679340,Shanghai1920,"Jul 20, 2021",0.0,Jiacheng Sun,0,0,False,0
1550660,Oakrot - it's literally a book,"Mar 5, 2021",0.0,louis morel,0,15,False,0
1116470,Real Girl VR,"Jul 26, 2019",14.99,Real Girl VR,0,0,False,0
1070980,Astro4x,"May 16, 2019",4.99,MrGrak,0,3,False,0
577700,THE VIDEOKID,"Jan 31, 2017",3.99,PixelTrip Studios,0,80,False,0
32470,STAR WARS™ Empire at War - Gold Pack,"May 25, 2010",19.99,Petroglyph,0,27845,False,0
485900,Hardware Engineers,"Apr 22, 2019",14.99,Green127,0,243,False,0
1271250,Date Night Bowling,"Nov 26, 2021",9.99,Serenity Forge,0,5,False,0
1717020,Ed-0: Zombie Uprising,"Apr 4, 2022",19.99,LANCARSE Ltd.,0,55,False,0
1238630,FatCat with Hat - Reload the Powergun,"Mar 17, 2020",9.99,Mathias Neubert,0,0,False,0
1565780,Scaper Dash,"May 12, 2021",1.99,OneRoad Studios,0,4,False,0
1492380,Jumping Over It With Neko Girl,"Feb 12, 2021",0.49,Sweet Games,0,3,False,0
291910,Firefighters 2014,"May 21, 2014",24.99,VIS - Visual Imagination Software,0,328,False,0
959760,Play Room 0g,"Oct 29, 2018",0.99,Jonathan L Clark,0,0,False,0
1437170,Stranded 2,"Oct 19, 2020",3.99,JimJams Games,0,2,False,0
1366290,Kill It With Fire: HEATWAVE,"Jul 17, 2020",0.0,Casey Donnellan Games LLC,0,1741,False,0
640380,UBERMOSH Vol.5,"May 25, 2017",0.49,Walter Machado,0,275,True,0
1089080,Superstar Hero,"Jun 13, 2019",0.0,DJ Omnimaga Music,0,10,True,0
776320,Armada Skies,"Jan 31, 2018",1.99,Josh Tam Universe,0,13,False,0
1215860,Model Railway Easily,"Jan 28, 2020",19.99,Redbrick Studios Ltd,0,17,False,0
464540,Colosse,"Apr 21, 2016",0.0,Colosse Team,0,118,False,0
366350,ROGUS - Kingdom of The Lost Souls,"Jun 30, 2015",4.99,IronDrop Studios,0,14,False,0
1719460,My Furry Dictator 🐾,"Oct 8, 2021",2.39,Dirty Fox Games,0,0,False,0
1388670,Modern Puzzle,"Aug 26, 2020",0.99,Laush Dmitriy Sergeevich,0,3,False,0
214910,Air Conflicts: Pacific Carriers,"Sep 21, 2012",9.99,"Games Farm,3Division",0,264,False,0
333120,Inside The Gear,"Nov 21, 2014",0.89,Mykhail Konokh,0,47,False,0
1116960,UNDEFEATED,"Aug 2, 2019",0.0,UNDEFEATED Games,0,4757,False,0
806540,Crush Fly,"Feb 24, 2019",0.99,Zstudio,0,0,False,0
649740,CRAFT BATTLE SIMULATOR,"Jun 13, 2017",4.99,Theodor Niklas,0,2,True,0
1718860,Mayflower Reflections,"Feb 24, 2022",0.0,Metro Boulot Dodo MBD,0,0,False,0
856880,Fighting Fantasy Classics,"Jun 5, 2018",0.0,Tin Man Games,0,164,False,0
851810,Ultimate Sudoku Collection,"May 18, 2018",0.0,Stanley Lam,0,95,False,0
668590,Omen Exitio: Plague,"Mar 5, 2018",9.99,Tiny Bull Studios,0,376,True,0
1369560,Obsolete,"Aug 17, 2020",2.99,Farfelu,0,30,False,0
489080,Spellforge,"Oct 4, 2016",6.99,Paper Scorpion Co.,0,3,False,0
342540,Terminal Hacker - Into the Deep,"Oct 30, 2015",1.99,SecuritySession.com,0,3,True,0
1575320,Curiosity,"Apr 11, 2021",3.99,NonStandardCode,0,1,False,0
953290,Dinosaur Safari VR,"Oct 15, 2018",0.0,"Hollowhead, Inc.",0,10,False,0
1228330,The Last One Month,"Jan 13, 2022",8.99,"L＆K Co., Ltd.",0,81,False,0
1537670,Neurodeck Playtest,"Feb 3, 2021",0.0,Unknown,0,0,False,0
1054720,DUMB FIGHT,"Jan 7, 2020",7.99,MOGiN GAMES,0,12,False,0
256370,MXGP - The Official Motocross Videogame,"Mar 28, 2014",9.99,Milestone S.r.l.,0,1044,False,0
717040,The Flight Of Dowran,"Oct 24, 2017",5.99,RSK Entertainment,0,2,False,0
1110690,Banter Schooldays!!三〇一室无一人,"Nov 22, 2019",3.99,Lingtan Studio,0,635,False,0
1358250,City of Broken Dreamers: Book One,"Aug 7, 2020",9.99,PhillyGames,0,0,True,0
1140270,Monster Prom 2: Monster Camp,"Oct 23, 2020",11.99,Beautiful Glitch,0,4399,True,0
1244960,Moonlight Mansion,"Mar 16, 2020",0.0,Monocarpic Game,0,28,False,0
1419200,Way Walkers: University 2,"Oct 22, 2020",4.99,Hosted Games,0,1,True,0
332540,We Slay Monsters,"Jun 21, 2017",3.99,Furiously Inactive Games,0,66,False,0
312920,Rugby League Live 3,"Sep 29, 2015",19.99,Big Ant Studios,0,117,False,0
703880,Swords and Soldiers 2 Shawarmageddon,"Nov 6, 2018",9.99,Ronimo Games,0,165,False,0
1033250,BluBoy: The Journey Begins,"Jun 5, 2019",9.99,Hussain A,0,1,False,0
1847210,中国传统武术 八卦掌 六十四手 Chinese martial arts (kungfu) The 64 Hands of Bagua Zhang,"Jan 17, 2022",9.99,北京彩蛋科技有限公司,0,11,False,0
1145180,uznali ? soglasnbI ?,"Sep 23, 2019",0.99,lastgame,0,7,False,0
612670,Moonfall,"Apr 12, 2017",0.0,Fishcow Studio,0,35,True,0
358350,Secret Agent,"May 5, 2014",4.99,3D Realms (Apogee Software),0,78,False,0
1016120,PGA TOUR 2K21,"Aug 20, 2020",14.99,HB Studios Multimedia Ltd.,0,5409,False,0
1828710,Tumble,"Dec 15, 2021",199.99,AT_Games,0,9,False,0
809380,MagicCat,"Mar 11, 2018",0.0,W的苹果酱,0,12,False,0
842750,Galaxy Champions TV,"Sep 6, 2018",6.99,aQuadiun,0,86,True,0
1531610,Home Designer - Home Sweet Home,"Feb 11, 2021",4.99,Mad Data,0,10,False,0
1870710,Circuit: Laser Maze,"Mar 1, 2022",14.99,Duston Parker,0,4,True,0
1136330,Hazumi and the Pregnation,"Feb 20, 2020",11.99,Mihiraghi,0,0,False,0
1957990,Tile Cities,"May 5, 2022",2.99,yevhen8,0,213,False,0
595770,AirMech Wastelands,"Jul 6, 2018",14.99,Carbon Games,0,230,False,0
1601590,Freiwillig,"Apr 30, 2021",4.99,tylerist.es,0,1,False,0
1721870,Neon Sundown,"Mar 18, 2022",3.99,Ben Nichols,0,216,False,0
1355630,Connect-X,"Jul 22, 2020",4.99,Whirligig Studios,0,2,True,0
1054490,Wingspan,"Sep 17, 2020",19.99,Monster Couch,0,5186,False,0
579030,GridVR,"Jan 17, 2017",2.99,iPOL,0,0,False,0
1859640,SIMULATTE - Coffee Shop Simulator,"Jan 15, 2022",4.99,Simulatte,0,7,False,0
1541670,Giant Blobs From Mars,"Mar 31, 2021",1.99,Almighty Games,0,2,False,0
568240,Kung Fu Ping Pong,"Feb 12, 2017",1.99,BLAZORS,0,3,False,0
1110580,Flex - Figure Reference,"Aug 1, 2019",7.99,The Dada Factory,0,51,False,0
493060,Ballistic Tanks,"Sep 20, 2016",4.99,Kirklight Games,0,191,True,0
1423360,Swire Future,"Oct 7, 2020",18.99,王小波,0,2,False,0
1450730,Kuro Neko,"Mar 17, 2021",5.99,GXPlay,0,0,False,0
1638860,Noir Punk,"May 31, 2021",0.0,Milpitians,0,0,False,0
1281390,Wasted World,"May 6, 2020",19.99,Achrony,0,53,False,0
270490,The Forest of Doom (Standalone),"Oct 30, 2014",4.99,Tin Man Games,0,221,True,0
1140290,Murder by Numbers,"Mar 6, 2020",14.99,Mediatonic,0,954,False,0
789490,Boom! Maze,"Sep 6, 2018",9.99,Lucid Pixel,0,1,False,0
268750,Magicite,"Jun 9, 2014",9.99,SmashGames,0,6321,True,0
675220,SoulFrost,"Aug 1, 2017",4.99,Xitilon,0,15,False,0
933050,Lost Cosmonauts ARG,"Oct 1, 2018",2.99,Shardcien,0,1,False,0
897800,Arcane Golf,"Jul 26, 2018",2.99,"FromLefcourt,thatgregperkins",0,40,False,0
1992670,Clan Wars Playtest,"Jun 7, 2022",0.0,Unknown,0,0,False,0
918100,Space Cowboy,"Sep 15, 2018",1.99,Torchlight Studio,0,4,False,0
505680,Glaive,"Jul 26, 2016",0.74,"Nest Egg Games, LLC",0,11,False,0
899180,Voronium - Locust Sols,"Nov 16, 2018",2.99,Gamalocus Studios,0,41,False,0
606300,Divine Ascent,"Apr 11, 2017",4.99,Absorb Reality,0,10,False,0
1174030,Hero Lodge,"Jan 12, 2022",9.99,Wheat Muffin Games,0,16,False,0
1118880,Rituals in the Dark,"Nov 20, 2019",6.99,ebi-hime,0,67,True,0
1581310,Dark Runner,"Sep 16, 2021",6.99,Padani Games,0,2,True,0
777530,Salsa-Virtual,"Nov 9, 2018",19.99,Dance-Virtual,0,1,False,0
376920,Tiki Man,"Jun 5, 2015",1.94,Anarchy Enterprises,0,170,True,0
756210,Talsaluq: Tower of Infinity,"Dec 15, 2017",0.99,Legion Ivory,0,4,False,0
20510,S.T.A.L.K.E.R.: Clear Sky,"Sep 15, 2008",9.99,GSC Game World,0,13293,False,0
354740,Echoes of Aetheria,"Jan 15, 2016",14.99,Dancing Dragon Games,0,123,True,0
1768540,Bewildered,"Jun 20, 2022",0.0,Unbend Studios,0,0,False,0
1122090,DanceGirl-Swimwear,"Sep 3, 2019",1.99,DanceGirl-Swimwear,0,3,False,0
944860,Perverts Society,"Oct 8, 2018",0.99,Racing Bros,0,0,True,0
1085660,Destiny 2,"Oct 1, 2019",0.0,Bungie,0,403109,False,0
683130,EXON: The Impossible Challenge,"Aug 14, 2017",1.99,Simple Interactive Games,0,4,False,0
2003970,Repairny (リペアニー),"Jun 21, 2022",2.99,Repair Garage Japan,0,0,False,0
1938210,The Pendant of Prosperity,"Mar 30, 2022",9.99,Earthbound Books,0,0,False,0
509310,ThrounnelVR,"Sep 15, 2016",2.99,Sunnyview,0,3,False,0
679100,Aequitas Orbis,"Nov 2, 2017",9.99,Ludi Dorici,0,2,True,0
723280,VR360Viewer,"Oct 16, 2017",3.99,Vrai,0,2,False,0
1746760,BOOMER SLAYERS,"Feb 28, 2022",7.99,Yury Himin,0,2,False,0
590430,BeefeaterXO,"Feb 14, 2017",0.0,Future Lighthouse,0,13,False,0
1800120,Spell Sweeper,"Nov 22, 2021",11.99,Almine,0,0,False,0
1139860,CRUEL WORLD,"Mar 18, 2020",9.99,SiberianGames,0,5,False,0
653930,Tiny Town VR,"Aug 2, 2017",10.49,Lumbernauts,0,489,False,0
1276100,Clay Game,"Jul 2, 2020",0.0,Andy Schmitt,0,96,False,0
849880,Journey of the Fox,"Aug 16, 2018",9.99,Ape Like Games,0,0,False,0
1416260,SpellForce 3: Versus Edition,"Nov 3, 2020",0.0,Grimlore Games,0,802,False,0
1063730,New World,"Sep 28, 2021",39.99,Amazon Games,0,154914,False,0
709840,Bloody Glimpse,"Oct 4, 2017",0.99,Racing Bros,0,71,True,0
1334330,Rolling Arcade,"Jun 10, 2020",0.99,One Bit Studio,0,7,True,0
502450,Professional Construction - The Simulation,"Aug 26, 2016",2.99,VIS-Games,0,7,False,0
1370580,Toilet Paper Unleashed,"Jul 31, 2020",0.99,KeeWee,0,6,False,0
1169060,Shield Shock,"Mar 20, 2020",4.99,Reece Geofroy,0,6,False,0
1053170,Idle Cooking Emperor,"Apr 28, 2019",0.0,Shugasu GmbH,0,57,True,0
1308790,鲸走：前篇 Whale Left Part 1,"Jun 15, 2020",0.99,伍达忠,0,7,False,0
967050,Pacify,"Feb 22, 2019",4.99,Shawn Hitchcock,0,28890,False,0
233840,Worms Clan Wars,"Aug 15, 2013",24.99,Team17 Digital Ltd,0,2252,True,0
1907220,与你相遇的那天是轮回高校的日常这也是合理的吗？ Playtest,"Mar 6, 2022",0.0,Unknown,0,0,False,0
1625340,United Assault - Battle of the Bulge,"Apr 7, 2022",9.99,"Polygon Art,Enigma Entertainment",0,15,False,0
1568260,Terra Earth,"May 12, 2021",3.99,David M Tippy,0,4,False,0
1336460,Moirs,"Jun 30, 2020",4.99,XVVX STUDIO,0,19,False,0
313210,Alpha Zylon,"Jul 15, 2014",4.99,Team 6 Studios,0,103,False,0
1210780,Flatspace,"Jan 24, 2020",0.0,Cornutopia Software,0,12,False,0
712240,Sneaky Bears,"Oct 17, 2017",8.99,WarDucks,0,20,False,0
722680,BLOK DROP NEO,"Oct 18, 2017",2.99,RCMADIAX,0,43,False,0
598600,Silence in Space - Season One,"Sep 4, 2018",1.99,Gisa Ferreira,0,12,False,0
698980,sWORD MASTER,"Dec 3, 2017",0.99,Studio 1983,0,9,False,0
1678760,Arcano: The Trickery,"Sep 23, 2021",4.99,Jonathan Calsolaro,0,8,False,0
1706920,Firekeep,"Apr 19, 2022",13.99,CortexCollider Studios,0,19,False,0
475190,Scanner Sombre,"Apr 26, 2017",1.19,Introversion Software,0,2553,False,0
399890,The Secret Order 2: Masked Intent,"Nov 5, 2015",9.99,Sunward Games,0,319,True,0
1383170,100 RUB: Operation Global Denomination,"Sep 4, 2020",0.99,KuKo,0,31,False,0
1239660,Formula Retro Racing,"May 14, 2020",5.99,Repixel8,0,54,False,0
12510,Prison Tycoon 3™: Lockdown,"Jan 29, 2008",9.99,"Gamebryo,Virtual Playground",0,22,False,0
1592860,Keezeh The Spector of Time,"May 2, 2021",5.99,rabbani prottoy,0,2,False,0
1217310,One True Cuddle,"Sep 2, 2020",2.99,Adhiesc,0,12,False,0
416060,Westboro,"Apr 27, 2017",3.99,Chernov Vyacheslav,0,170,False,0
945100,Bassline Sinker,"Mar 6, 2019",1.99,TheFitzyGames,0,13,False,0
1493320,魔帝1 Magic Emperor1,"Dec 25, 2020",3.99,Yimi Game,0,3,False,0
204360,Castle Crashers®,"Sep 26, 2012",14.99,The Behemoth,0,89411,False,0
1166110,Gods of Love: An Otome Visual Novel,"Mar 9, 2020",15.99,Y Press Otomes,0,23,True,0
1281420,DOM RUSALOK,"Jan 6, 2021",9.99,Yakov Butuzoff,0,120,False,0
1123400,The Land of Exile,"Oct 4, 2019",8.99,CCCuiyao,0,78,False,0
1389020,The Cleaner,"May 5, 2022",9.99,Dystopia Corp,0,52,False,0
4880,Cossacks: European Wars,"Aug 26, 2011",4.99,GSC Game World,0,304,False,0
819560,TurbOT Racing,"Apr 13, 2018",0.99,creasso,0,6,False,0
710250,Pet Squad Racing,"Oct 6, 2017",2.99,Otterly Bearable Games,0,11,False,0
580950,Arcane Maelstrom,"Apr 14, 2017",3.99,YellowEgg game studios,0,7,False,0
1120770,Gods of Havoc: Fall to Earth,"Aug 22, 2019",7.99,Mykel Flynn,0,2,False,0
1338640,A day in East Europe,"Jun 30, 2020",0.99,Bogdan Rosca,0,185,False,0
1412070,Siege the Day,"Nov 11, 2021",12.99,Hidden Tower Studios,0,14,False,0
686770,The Wind and Wilting Blossom,"Dec 11, 2020",14.99,Picklefeet Games,0,152,False,0
1806410,Stellar Warfare Playtest,"Dec 5, 2021",0.0,Unknown,0,0,False,0
273350,Evolve Stage 2,"Feb 10, 2015",0.0,Turtle Rock Studios,0,31246,False,0
1456410,Paper Shooter!,"Nov 30, 2020",3.99,Synox Games,0,2,False,0
1486840,SantaCraft,"Dec 15, 2020",4.99,Milkbag Games,0,70,False,0
1196590,Resident Evil Village,"May 6, 2021",39.99,"CAPCOM Co., Ltd.",0,73926,False,0
888570,Zombie Head,"Jul 25, 2018",4.99,Pixel Cattus,0,4,False,0
799620,Grim Wanderings,"Feb 27, 2018",2.49,Elllinia games,0,18,True,0
352620,Porcunipine,"May 21, 2015",0.99,Big Green Pillow,0,114,False,0
1514030,HENTAISLAND: Lost Pantsu,"Mar 26, 2021",0.49,Sweet Games,0,0,False,0
914430,Pro Office Calculator,"Sep 5, 2018",0.0,Rob Jinman,0,167,True,0
1149430,KiKiMiMi2 / 听能力搜查官2,"Oct 11, 2019",0.99,LIKEMAD_GAMES/ツシマユキヒロ,0,23,False,0
1677220,OnlyGame: Athlete Girls,"Jul 23, 2021",0.99,Black Hole,0,0,False,0
1075170,Weaving Tides,"May 27, 2021",24.99,Follow the Feathers,0,88,False,0
591990,Cosmic Awakening VR,"Aug 25, 2017",11.99,3D Generation,0,17,False,0
1613320,Ultimate Fishing Simulator 2 Playtest,"Apr 22, 2022",0.0,Unknown,0,0,False,0
704470,VR Furballs - Demolition,"Nov 9, 2018",2.99,Gamily Studios,0,140,False,0
278510,JUDGEMENT SILVERSWORD - Resurrection -,"Sep 18, 2015",4.99,Qute,0,58,False,0
1342050,Lisa and the Grimoire,"Feb 26, 2021",16.99,Yumenamakon,0,67,False,0
1729050,The Fox in the Forest,"Oct 18, 2021",6.99,Dire Wolf,0,11,False,0
979990,Ancient Frontier: Steel Shadows BETA,"Nov 24, 2018",0.0,"Fair Weather Studios, LLC",0,8,False,0
1247830,Drive Forward,"Feb 28, 2020",0.49,LBR games,0,8,False,0
684700,Celestian Tales: Realms Beyond,"May 7, 2020",14.99,"Ekuator Games,Agate",0,19,False,0
926480,The Secret of Puffin Cove,"Dec 10, 2018",0.0,Play2Speak,0,1,False,0
1850410,Cloud Escape Playtest,"Dec 21, 2021",0.0,Unknown,0,0,False,0
1348690,Oaken,"May 3, 2022",17.99,Laki Studios,0,96,True,0
1494500,FWsim - Fireworks Display Simulator,"Feb 16, 2021",24.99,Lukas Trötzmüller,0,48,False,0
1288310,Firework,"Feb 3, 2021",9.99,Shiying Studio,0,26635,False,0
1096930,Strategic Command: World War I,"Dec 5, 2019",39.99,Fury Software,0,259,False,0
868260,Zoo Constructor,"Jan 3, 2020",17.99,b-alive gmbh,0,17,False,0
893020,Slave's Sword 2,"Feb 21, 2019",14.99,Circle Poison,0,231,False,0
1844640,LiS: Achados & Perdidos dos Confins do Universo,"Dec 31, 2021",0.99,Hybernation,0,3,False,0
807120,Iratus: Lord of the Dead,"Apr 23, 2020",5.99,Unfrozen,0,5248,True,0
822660,Abacus,"Jul 5, 2021",5.99,Danjb,0,10,True,0
2017160,Hot Milf 6,"Jun 16, 2022",0.99,Cyber Keks,0,0,False,0
664600,Memories of Home,"Jul 31, 2017",6.99,"DIF Studios,Alex Winter",0,0,False,0
1108560,罪業狂襲FrenzyRetribution,"Nov 8, 2019",0.0,FrenzyZoneGameworkshop,0,1066,False,0
1905310,Wordies,"Mar 1, 2022",0.99,Rye,0,3,False,0
1355770,Battlecaster,"May 2, 2022",19.99,Robert K,0,0,False,0
1706260,Unionatic,"Oct 10, 2021",9.99,BananaJellyBean Studios,0,1,False,0
1008850,Bounty Hunter,"Jan 21, 2019",5.99,SHIXIXI,0,1,False,0
252630,Eldritch,"Oct 21, 2013",14.99,Minor Key Games,0,1807,True,0
1418570,Zen Trails,"Sep 27, 2020",3.99,Universe Juice,0,81,False,0
1060160,Not Dead Yet,"Dec 15, 2020",6.02,Vincae Entretenimento,0,30,False,0
545150,Beastiarium,"Dec 5, 2016",14.99,Fazan,0,60,False,0
1128610,Affinity,"Sep 19, 2019",3.99,Bold Brush Games,0,8,False,0
567080,Wizards and Warlords,"Sep 25, 2020",14.99,Valravn Games,0,173,True,0
1619970,Minable & Create / ミナクリ,"Mar 23, 2022",19.99,"technopixel,TODOWORKS",0,6,False,0
1779660,I am Your King,"Nov 7, 2021",3.99,Craft Game Studio,0,1,False,0
398940,Respawn Man,"Dec 21, 2015",2.99,Evan (Solidplasma) Peiperl,0,32,False,0
522730,God Of Arrows VR,"Nov 2, 2016",2.99,Reactor Entertainment,0,32,False,0
1320440,World of Towers,"Feb 1, 2022",2.99,Call to Action Software,0,2,False,0
671370,Flight of Light,"Aug 3, 2017",8.99,Crystalline Green Ltd.,0,2,True,0
640590,The LEGO® NINJAGO® Movie Video Game,"Sep 22, 2017",19.99,"Traveller's Tales,TT Games",0,4491,False,0
1459640,VR Zeppelin Airship Trips: Flying hotel experiences in VR,"Nov 14, 2020",4.99,William at Oxford,0,10,False,0
1823360,Buffet Knight,"Dec 8, 2021",0.0,Nowis-337 Games,0,0,False,0
490930,Need to Know,"Aug 28, 2018",14.99,Monomyth Games,0,176,True,0
333290,Mos Speedrun 2,"Sep 3, 2015",3.99,Physmo,0,18,True,0
1212370,Boolean,"Mar 11, 2021",6.99,Sindrex,0,8,True,0
1168880,MOLEK-SYNTEZ,"Nov 19, 2019",9.99,Zachtronics,0,482,True,0
597720,Stunt Toys,"Apr 12, 2017",0.99,"IKI STUDIOS, LLC",0,15,False,0
263800,Spaceforce Constellations,"Dec 12, 2013",9.99,Dreamatrix,0,2,False,0
626600,Lost Dimension,"Oct 30, 2017",24.99,FURYU Corporation,0,140,False,0
1927820,Alakenisland,"Apr 1, 2022",9.99,AlanMoesg,0,0,False,0
352900,Giana Sisters: Dream Runners,"Aug 26, 2015",9.99,Black Forest Games,0,25,False,0
1238710,Wonderland Nights: White Rabbit's Diary,"Jun 11, 2020",6.99,Sky Bear Games,0,1,True,0
339110,Plith,"Jun 2, 2016",2.99,Ya2,0,17,False,0
1693760,The Ditty of Carmeana,"Apr 16, 2022",9.99,Tampered Evidence,0,30,True,0
1966260,Idle Business Tycoon - Build Simulator,"Apr 29, 2022",1.99,Boogygames Studios,0,2,False,0
1866470,Guns N Stuff 2,"Jul 12, 2022",6.99,Alexander Voidoc,0,11,False,0
1434160,My Empire,"Oct 23, 2020",3.99,"Brandon Stecklein,Ape Apps",0,0,True,0
246820,Jeklynn Heights,"May 25, 2016",0.0,"Vex Studios, LLC",0,16,False,0
1741630,Cheftastic!: Buffet Blast Playtest,"Sep 29, 2021",0.0,Unknown,0,0,False,0
1566340,DARK AROUND YOU,"Mar 31, 2021",4.99,FlutterBeam,0,15,False,0
923360,Bombjour,"Sep 14, 2018",4.99,Ashley Coleman,0,0,False,0
675510,Kingdom City Drowning Episode 1 - The Champion,"Aug 30, 2017",4.99,phoenixmirror,0,8,False,0
475520,Holodaze,"May 19, 2016",2.99,Sysdia Games,0,7,False,0
9900,Star Trek Online,"Jan 31, 2012",0.0,Cryptic Studios,0,13097,False,0
298820,Millennium 2 - Take Me Higher,"Jul 10, 2014",0.59,Aldorlea Games,0,46,False,0
1642040,BzzzController,"Jun 5, 2021",0.99,Cold-Dark Software™,0,10,False,0
1170870,Rain of Fire,"Oct 28, 2019",5.99,Dar4 Software,0,2,False,0
367670,Controller Companion,"May 4, 2015",2.99,Koga Tech Limited,0,2176,False,0
510780,SkyBoats,"Aug 23, 2016",7.99,BrainGoodGames,0,18,True,0
1563160,Lust for Darkness VR,"Oct 26, 2021",11.99,Iron VR,0,0,False,0
1631640,异变战区  E.E.R.I.E,"Jun 12, 2021",14.99,Ureasoft,0,333,False,0
383620,Flight Unlimited Las Vegas,"Jul 8, 2015",2.99,Flight Systems LLC,0,6,False,0
1736570,Deflector: Specimen Zero,"Dec 8, 2021",0.0,Arrowfist Games,0,0,False,0
1004550,Stickman Racer Road Draw 2,"Feb 18, 2019",0.99,Hype ProductionZ,0,4,False,0
1851730,Meow Express,"Jan 7, 2022",0.99,Stratera Games,0,193,False,0
457960,Holopoint,"Apr 4, 2016",14.99,"Alzan Studios, LLC",0,628,False,0
1096360,Fate of WINDSHIFT,"Jun 24, 2021",10.99,REAL Co.Ltd,0,23,False,0
1180190,Call of VII,"Feb 4, 2020",0.99,"Trevor Alex,Nianqiu Cao,Mingxi Zou,Gaopeng Chen,Huang Dun,Jieyi Na,Jingyi Li,Jingyi Zhang,Qingqi Gao,Xingnan Chen,Xiubo Zhao,99 Game Studio",0,15,False,0
1695620,CHR$(143),"Aug 4, 2021",3.99,Nicolas Jean,0,27,True,0
1218570,The Twins,"Jan 24, 2020",1.99,Randumb Studios,0,30,False,0
979160,Moi Mei,"Jul 18, 2019",7.99,Dnovel,0,27,False,0
1793500,Christmas Live Wallpaper,"Nov 10, 2021",3.99,Jetblack Software,0,21,False,0
310070,The Nightmare Cooperative,"Jul 16, 2014",4.99,Lucky Frame,0,61,True,0
598880,Domiverse,"Mar 7, 2018",0.0,Haunted Tie,0,44,True,0
231020,Storm,"Jun 27, 2013",9.99,Eko Software,0,67,False,0
1056010,Ne Padai!,"Apr 17, 2019",1.99,SharF Co.,0,15,False,0
1236490,Bamerang,"Apr 22, 2021",4.99,Lululu Entertainment,0,54,False,0
1778310,The Throne of Bernicia,"Oct 31, 2021",0.0,Dr. Jack Thomas,0,0,False,0
46510,Syberia II,"May 19, 2011",12.99,Microids,0,1810,False,0
705640,BACK TO THE EGG! Tower Defense,"Dec 27, 2017",9.99,JaudaLabs,0,16,False,0
443420,Artificial Defense,"Jun 1, 2016",2.99,"Thiemo Bolder, ONEMANGAMES",0,170,False,0
1704310,Burning Horns: A Bara Isekai JRPG,"Mar 4, 2022",6.99,"Male Doll,Hexproof Yag",0,5,False,0
1897410,The Thief,"Apr 1, 2022",4.99,GamesBraz,0,1,False,0
46410,Avencast: Rise of the Mage,"Mar 17, 2010",1.24,ClockStone Studios,0,430,False,0
1297320,ACT,"Dec 27, 2020",0.0,MCG,0,29,False,0
1269560,Square Fast,"Apr 26, 2020",0.99,Maksim Chugunov,0,5,True,0
1371540,Spartoi Meadow,"Aug 24, 2020",8.99,morning glows,0,5,False,0
607770,Moonatees,"Mar 29, 2017",0.0,Fungi In The Basement,0,11,False,0
566180,Fractal,"Jan 12, 2017",6.99,Phosphene Designs LLC,0,4,False,0
1899210,Mire,"May 5, 2022",4.99,Kitsunebival,0,0,False,0
453870,Quantum Chess,"Dec 12, 2016",9.99,"Quantum Realm Games,ArcanForge",0,33,True,0
743370,Soccer Manager 2018,"Dec 22, 2017",0.0,Soccer Manager Ltd,0,298,False,0
553800,Lunar Stone - Origin of Blood,"Nov 18, 2016",4.99,Zenox Studio,0,26,False,0
1606210,Heck Deck,"Jan 11, 2022",3.99,torcado,0,32,True,0
1968530,Bounda,"May 3, 2022",4.99,Pan Bi Zheng,0,1,False,0
337130,Bosch's Damnation,"Jul 21, 2015",11.99,MDNA Games,0,8,False,0
1514250,Freed Soft,"Apr 18, 2021",9.99,RDU Game IT company,0,2,False,0
866900,Realms of Supremacy,"Jun 15, 2018",2.99,Glenn Whitfield,0,0,False,0
1034900,Blaster Master Zero,"Jun 14, 2019",9.99,"INTI CREATES CO., LTD.",0,627,False,0
600330,CONTRACTED,"Mar 10, 2017",1.99,Hardy Games,0,13,False,0
1560530,VR BOXING MASTER,"Mar 12, 2021",2.99,William at Oxford,0,0,False,0
1194140,Blind Justice,"Dec 16, 2019",9.99,Nicholas Rizzo,0,29,False,0
590590,Remnants of Naezith,"Feb 5, 2018",9.99,Tolga Ay,0,479,True,0
1924270,Shooting Covid,"Mar 17, 2022",4.99,RosenX Games,0,1,False,0
518110,Ahros: One Warrior Chronicle,"Sep 29, 2016",19.99,4 I Lab,0,15,False,0
1402390,Oddity Girls: Virtual World,"Oct 22, 2020",0.0,toOrock,0,0,False,0
326380,Mystery of Neuschwanstein,"Feb 18, 2015",11.99,Chimera Entertainment,0,59,False,0
1343330,Xendless,"Jun 30, 2020",0.99,Nicolas Peichel,0,0,False,0
332490,Battle Fleet 2,"Nov 20, 2014",4.49,Mythical City Games,0,247,False,0
1623910,CONSCRIPT Playtest,"May 20, 2021",0.0,Unknown,0,0,False,0
1299330,Victory At Sea Ironclad,"Feb 25, 2021",39.99,Evil Twin Artworks,0,8,False,0
1652490,Boxing Club Manager,"Jan 25, 2022",39.99,Alternative Software Ltd,0,34,False,0
1367230,Neon Cyborg Cat Club,"Sep 10, 2020",2.99,"Edwin Montgomery,Myshkin Entertainment",0,22,False,0
1146100,The Rising of the Shield Hero : Relive The Animation,"Sep 23, 2019",15.99,KADOKAWA CORPORATION,0,168,False,0
818500,Colorzzle,"Aug 10, 2018",1.99,Darong Studio,0,106,False,0
645790,Home Wars,"Jun 13, 2017",9.99,Insane Dreamers,0,557,False,0
1021690,Game Studio Simulator（我要做游戏）,"Mar 5, 2019",1.99,FunLab骆驼,0,147,False,0
1844170,Galactic Wars EX,"Apr 21, 2022",7.99,VolcanoBytes,0,20,False,0
1510820,Briddle,"Jan 29, 2021",3.99,TRC,0,3,False,0
1782380,SCP: Containment Breach Multiplayer,"Oct 25, 2021",0.0,Fusion Creators Studio,0,0,False,0
494360,Barrow Hill: Curse of the Ancient Circle,"Sep 22, 2016",7.99,Shadow Tor Studios,0,109,False,0
559450,Demented Pixie,"Dec 14, 2016",4.99,Molegato,0,7,True,0
1844270,Glamor & Girls,"Feb 17, 2022",0.49,Kotovodk Studio,0,0,False,0
991800,Puzzle game for kids,"Dec 27, 2018",0.99,Rafal Grabos,0,9,False,0
1528120,ComPressure,"May 3, 2021",4.99,Charlie Brej,0,42,True,0
1954560,Creature Lab Playtest,"Apr 21, 2022",0.0,Unknown,0,0,False,0
1883220,Herbheim's Mine,"Feb 10, 2022",4.99,Le Studio Imaginaire,0,0,False,0
1202880,Spacer Project,"Jan 17, 2020",5.99,TheRed Games,0,0,False,0
1585680,Mini Crafty,"May 13, 2021",4.99,V. Chuvilin,0,21,False,0
531050,Far Beyond: A space odyssey VR,"Oct 28, 2016",12.99,Mains Digitales Interactive,0,117,False,0
1398180,Porcini,"Oct 1, 2020",8.99,"Dnovel,FreeAnimals_Software",0,19,False,0
373770,LiEat,"Feb 25, 2016",2.99,△○□× (Miwashiba),0,3839,False,0
34460,Civilization IV: Beyond the Sword,"Jul 24, 2007",9.99,Firaxis Games,0,1516,False,0
1004150,Madorica Real Estate,"Feb 26, 2019",8.49,GIFT TEN INDUSTRY K.K.,0,49,False,0
1062080,Goofballs,"Feb 21, 2020",0.0,SMU Guildhall,0,25,False,0
1070160,Avis Rapida - Aerobatic Racing,"May 24, 2019",14.99,Top Lad Games,0,6,False,0
37310,DinerTown Detective Agency™,"May 6, 2010",6.99,Absolutist Ltd.,0,6,False,0
1527270,Raging Ball,"Feb 28, 2021",0.0,Mugule Nation,0,16,False,0
1794970,Powder,"Apr 14, 2022",0.0,Powder Team,0,0,False,0
1081470,Born of Fire,"Sep 4, 2019",0.0,Leaf Boat Studio,0,64,False,0
1768480,ASTRA,"Oct 12, 2021",9.99,Crooked Road,0,1,False,0
379980,Panzermadels: Tank Dating Simulator,"Mar 9, 2016",9.99,DEVGRU-P,0,1356,False,0
1253180,Dark Disharmony,"Apr 8, 2020",0.99,d3arts.cz,0,8,False,0
1992530,Party Words,"Jul 1, 2022",1.99,Kelsam,0,0,False,0
1250940,Demon Blast,"Apr 20, 2020",14.99,Start Warp,0,7,False,0
2073970,Brave Heroes,"Jul 21, 2022",4.49,Yenna,0,4,False,0
763030,Nelly Cootalot: Spoonbeaks Ahoy! HD,"May 22, 2019",0.99,"Alasdair Beckett-King,Application Systems Heidelberg",0,121,True,0
325370,Nova-111,"Aug 25, 2015",4.99,Funktronic Labs,0,129,False,0
1412440,Aquatics Hentai Babes,"Oct 2, 2020",1.99,ZangGames,0,0,False,0
1813390,BOSS BEEK- Beekeeping Simulator Playtest,"Jan 5, 2022",0.0,Unknown,0,0,False,0
1213450,Craftica,"Mar 26, 2020",4.89,NeoVoxel Studio,0,6,True,0
1065100,Golden Treasure: The Great Green,"Jun 17, 2019",19.99,Dreaming Door Studios,0,385,False,0
2017010,Office Harasser,"Jul 11, 2022",5.99,Hermes Game,0,0,False,0
1521580,Perfect Heist 2,"Dec 10, 2021",9.99,yeswecamp,0,603,True,0
1833730,Our Battle Has Just Begun! episode 2,"Mar 2, 2022",9.99,VRIDGE INC.,0,5,False,0
281410,Ubersoldier II,"Mar 25, 2014",0.99,Burut CT,0,340,False,0
1279440,Realm of Heroes,"Jul 10, 2020",8.99,SMH Studios LLC,0,0,False,0
656620,Circuit Warz,"Jul 4, 2017",0.0,"Arttu Tuovinen,Alan Bourhis,Michael Callaghan",0,10,False,0
1404030,Fighting for Justice Episode 1,"Nov 8, 2021",0.99,"Victor Pusanosky Okada,Bruno Queiroz",0,7,False,0
1350350,Touhou Gensokyo Visitor,"Oct 30, 2020",3.99,69Gate,0,161,False,0
354380,Assassin’s Creed® Chronicles: China,"Apr 21, 2015",9.99,Climax Studios,0,2292,False,0
1364570,Starshot,"Aug 16, 2020",6.99,HugeMallard,0,0,False,0
1416140,Gododo,"Apr 17, 2021",3.99,"LiuZhou FrozenLight Technology Co.,Ltd.",0,3,False,0
1998580,Breath of Ghosts 2,"Jul 25, 2022",2.99,Piece of Voxel,0,0,False,0
1588590,Akyrikon VR,"May 5, 2021",2.99,Be VR Studios,0,4,False,0
1540410,Retro Classix: Joe & Mac - Caveman Ninja,"Mar 2, 2021",6.99,Data East,0,20,False,0
33650,Puzzler World,"May 28, 2010",4.99,Ideas Pad,0,334,False,0
845030,Evergate,"Sep 1, 2020",9.99,Stone Lantern Games,0,105,False,0
1686320,东方有顶天梦 Playtest,"Jul 5, 2021",0.0,Unknown,0,0,False,0
576050,Other Worlds India,"Jan 20, 2017",0.99,SharF Co.,0,55,False,0
531520,TankCraft,"Jan 9, 2017",0.99,Snowdon Games,0,9,False,0
1475700,Arcade Game Machine Basketball,"Feb 2, 2021",1.99,Ihor Karalash,0,4,True,0
1785510,HOGuru Presents: The House With Too Many Zombies In It,"Dec 7, 2021",3.99,StarSystemStudios,0,4,False,0
833140,Supaplex,"May 9, 2018",9.99,InArcade,0,159,True,0
1216310,Sweet Holiday Jigsaws: Halloween Night,"Oct 30, 2020",1.49,Graphium Studio,0,6,False,0
1403460,Flavortown,"Oct 30, 2020",5.99,LHOTI,0,17,False,0
1375760,Tropicalia,"Sep 6, 2020",8.99,Paulo Henrique Franqueira,0,48,True,0
358380,Wacky Wheels,"May 5, 2014",4.99,Beavis Soft,0,99,False,0
1607340,Game Design Studio：游戏设计工具箱,"Sep 23, 2021",4.99,Phree Works,0,11,False,0
1649790,尸水如潮-砍僵尸模拟器,"Jul 27, 2021",9.99,Brain Utopia,0,0,False,0
200210,Realm of the Mad God Exalt,"Feb 20, 2012",0.0,"Wild Shadow Studios,Deca Games",0,35114,False,0
1961260,Running on Magic,"Jul 15, 2022",4.99,Gusarapo Games,0,13,False,0
1868510,Wordish,"Jan 25, 2022",3.99,Dragon Slumber,0,6,True,0
1103250,FORT,"Jul 15, 2019",0.5,PanzerCat,0,2,False,0
1376060,Masked Vale,"Aug 7, 2020",4.99,Damnskulls,0,5,False,0
485800,Runeous: Part One,"May 31, 2016",0.0,Novel Tea Games,0,80,False,0
519490,NBA 2KVR Experience,"Nov 21, 2016",14.99,Specular Interactive,0,5,False,0
573110,AWAY: Journey to the Unexpected,"Feb 13, 2019",16.99,Aurelien Regard Games,0,79,False,0
1787190,Hamster Blitz!,"Feb 26, 2022",3.99,Mellow Armadillo,0,5,False,0
783590,Age of Gladiators II: Rome,"Aug 21, 2018",19.99,Creative Storm Entertainment,0,149,False,0
981770,SENRAN KAGURA Reflexions,"Jun 24, 2019",9.99,Tamsoft,0,326,False,0
1548030,Tatarian aster,"Apr 6, 2021",3.99,ChaosSaltDev,0,2,False,0
1794930,EGG FLY,"Feb 4, 2022",4.99,Egg Shell Studio,0,4,False,0
1686270,One More World Playtest,"Jul 16, 2021",0.0,Unknown,0,0,False,0
1651930,The Chronos Principle,"Mar 2, 2022",2.99,Logisk Studio Inc.,0,8,True,0
891100,Ray of Light,"Jul 12, 2018",2.99,SAFING,0,25,False,0
1214600,Bandapes,"Jan 17, 2020",2.99,Sokpop Collective,0,4,False,0
1775750,Gardener's Path,"Dec 22, 2021",4.99,Viridino Studios,0,16,False,0
846470,Moss,"Jun 7, 2018",19.49,Polyarc,0,2499,False,0
410830,ARENA GODS®,"Oct 16, 2017",14.99,Supertype,0,93,False,0
404960,The Way of Life: DEFINITIVE EDITION,"Mar 15, 2018",14.99,CyberCoconut,0,69,True,0
298930,Darkness Within 1: In Pursuit of Loath Nolder,"Nov 13, 2014",7.99,Stormling Studios,0,361,False,0
1812090,Escape Academy,"Jul 13, 2022",19.99,Coin Crew Games,0,116,False,0
1716370,2033: Das Erschwachen der Macht,"Sep 1, 2021",11.99,LOT,0,4,False,0
447190,Pub Encounter,"Apr 12, 2016",17.99,Dogenzaka Lab,0,197,False,0
1283270,胆小鬼 Coward,"Apr 27, 2020",2.99,Red Flame Game,0,3,False,0
1356260,Snack Tick,"Sep 22, 2020",0.69,V Master,0,7,False,0
1513130,No Lights,"Jan 21, 2021",0.99,Master Studios,0,6,False,0
1734350,Chronomaster,"Feb 3, 2022",6.99,DreamForge Intertainment,0,1,True,0
539690,Nanomedix Inc,"Oct 27, 2016",0.99,ItRuStore Games,0,6,False,0
984590,Coloring Book,"Dec 4, 2018",0.49,vadimalexepta,0,7,False,0
312220,Tales of Adventure 2,"Jul 14, 2014",9.99,"XIAOYAO,BetaSparkUK",0,14,False,0
34030,Total War: NAPOLEON – Definitive Edition,"Feb 25, 2010",24.99,"CREATIVE ASSEMBLY,Feral Interactive (Mac)",0,17569,False,0
713600,Airstrike One,"Sep 25, 2017",0.99,LillyWelland inc.,0,22,False,0
470890,WarFire,"Nov 8, 2016",15.99,D&K Games Studio,0,0,False,0
479020,Pirates of the Polygon Sea,"Nov 30, 2018",8.99,Praxia Entertainment,0,79,False,0
1929380,Caverns of Evil,"Apr 2, 2022",0.99,Jared Blackburn,0,1,True,0
1157750,CATGIRL LOVER 2,"Oct 16, 2019",1.99,CUTE ANIME GIRLS,0,266,False,0
1806860,NEW TERRA®,"May 5, 2022",19.99,WINTERYEAR Studios Los Angeles,0,6,True,0
1129720,Area 51 Defense,"Dec 22, 2019",0.99,"GameRealmMadness,Alien Seed Games",0,3,False,0
1177960,Get Me Outta Here - Deluxe/Remastered Edition,"Nov 29, 2019",4.99,Rossman Bros Games,0,5,False,0
1627150,Retro Classix: Joe & Mac Returns,"Jun 24, 2021",6.99,Data East,0,12,False,0
1140350,Shuttlecock-H: Covered Rematch,"Sep 10, 2019",1.99,Inlet Pipe Productions,0,1,False,0
1386020,Lost Remnant: Roaches to Riches,"Nov 5, 2020",2.99,Jeff Sproul,0,15,False,0
337720,The Sea Will Claim Everything,"Mar 24, 2016",9.99,Jonas Kyratzes,0,199,False,0
529890,Maniac Mansion,"Dec 18, 2017",5.99,Lucasfilm Games,0,106,False,0
1724280,Midnight Stories 3,"Sep 14, 2021",12.99,CodeRenderX,0,0,True,0
23300,Yosumin!™,"May 26, 2009",5.99,Square Enix,0,119,False,0
1226510,Trigon: Space Story,"Apr 28, 2022",19.99,Sernur.tech,0,581,True,0
1300700,Kingdom Wars 4,"Oct 22, 2021",19.99,Reverie World Studios,0,99,False,0
394700,Karma. Incarnation 1,"Oct 19, 2016",4.99,AuraLab,0,294,False,0
1036030,EscapeRoute,"Mar 8, 2019",6.99,JimDex,0,1,False,0
993250,Cover Sky,"Apr 10, 2020",0.49,Meng Games,0,6,False,0
1315040,My UnReal Pet,"Jul 17, 2020",4.49,Flatworld,0,1,False,0
32330,LEGO® Indiana Jones™: The Original Adventures,"Jul 8, 2009",19.99,Traveller's Tales,0,1914,False,0
1311960,Couple in Trouble,"Jun 23, 2020",1.99,Ninja Gamer Studio,0,12,False,0
974830,The Art Theft by Jay Doherty,"Dec 3, 2018",0.0,Google,0,26,False,0
2550,RIP - Trilogy™,"Jun 1, 2007",4.99,Elephant Games,0,204,False,0
1825740,Fat Baby,"Dec 24, 2021",5.99,"Nick,Kieran",0,65,False,0
593900,Tender Loving Care,"Mar 30, 2017",5.99,Aftermath Media,0,95,False,0
1186680,Maximum Momentum,"Dec 10, 2019",4.99,Raithen,0,1,False,0
1732390,Nayuta no Kiseki: KAI,"May 25, 2022",27.99,Nihon Falcom,0,33,False,0
1737100,Treasure of Nadia,"Feb 15, 2022",14.99,NLT Media,0,0,True,0
1508430,Kemono Mahjong,"Jan 11, 2021",4.99,Cyberdog Software,0,66,False,0
1000640,Clam Man,"May 23, 2019",9.99,Team Clam,0,108,True,0
912070,DESERT KILL,"Apr 17, 2019",4.99,IO Games,0,14,False,0
390520,PewDiePie: Legend of the Brofist,"Dec 10, 2015",7.99,Outerminds Inc.,0,1317,False,0
752020,The Apartment,"Jan 26, 2018",2.99,Shattered Mirror,0,16,False,0
362090,Siralim,"Apr 24, 2015",9.99,Thylacine Studios,0,215,True,0
1554140,Jetpack astronaut,"Mar 3, 2021",9.99,Stas Paty9mkin,0,9,False,0
752050,Virtual Reality Girls,"Nov 25, 2017",11.99,ErosVR,0,17,False,0
2055580,TEST Playtest,"Jun 13, 2022",0.0,Unknown,0,0,False,0
504920,39 Days to Mars,"Apr 25, 2018",14.99,It's Anecdotal,0,223,True,0
1237980,STAR WARS™ Battlefront,"Jun 11, 2020",9.99,DICE,0,2560,False,0
812460,Air Raid Over Britain,"Mar 22, 2018",0.0,Bad Rhino Games LLC,0,13,False,0
1867290,Late photographer 2,"Feb 3, 2022",8.99,okyakusama,0,0,False,0
1626230,Mt. Aki Playtest,"May 12, 2021",0.0,Unknown,0,0,False,0
1164740,Salting the Earth,"Oct 31, 2019",14.99,BitterBerries,0,66,True,0
1849560,Funny Pets,"Jan 14, 2022",4.49,GameGlade,0,6,False,0
624970,Battlezone: Combat Commander,"Mar 1, 2018",19.99,Big Boat Interactive,0,578,False,0
1131420,For a Better Country,"Sep 20, 2019",9.99,Miraoriem,0,0,False,0
1124060,Touhou Shoujo Tale of Beautiful Memories / 東方少女綺想譚,"Aug 22, 2019",29.99,The N Main Shop,0,150,False,0
956550,Devil Girl Needs Massages,"Oct 29, 2018",0.99,Team Anime,0,0,False,0
1041760,Brother & Sister,"Apr 18, 2019",1.99,0Cube,0,14,False,0
1966530,Tiles Playtest,"Apr 12, 2022",0.0,Unknown,0,0,False,0
1137360,DOWN MEANS UP,"Aug 21, 2019",0.49,David Mulder,0,1,False,0
1046350,Aerial Raver,"Mar 25, 2020",14.99,Meteo Games Inc.,0,2,False,0
458110,VReakout,"Jul 13, 2016",7.99,Animate Objects,0,5,False,0
1282730,Loop Hero,"Mar 4, 2021",14.99,Four Quarters,0,26961,True,0
604150,Bomb Royale,"Dec 12, 2018",4.99,Onur Doğan,0,60,False,0
1677920,Mana Go Round,"Sep 7, 2021",9.99,Night Stroll Studio,0,0,False,0
1093150,"Just Sleep - Meditate, Focus, Relax","Jun 29, 2019",1.99,Ghulam Jewel,0,16,False,0
1499980,Road To Adventure!,"Apr 10, 2021",0.99,LateNightCoffee,0,4,False,0
776920,3DCoat Modding Tool,"Feb 27, 2018",29.99,Pilgway,0,36,False,0
955060,The Watson-Scott Test,"Oct 19, 2018",4.99,Normal Wholesome Games,0,430,False,0
1101260,FURRY GIRL PUZZLE,"Jun 24, 2019",0.99,AFBIK Studio,0,0,False,0
1519650,Haunted Nightmares,"Feb 4, 2021",2.99,"Frank Gallinsky,Yuri Bechthold",0,5,False,0
1318030,Fractal Alchemist,"May 27, 2020",9.99,San Base,0,23,False,0
1378070,Drawn to Life: Two Realms,"Dec 7, 2020",9.99,Digital Continue,0,102,False,0
1301950,Time Loader,"Nov 3, 2021",14.99,Flazm,0,195,False,0
1468820,The king is gone,"Dec 15, 2020",2.99,Dark Dimension,0,0,True,0
1067760,Gallic Wars: Battle Simulator,"Oct 30, 2020",4.99,MadGamesmith,0,12,False,0
1751160,Failling Capsule,"Oct 11, 2021",0.99,Personal,0,0,False,0
582920,From Shadows,"Aug 10, 2017",0.49,Revolt and Rebel,0,21,True,0
556200,Blue Crystal,"May 1, 2019",14.99,Storm Signal,0,0,False,0
1723400,Infinite Cube Defense,"Sep 24, 2021",1.99,Abyss Rift,0,2,False,0
1422810,Adventure Minesweeper,"Oct 9, 2020",0.99,Clike,0,3,False,0
1370630,Sport Girls,"Aug 7, 2020",0.99,IR Studio,0,0,False,0
26000,The Maw,"Mar 9, 2009",9.99,Twisted Pixel Games,0,212,False,0
695660,Saloon Showdown VR,"Oct 10, 2017",0.99,Matthew Peacock,0,29,False,0
1212460,Caveman The Game,"Jan 21, 2020",5.99,Westerngamer,0,0,False,0
682350,Gnome Light,"Jul 31, 2017",0.99,Palfrey Games,0,5,False,0
1321230,Angels of Death Episode.Eddie,"May 21, 2020",6.99,"Vaka Game Magazine,Makoto Sanada",0,268,False,0
956310,Musashi vs Cthulhu,"Jan 14, 2020",3.99,Cyber Rhino Studios,0,24,False,0
1069120,失落的地下城 Lost Dungeon,"Jul 18, 2019",2.99,泽渔制作组,0,6,False,0
630070,Tengutana,"Oct 26, 2017",1.99,Bartoš Studio,0,15,False,0
1134700,Wild Terra 2: New Lands,"Jan 28, 2021",34.99,Juvty Worlds,0,715,False,0
597670,Exterminator,"Apr 5, 2017",2.99,"PRIME WORKS Co.,Ltd.",0,3,False,0
1253720,Blue Fox,"Mar 13, 2020",2.99,Tiago Ramos,0,5,False,0
733300,My Big Sister,"Nov 9, 2018",2.99,Stranga,0,442,False,0
1936490,DreamBig 3,"Mar 31, 2022",2.99,DreamBig Games,0,0,False,0
439700,Z1 Battle Royale: Test Server,"Feb 24, 2016",0.0,Daybreak Game Company,0,1312,False,0
2021220,White Paper,"Jul 12, 2022",19.99,Dnovel,0,37,False,0
1512550,Amnon's Beginning,"May 24, 2021",4.99,Ryan Anderson,0,0,False,0
545400,Natural - Beyond Nature -,"Dec 12, 2016",5.99,Zeiva Inc,0,19,False,0
1356710,My Creampie Heaven,"Jul 24, 2020",11.99,Norn,0,0,True,0
887720,Devil's Hunt,"Sep 17, 2019",14.99,Layopi Games,0,328,False,0
1682530,Exotic,"Jan 10, 2022",3.99,personal Game studio,0,2,False,0
803270,One Bit Arena,"Mar 16, 2018",2.99,Nefrace,0,24,False,0
1056860,Time Break,"Apr 26, 2019",0.0,Casual Trash Studios,0,51,False,0
1865590,BombSweeperVR,"Jan 25, 2022",9.99,Jaydan Lunt,0,1,False,0
1000990,Gun Beat,"Jan 14, 2019",6.99,Gun Beat,0,8,False,0
1158660,I (DON'T) HATE HENTAI PUZZLES,"Nov 13, 2019",1.99,"PixelGreeds,HarDDeer",0,0,False,0
810000,Manaya,"May 25, 2018",2.99,Wurrad,0,13,True,0
557860,Azurea Juncture,"Nov 15, 2016",4.99,Rimebelle Express,0,15,True,0
639130,Ultrawings,"Jul 20, 2017",7.49,"Bit Planet Games, LLC",0,344,False,0
561000,Delicious - Emily's Home Sweet Home,"Dec 15, 2016",12.99,GameHouse,0,75,False,0
1083430,Snow Jewels,"May 30, 2019",4.99,Joyful Software,0,20,False,0
1916270,Deliverance,"Apr 8, 2022",12.99,1Thousand,0,0,True,0
1553580,Bondage Girl,"Mar 11, 2021",2.99,Studio Six,0,0,False,0
433950,Bit Blaster XL,"Jan 22, 2016",0.99,Adamvision Studios,0,5870,True,0
271730,Light,"Jul 14, 2014",12.99,Just A Pixel Ltd.,0,197,True,0
925010,Ghostship Chronicles,"Nov 17, 2020",24.99,MAG Studios,0,20,False,0
1638450,Shipwreck Escape,"Jun 24, 2021",9.99,Raccoons Studio,0,6,False,0
1682980,Azurael’s Circle: Chapter 5,"Jul 24, 2021",1.99,Jordan Allen,0,5,False,0
286810,Hard Truck Apocalypse: Rise Of Clans / Ex Machina: Meridian 113,"Mar 14, 2014",5.99,Targem Games,0,514,False,0
668230,SLI-FI: 2D Planet Platformer,"Sep 21, 2020",6.99,etaxoft,0,28,True,0
221640,Super Hexagon,"Nov 27, 2012",2.99,Terry Cavanagh,0,22494,True,0
328510,Monsters and Monocles,"Aug 16, 2016",14.99,Retro Dreamer,0,78,True,0
1090630,Granblue Fantasy: Versus,"Mar 13, 2020",19.99,"Cygames, Inc.,Arc System Works",0,4458,False,0
874690,Maze And Dagger,"Jun 19, 2018",0.0,"Ravinia,HatFeather",0,14,True,0
650570,Code 7: A Story-Driven Hacking Adventure,"Aug 11, 2017",5.99,Goodwolf Studio,0,99,True,0
1451200,召唤与合体,"Dec 4, 2020",10.99,Philosophy♂,0,26,False,0
1054300,the fairytale of DEATH,"Jan 11, 2020",0.0,"Frank Gallinsky,Yuri Bechthold",0,14,False,0
1756900,Shoot!,"Feb 25, 2022",5.99,Orbit Games,0,3,False,0
783170,INSOMNIA: The Ark,"Sep 27, 2018",29.99,Mono Studio,0,693,False,0
431360,The Legend: A University Story,"Jul 27, 2016",0.0,Austin Handle,0,10,False,0
1157920,Beach Body Bros,"Sep 25, 2019",0.0,Gentle Manhands,0,30,False,0
648890,DMT: Dynamic Music Tesseract,"Dec 14, 2018",3.99,DMT,0,158,False,0
1918790,The Dark Realm,"Mar 22, 2022",8.99,Palek,0,12,False,0
1166250,Mahjong Gold,"Dec 16, 2019",4.99,Creobit,0,3,False,0
1153920,GlaiveZ,"Sep 24, 2019",0.74,flapjaxGT,0,0,False,0
936970,CANDLE UNDER WATER,"Oct 6, 2019",4.99,polytanQ,0,0,False,0
848330,Pride Run,"Oct 11, 2019",14.99,"Steam Factory,Hard Ton,IV Productions",0,27,False,0
1676450,Path of Vidya,"Jul 13, 2021",0.0,Jaron Fund,0,0,False,0
1748340,Finding Home,"Oct 28, 2021",14.99,Dream Darker Entertainment,0,4,False,0
1566430,ASPEN： Uncanny Home,"Apr 14, 2021",4.99,Molloy Studio,0,8,False,0
1212330,Skin Stealers,"Apr 10, 2020",0.0,Oddfellows Software,0,2,False,0
1090540,Tiger Tank 59 Ⅰ Air Strike,"Jun 4, 2019",0.0,TigerQiuQiu,0,1,False,0
1780870,House of Sin Playtest,"Oct 15, 2021",0.0,Unknown,0,0,False,0
649790,Harvest Life,"Nov 10, 2017",14.99,bumblebee,0,124,True,0
274940,Depth,"Nov 3, 2014",19.99,Digital Confectioners,0,28186,False,0
1258590,Locked Up,"Apr 23, 2020",12.99,EMIKA_GAMES,0,600,False,0
491350,Way of the Red,"Nov 16, 2016",3.99,Corey Hardman,0,29,False,0
1294230,Interrogation Files: Port Landsend,"Jun 18, 2020",6.99,Visual Interactive,0,59,False,0
1117930,惊奇剑士,"Oct 28, 2020",6.99,PUPPET DEPOT GAME STUDIO,0,35,False,0
556530,Faerie Solitaire Dire,"Sep 7, 2020",19.99,Subsoap,0,30,True,0
460990,The Impossible Travel Agency,"Sep 2, 2016",4.99,Holospark,0,27,False,0
1112790,Automation Empire,"Nov 20, 2019",29.99,DOG HOGGLER,0,1573,False,0
767100,Super Poop,"Feb 6, 2018",0.99,AL-GAME,0,17,False,0
1454720,International Tennis Open,"Nov 16, 2020",4.99,Infogrames Europe SA,0,1,False,0
844160,Chocolate makes you happy 5,"Apr 24, 2018",0.99,Blender Games,0,62,False,0
1507110,HumanOrigin : Liu Lanzhi,"Jul 16, 2021",2.99,AmyBeryl,0,22,False,0
1212100,fishy,"Jan 17, 2020",2.99,Sokpop Collective,0,134,False,0
857060,CCCP CALLS!,"May 22, 2018",0.99,CUTE ANIME GIRLS,0,107,False,0
989430,随风而逝/Story About Times,"Feb 25, 2020",2.99,cdhy interactive,0,60,False,0
1845710,Darkness Battle,"Jan 4, 2022",1.99,DB GS,0,0,False,0
1319100,Orbit Outlaws,"Nov 4, 2020",9.99,"Pump Action Games,Innovations Media",0,5,False,0
293460,I Shall Remain,"Aug 24, 2015",9.99,Scorpius Games,0,105,False,0
1794190,Faded Memories: Video Game Edition,"Nov 13, 2021",2.99,Vasi Games,0,2,False,0
1052140,Function World Gym,"Jun 23, 2020",0.0,Immersive Innovations,0,1,False,0
1289120,A.I-Mnemosyne 記憶女神,"May 31, 2020",1.69,"純白花園WeissGarden,梅果子Plumko",0,7,False,0
1399440,Pets VR,"Feb 21, 2022",4.99,Actum Games,0,2,False,0
628960,Journey to Alien Worlds,"Apr 27, 2017",3.99,Ideographer,0,7,False,0
1886450,DOGE TO THE MOON,"May 7, 2022",6.99,C'est la vie!,0,18,False,0
1516400,Gaia Project,"May 31, 2021",24.99,DIGIDICED,0,162,True,0
886110,RKN Block Me: Telegram,"Feb 19, 2019",0.49,Ruskija game experience,0,0,False,0
1819260,凤武,"Dec 7, 2021",0.0,凤武,0,0,False,0
1177390,Future Snooker,"Nov 15, 2019",8.99,Cornutopia Software,0,3,False,0
940320,Combo Jumper,"Oct 24, 2018",1.99,Veathen Games,0,4,False,0
1712420,Thats Life of Ralph,"Sep 13, 2021",1.99,Opala Project,0,16,False,0
493110,KOTH,"Sep 1, 2016",1.74,Abbeytek Ltd,0,12,False,0
1546380,Fill and Cross Pirate Riddles,"Jul 6, 2021",4.99,Creobit,0,3,False,0
789880,Ghost Platoon,"May 24, 2018",1.49,Polygon Art,0,8,False,0
1223200,Cardsweeper,"Feb 2, 2020",3.99,Bandage and Go,0,1,False,0
1537800,At Your Feet,"Sep 1, 2021",15.99,Winter Wolves,0,0,True,0
751920,Sealer Assist,"Jan 6, 2020",9.99,"Miro (Dane) Amato,James Sabatier,Chris (Chveer)",0,1,False,0
1904860,Legends of Kingdom Rush,"Jul 14, 2022",14.99,Ironhide Game Studio,0,298,False,0
412370,Parallels,"Nov 13, 2015",0.99,RisingHigh,0,11,False,0
242570,Space Hulk,"Aug 15, 2013",0.0,Full Control Studios,0,1397,True,0
1651750,Short Hop Laser,"Oct 6, 2021",0.99,The420Falco,0,3,False,0
1550680,Feudalia,"May 6, 2021",2.99,Junjo,0,7,False,0
1825350,Haunted Hotel: Silent Waters Collector's Edition,"Jan 7, 2022",9.99,Elephant Games,0,7,False,0
1950720,1001 Jigsaw. Interior Design,"Jul 11, 2022",4.99,8floor,0,0,False,0
1458460,Island Raft Survival 2021: Ocean Escape,"Feb 12, 2021",2.99,Francolins studio,0,14,False,0
1454050,Tour de France 2021,"Jun 3, 2021",39.99,Cyanide Studio,0,67,False,0
1305690,アルティメットダンジョン「紅」,"May 16, 2020",0.0,Sapphire Create.,0,13,False,0
778270,Tombo Breaker VR,"Feb 27, 2018",9.99,CentVire,0,1,False,0
878890,AnyTime Organizer Standard 16,"Aug 10, 2018",12.99,Individual Software,0,0,False,0
1102740,Going Up?,"Apr 19, 2020",0.99,"Gavin Ray,Peter Hugh Olmsted",0,2,False,0
691860,Watch Out,"Sep 1, 2017",1.99,Noctecraft Entertainment,0,3,False,0
553310,Lethal League Blaze,"Oct 24, 2018",19.99,Team Reptile,0,4976,True,0
1396450,最末行程：胜利路19号,"Aug 23, 2021",8.99,quan_home,0,25,False,0
796050,The Agency of Anomalies: Mind Invasion Collector's Edition,"Feb 7, 2018",9.99,Orneon,0,6,False,0
322920,theHunter: Primal,"Mar 31, 2015",0.0,"Expansive Worlds,Avalanche Studios",0,2320,False,0
1631330,Equestrian Training,"Jun 24, 2021",19.99,Smart Tale Games,0,0,False,0
1545280,Garetto,"Feb 19, 2021",0.99,FranciscoGames,0,5,False,0
1671310,Trash is Fun,"Jul 5, 2022",4.99,Martian Teapots,0,10,False,0
1037960,Grand Dude Simulator,"Mar 12, 2019",4.99,Kiddy,0,84,False,0
420370,Gravity Island,"Sep 21, 2016",5.99,"ILIKESCIFI Games,Clement Willay Games",0,10,False,0
1212710,Divine Legacy,"Sep 11, 2020",0.0,Godarkhaos,0,4,False,0
1609010,Forever To You!,"Mar 27, 2022",4.99,AniCore Team,0,0,False,0
499210,Road Rage,"Nov 14, 2017",9.99,Team 6,0,18,False,0
900400,Sacred Fire: A Role Playing Game,"Oct 18, 2021",17.99,Poetic,0,236,True,0
622170,Offensive Combat: Redux!,"Aug 18, 2017",14.99,Three Gates AB,0,214,False,0
1823940,Defenders Glory,"Dec 6, 2021",9.99,Derek Eduardo Gonçalves,0,12,False,0
704940,BOX IT,"Jun 4, 2018",4.99,Phoenix Coalition,0,0,False,0
1269540,Slash Roll,"Aug 26, 2020",2.99,NiankSoft,0,6,True,0
1196400,Mystery Case Files: Black Crown Collector's Edition,"Nov 27, 2019",9.99,Eipix Entertainment,0,28,False,0
1865500,Run Girls Run,"Feb 18, 2022",9.99,?,0,0,False,0
1899400,Rolling in the Maze,"May 13, 2022",1.59,No. 25,0,193,False,0
1966580,Super Ride Grandpa,"May 9, 2022",0.0,Obvious Plant,0,0,False,0
344230,Pixel Puzzles 2: Birds,"Feb 20, 2015",4.99,Pixel Puzzles,0,234,False,0
2011080,Tawako The Forest Hedgehog,"Jul 4, 2022",2.99,gothSoft,0,2,False,0
1725620,"Love, Death & Veggies","Jan 6, 2022",6.99,7DOTS,0,26,True,0
993390,Oriza,"Jun 19, 2019",14.99,"Will Joseph,Daniel Scammell",0,0,False,0
1336440,Enchanted Kingdom: The Secret of the Golden Lamp Collector's Edition,"May 29, 2020",9.99,Domini Games,0,2,False,0
1784840,Ball Gun Arena,"Nov 26, 2021",9.99,OSAMA ZAMO,0,1,False,0
1727440,Dyflexion,"Mar 9, 2022",8.99,Pisces Studios,0,3,True,0
1303950,Toodee and Topdee,"Aug 4, 2021",19.99,dietzribi,0,410,False,0
352790,Futuridium EP Deluxe,"Jan 7, 2016",9.99,MixedBag Srl,0,16,True,0
554640,拯救大魔王2 Rescue the Great Demon 2,"Nov 18, 2016",0.0,吃了就睡工作室,0,340,True,0
379390,Superstar Dance Club,"Aug 4, 2015",4.99,Atomic Planet,0,12,False,0
1707800,We who are about to Die Playtest,"Jul 28, 2021",0.0,Unknown,0,0,False,0
1383400,Crystal Ortha,"Nov 5, 2020",14.99,"Hit-Point Co.,Ltd.",0,5,False,0
296240,The Promised Land,"Apr 25, 2014",0.69,"Boolat Games,Alawar Entertainment",0,587,False,0
511320,Echoes of the Fey: The Fox's Trail,"Aug 16, 2016",7.99,Woodsy Studio,0,17,False,0
258643,Train Simulator: NEC: New York-New Haven Route Add-On,"Apr 10, 2014",24.99,Dovetail Games,0,24,False,0
794230,Golden8bits,"May 21, 2018",9.99,Vicente Fleitas,0,3,False,0
336080,Vietnam ‘65,"Mar 5, 2015",9.99,Every Single Soldier,0,314,False,0
1852830,SPACE ACCIDENT,"Feb 10, 2022",9.99,Whale Rock Games,0,62,False,0
1489680,Pixross,"Dec 15, 2020",3.99,Kenney,0,36,True,0
303590,Hidden in Plain Sight,"Jul 16, 2014",5.99,Adam Spragg,0,433,True,0
1778950,Stalker in black,"May 23, 2022",13.99,Black Pig Studio,0,0,False,0
1572230,Nami,"Oct 20, 2021",9.99,Expresso Studios,0,2,False,0
1592530,Blub Emporium,"Nov 17, 2021",16.99,Riley Gray,0,32,False,0
649000,You Shall Not Jump: PC Master Race Edition,"Jun 22, 2017",6.99,Time Robbers,0,4,True,0
1565800,Tower Attack,"Oct 16, 2021",1.99,ATD,0,1,False,0
1875850,Reds Adventure A Seasons New Beginning,"Feb 4, 2022",1.99,CatCorp Studios,0,3,False,0
1628510,Net VR Theater,"Jul 3, 2021",0.0,The Net VR LLC,0,0,False,0
1260670,Mister Versatile: A Gay Superhero Visual Novel,"Oct 16, 2020",19.99,"Y Press Games,Studio Kosen",0,0,True,0
535240,Landmine Larry,"Dec 17, 2016",6.99,Furion Studios,0,3,False,0
340460,Spartans Vs Zombies Defense,"Jan 6, 2015",0.0,Lei,0,337,True,0
1831190,Invisible Crush,"May 16, 2022",0.0,中子星游戏研究所,0,0,False,0
434220,Bear Haven Nights,"Jan 29, 2016",4.99,SunRay Games,0,42,True,0
957780,Tower of Fate,"Aug 13, 2019",5.99,Barry McCabe,0,21,False,0
501990,Phantasmagoria,"Aug 29, 2016",6.49,Sierra,0,292,False,0
711630,Eveslan,"Sep 27, 2017",4.99,Khan,0,0,False,0
438080,Surfingers,"Jan 27, 2016",0.51,Digital Melody,0,462,True,0
429200,Super Helmets on Fire DX Ultra Edition Plus Alpha,"Feb 15, 2016",0.0,Ripper Games,0,29,True,0
594720,Star Merchant,"Mar 7, 2017",0.99,SimProse Studios,0,51,False,0
1386160,Pier Pressure,"Nov 13, 2020",4.99,Headcannon,0,21,True,0
544550,Stationeers,"Dec 12, 2017",29.99,RocketWerkz,0,3751,False,0
432380,Hydra Slayer,"Mar 24, 2016",5.99,Zeno Rogue,0,37,True,0
895890,GrabBag,"Aug 14, 2018",1.99,Shadow Factory,0,5,False,0
610560,Tales of the Lumminai,"Dec 8, 2017",0.69,SenRufu Studios,0,6,False,0
1447020,Vortex Escape,"Nov 24, 2020",3.99,Crisan Andrei Alexandru,0,1,False,0
808220,SCP-087 VR Survivor,"Jan 28, 2019",14.99,AlexTheCreator,0,8,False,0
1228680,Goblet Cave,"Jan 27, 2020",2.99,Sokpop Collective,0,15,False,0
1342270,Nofrills Solitaire,"Jun 24, 2020",1.99,CouchFox Games,0,10,False,0
777860,Jambo,"Jan 24, 2018",0.99,Polina Medyanik,0,0,False,0
259870,OMG Zombies!,"Feb 13, 2014",4.99,Laughing Jackal LTD,0,301,False,0
984150,Powerless,"Dec 18, 2018",4.99,Narratio,0,0,False,0
756150,Born Tubi Wild,"Dec 11, 2017",2.99,Dzsembori,0,9,False,0
617570,Switch,"Jun 23, 2017",39.99,NCH Software,0,9,False,0
424000,Project Pulsation,"Dec 15, 2015",4.99,VGstudio,0,68,False,0
1400380,Sweet Tooth 2,"Sep 7, 2020",3.99,"HotFoodGames,VeryHardMemeGames",0,0,False,0
221680,Rocksmith® 2014 Edition - Remastered,"Oct 4, 2016",29.99,Ubisoft - San Francisco,0,17926,False,0
1605010,Adorable Witch,"Jun 16, 2021",1.99,Lovely Games,0,1256,False,0
1596940,Ryan's Rescue Squad,"Mar 4, 2022",39.99,Stage Clear Studios,0,3,False,0
1473630,Elrit Clover -A forest in the rut is full of dangers-,"Dec 23, 2020",16.99,azucat,0,0,False,0
996000,Dark Data,"Sep 5, 2019",19.99,"Enlightened Realm,Pixelfoot Games",0,23,False,0
573760,Roads of Rome: New Generation,"Dec 5, 2017",4.99,Whiterra,0,27,False,0
1198730,Hentai Police,"Jan 17, 2020",0.99,"Podval Games,KremlinDev",0,0,True,0
1013660,Pursuer,"Mar 11, 2019",13.99,AntonyStiv,0,7,False,0
1629300,Kiteboarding Pro,"Dec 8, 2021",9.99,Sideways GameStudio,0,6,False,0
1889420,战甲online,"Feb 24, 2022",0.0,Golden bullet,0,0,False,0
289060,The Emerald Tablet,"Dec 16, 2019",19.99,{uni},0,13,False,0
1673840,The Absolutely Hilarious Cat Game,"Jul 9, 2021",1.99,Mojoe,0,11,False,0
1506280,Erophone,"Apr 26, 2021",4.99,CreamCatGame,0,1831,False,0
644400,RoboTraps,"Jun 20, 2017",2.79,Poltergames,0,5,False,0
1682600,Rolling Car,"Jul 20, 2021",12.99,SimpleSoft,0,11,False,0
200910,Before the Echo,"Oct 20, 2011",4.99,Iridium Studios,0,1185,True,0
1536610,OpenTTD,"Apr 1, 2021",0.0,OpenTTD,0,7022,True,0
1622090,Water Ball,"May 16, 2021",9.99,Stas Paty9mkin,0,10,False,0
1148710,Miriel Saga,"Aug 2, 2021",14.99,NG+ Studios,0,5,False,0
1285210,CasinoLife Poker - #1 Free Texas Holdem 3D,"Aug 5, 2020",0.0,Kaneva LLC,0,68,False,0
218740,Pid,"Oct 31, 2012",19.99,Might and Delight,0,2015,False,0
1038650,Love Alchemy: A Heart In Winter,"Mar 11, 2019",6.99,Ilving Studio,0,24,False,0
1050690,火柴人和七色彩虹 Stickman's Rainbow,"Apr 17, 2019",0.99,kx120,0,3,False,0
934930,RDS - The Official Drift Videogame,"Jun 6, 2019",17.99,Drift Physics Crew,0,868,False,0
1657550,MyHoriZen,"Sep 14, 2021",9.99,Distant Star Studios LLC,0,1,False,0
874030,To the Core,"Jul 23, 2018",0.0,NHTV Breda University of Applied Sciences,0,155,False,0
1356530,Mystery Hotel - Hidden Object Detective Game,"Oct 16, 2020",4.99,Crisp App Studio,0,35,False,0
297070,Nicolas Eymerich The Inquisitor Book II : The Village,"Jan 22, 2015",9.99,TiconBlu,0,20,False,0
698110,Reficul VR,"May 9, 2018",19.99,MAG Studios,0,18,False,0
416430,In The Dead Of Night - Urszula's Revenge,"Dec 18, 2015",4.99,Axed Game Studio,0,4,False,0
945610,Lil' Arena,"Nov 16, 2018",0.0,Tall Guy Productions,0,28,False,0
1022860,Tuber`s Run,"Feb 21, 2019",2.99,SOLOABLE GAMES,0,0,False,0
208480,Assassin’s Creed® III,"Nov 20, 2012",0.0,Ubisoft Montreal,0,10342,False,0
422810,River City Ransom: Underground,"Feb 27, 2017",19.99,Conatus Creative Inc.,0,1731,True,0
682160,Butterbies,"Jan 18, 2019",0.0,"Raquel Perez,Jorge Alvarez,Oscar Crespo,Tom Mallet,Niall McShane",0,4,False,0
413110,Hero's Song™,"Nov 7, 2016",0.0,Pixelmage Games LLC,0,114,False,0
634410,A Story Beside,"May 24, 2022",14.99,Wayward Prophet,0,158,False,0
1235480,Abst Clicker Farm,"Feb 11, 2020",0.99,cBlck,0,1,False,0
1616290,Golf Gang Playtest,"Apr 18, 2022",0.0,Unknown,0,0,False,0
863150,Caverns: Lost Sky,"Jan 31, 2019",19.99,Tetravoxel Limited,0,3,False,0
252330,Slender: The Arrival,"Oct 28, 2013",9.99,Blue Isle Studios,0,6298,False,0
381250,Stardrift Nomads,"Apr 7, 2017",9.99,Risen Games,0,9,True,0
1440370,Before Dark,"Oct 21, 2020",2.99,AHAKuo Creations,0,2,True,0
222180,Mushroom Men: Truffle Trouble,"Mar 10, 2015",2.99,Red Fly Studio,0,25,False,0
578610,Super Pixel Smash,"Jan 25, 2017",7.99,Rank17,0,11,False,0
891350,JUST DASH,"Aug 18, 2018",1.49,EncoderX,0,19,False,0
1291210,Justice.exe,"Jul 21, 2022",9.59,"Late Game Clutch,Gameclaw Studio",0,30,False,0
1964110,Sky Caravan Playtest,"Apr 20, 2022",0.0,Unknown,0,0,False,0
1397650,Jetborne Racing,"May 27, 2021",4.99,"Boundless Dynamics, LLC",0,361,False,0
895650,Save The Cookie,"Oct 30, 2018",0.99,Chota Games Studio,0,6,False,0
604980,Travel Riddles: Trip To India,"Mar 10, 2017",9.99,Notus Games Ltd,0,18,False,0
516900,Oniris Basket VR,"Sep 17, 2016",3.99,Oniris Studios,0,5,False,0
504470,Salvaged,"Nov 17, 2016",12.99,Opposable Games,0,6,False,0
1756750,HERADÔNIA Director's cut,"Jan 5, 2022",1.99,Rafael Fagiani,0,1,False,0
393080,Call of Duty®: Modern Warfare® Remastered,"Jul 27, 2017",19.99,"Raven Software,Beenox",0,4304,False,0
806900,Them Bombs,"Jul 10, 2019",10.99,Yellow Dot,0,17,False,0
1704640,The Ancient Art of War in the Skies,"Jan 20, 2022",6.99,Microprose,0,4,False,0
1025020,"Wondershare Uniconverter-Video Converter, Video Editor, Video Compressor, Video Recorder, DVD Burner","Mar 31, 2019",59.99,Wondershare,0,1,False,0
1779460,My Name is Mayo 3,"May 17, 2022",1.99,Green Lava Studios,0,64,False,0
1063960,Ritual: Sorcerer Angel,"Jun 14, 2019",9.99,Hexage,0,22,False,0
1184590,CubeHub,"Dec 30, 2019",0.99,VirtexUniverse,0,3,False,0
1082770,Surviving Medieval,"Feb 4, 2020",4.99,Vlasov Tower,0,19,False,0
296790,ThunderWheels,"Nov 2, 2017",8.99,Arcade Injection,0,44,False,0
496980,Cosmic Cavern 3671　　宇宙最大の地底最大の作戦,"Jul 14, 2016",4.99,"Mindware Co.,Ltd.",0,12,False,0
896750,Koral,"May 16, 2019",2.99,Carlos Coronado,0,258,False,0
1351290,AccidentHouse,"Dec 21, 2020",0.99,K App.,0,56,False,0
202670,Nancy Drew®: Alibi in Ashes,"Nov 2, 2011",6.99,HeR Interactive,0,159,False,0
690310,SiegeVR,"Mar 20, 2018",4.99,Sixense Studios,0,9,False,0
587470,Chroma Lab,"Aug 22, 2017",4.99,Sean Tann,0,295,False,0
1471940,Bahamian Rhapsody,"Dec 4, 2020",4.99,Double Peach Productions,0,11,False,0
339800,HuniePop,"Jan 19, 2015",9.99,HuniePot,0,26390,True,0
1783770,Vacation Adventures: Cruise Director 5,"Nov 19, 2021",6.99,Casual Arts,0,0,False,0
1742400,Andromeda Acolytes Beta,"Jul 12, 2022",0.0,Unknown,0,0,False,0
2015080,Furry Fantasy,"Jul 9, 2022",6.99,Octo Games,0,0,False,0
1302200,End of Panduora,"Jun 25, 2020",8.99,Panduora Studio.,0,1,False,0
1539150,Analytical World,"Feb 19, 2021",1.99,VoidLab,0,3,True,0
1468720,Ultimate Epic Battle Simulator 2,"May 12, 2022",19.99,Brilliant Game Studios,0,1692,False,0
574080,Fog of War,"Jun 18, 2018",4.99,Monkeys Lab.,0,383,False,0
1176800,Useless Box: The Game,"Nov 6, 2019",2.99,Vigorous Apathy,0,3,False,0
1593700,"You, Calligrapher","Oct 24, 2021",11.04,Patha Pradipa 挪灯人,0,37,False,0
1720550,Terra Ventura Playtest,"Dec 16, 2021",0.0,Unknown,0,0,False,0
1476420,ANIME Street Fight,"Mar 6, 2021",1.99,Seito Games,0,10,False,0
581340,Narborion Saga,"Mar 20, 2017",2.99,Liber Primus Games,0,10,False,0
1803460,Christmas Wonderland 3,"Jan 6, 2022",6.99,Casual Arts,0,0,False,0
1864790,1BITDRAGON,"Mar 18, 2022",20.0,1BITDRAGON,0,82,False,0
793680,Fission Superstar X,"May 21, 2019",14.99,Turbo Pelvis 3000 inc.,0,116,False,0
501300,What Remains of Edith Finch,"Apr 24, 2017",19.99,Giant Sparrow,0,25897,False,0
852570,A Tale of Pirates: a Dummy Mutiny,"May 23, 2018",1.59,Studio Clangore,0,2,False,0
1062520,Dinkum,"Jul 14, 2022",19.99,James Bendon,0,2696,False,0
1651760,Japanese Puzzle,"Jun 14, 2021",9.99,Stas Paty9mkin,0,13,False,0
1132190,Coloring Game: Little City,"Aug 16, 2019",0.0,L. Stotch,0,882,False,0
874460,Achtung! Cthulhu Tactics,"Oct 4, 2018",24.99,Auroch Digital,0,131,False,0
1200740,LoginToShootingRangeInServer00 VR,"Dec 12, 2019",3.99,Seafoodcha,0,0,False,0
1503180,Elementite,"Jan 18, 2022",24.99,Danilo Solo Dev,0,7,False,0
1031570,Hookshot,"Feb 25, 2019",1.99,NanningsGames,0,10,True,0
1543810,Darker : Episode I,"Apr 30, 2021",0.99,Brothar Studios,0,1,False,0
844960,Pro 11 - Football Manager Game,"Feb 13, 2020",0.0,Trophy Games,0,144,False,0
1697830,The Inspector Playtest,"Jul 19, 2021",0.0,Unknown,0,0,False,0
555400,Collision Course,"Jan 7, 2017",9.99,Crynosaurs,0,190,False,0
1683360,Kayak VR Playtest,"Jul 8, 2021",0.0,Unknown,0,0,False,0
985240,Woodfel,"Apr 30, 2021",9.99,L3fty Games,0,13,False,0
1069960,Pythagorean Complex,"Feb 5, 2020",0.0,Interroblank,0,1,False,0
507490,Ashes of the Singularity: Escalation,"Nov 10, 2016",29.99,"Stardock Entertainment,Oxide Games",0,3183,False,0
877040,Samurai Wish,"Sep 12, 2018",4.99,Grégory Joerger,0,11,False,0
1583660,Shiba Inu Rescue,"May 21, 2021",4.99,Keoasa,0,2,False,0
1841600,Problem Animals,"Dec 29, 2021",4.99,Reforged Group,0,4,False,0
1697420,Alien Destroyer,"Jul 30, 2021",1.99,RandomSpin,0,5,False,0
1152230,The Void of Desires,"Oct 7, 2019",2.99,Currant Games,0,6,False,0
613200,Dead Days,"Mar 31, 2017",0.74,Duskroad Games,0,12,False,0
813200,DDS(D.I.Y Drone Simulator) Demo,"Mar 18, 2018",0.0,Juicy Lab,0,3,False,0
888990,雨上がりのハナビィ Ameagari no Hanaby,"Sep 22, 2018",13.99,Enigmatic Network,0,62,False,0
1486790,Portal Mortal,"Apr 1, 2022",9.99,Coil Games,0,9,True,0
1721130,Magic defense 2: The Return of the Legend,"Aug 25, 2021",9.99,Phoenixxx Games,0,0,False,0
1211960,Food Girls - Bubbles' Drink Stand,"Jul 18, 2022",10.49,"TorchEntertainment,SimonCreative",0,83,False,0
1680990,Sexy Heroine! Part 3,"Apr 21, 2022",6.99,Sexy Dev!,0,0,False,0
1287940,Blaze,"Jan 4, 2021",0.0,"Charcoal Games,Filip Konjevod,Wyatt Johnson,Jake Elliott,Trey Kusterer,Kat Townsend,Jake Durham,Bryetan Dean,Will Groves",0,2,False,0
895610,Where's Baby,"Apr 2, 2019",2.99,Well Bred Rhino,0,5,False,0
1135140,huts,"Jan 17, 2020",2.99,Sokpop Collective,0,3,False,0
401510,Lavapools - Arcade Frenzy,"May 4, 2016",4.99,"Tavrox,Visumeca",0,16,True,0
670900,NASCAR Heat 2,"Sep 12, 2017",12.99,Monster Games,0,244,False,0
1874010,Robert: Space Stories and Battles,"Mar 8, 2022",1.99,Dnovel,0,14,False,0
876320,Hyperspace Delivery Service,"Jun 5, 2019",9.99,Zotnip,0,36,True,0
1207770,Planet Bounce,"Jan 6, 2020",0.0,"John Rais,Nathan Rais",0,25,False,0
327910,7th Legion,"Oct 23, 2014",1.39,"Epic MegaGames,Vision Software",0,43,False,0
1473110,THE CORRIDOR Playtest,"Nov 14, 2020",0.0,Unknown,0,0,False,0
1856680,The Age of Navigation,"Feb 9, 2022",5.99,Upstream Games,0,63,False,0
55000,Flotilla,Apr 2010,9.99,Blendo Games,0,178,True,0
1561370,Citor3 Sex Villa VR Adult XXX Game,"Mar 11, 2021",4.99,Citor3,0,0,False,0
1487900,Beastie Land,"Feb 27, 2022",6.99,Johnny Ginard,0,6,False,0
1375400,Ghosts 'n Goblins Resurrection,"May 31, 2021",29.99,"CAPCOM Co., Ltd.",0,478,False,0
867420,Andor - Wrecking Dawn,"Apr 14, 2021",0.0,Planescape Game Studio,0,71,False,0
985800,BATTLLOON - バトルーン,"Feb 27, 2019",6.99,"NamaTakahashi,tiny cactus studio,noname studio",0,15,False,0
1362910,Waterpark Simulator,"Feb 1, 2021",0.99,Digital Tours Interactive,0,10,False,0
1280980,Polarities,"May 8, 2020",3.99,Overscoped,0,1,False,0
603730,Something To Do With Love,"Jul 3, 2019",19.99,Bune Duggy,0,26,False,0
648630,Damascus Gear Operation Tokyo HD,"Aug 8, 2017",14.99,Arc System Works,0,12,False,0
1934340,Epic Pirate,"Mar 25, 2022",0.99,Archor Wright,0,5,False,0
1545040,Jump/Die/Live,"Jun 23, 2021",4.99,AngelRDev,0,2,False,0
892420,懒人修仙传,"Nov 14, 2018",3.99,托更的修罗,0,753,False,0
1266120,Unoccupied,"May 28, 2022",0.0,PerkMandelc,0,15,False,0
1731940,Lost in Space,"Sep 7, 2021",3.99,Louie Inc,0,15,False,0
449150,PataNoir,"Jun 1, 2016",6.99,Simon Christiansen,0,12,False,0
1098150,Trickster VR: Horde Attack!,"Jun 21, 2019",0.0,Trickster Games,0,38,False,0
1541530,Animal Drop Safari,"Feb 24, 2021",6.29,Anawiki Games,0,9,False,0
676130,Without Within 3 (初衷),"May 3, 2018",4.99,InvertMouse,0,58,True,0
1205540,Shmup Arena,"May 17, 2020",1.99,Revox Games,0,19,False,0
1603770,On Space,"May 5, 2021",0.99,Reforged Group,0,0,False,0
1013320,Firestone Idle RPG,"Sep 26, 2019",0.0,Holyday Studios,0,3437,True,0
625990,Welcome to Moreytown,"May 5, 2017",3.99,Choice of Games,0,35,True,0
880860,Juan v Juan,"Aug 2, 2018",4.99,Two Taters,0,17,False,0
372320,LOST ORBIT: Terminal Velocity,"Jul 16, 2019",9.99,PixelNAUTS Games,0,23,True,0
1945760,Cyphers Game,"Apr 21, 2022",0.0,Chronospace,0,0,False,0
377050,Professor Teaches® Word 2013 & 365,"Jun 29, 2015",14.99,Individual Software,0,0,False,0
507080,Baseball Mogul Diamond,"Aug 9, 2016",11.99,"Sports Mogul, Inc.",0,34,False,0
1699200,Zombie Carnage 2,"Feb 3, 2022",0.0,LNJ,0,0,False,0
1491720,"Frick, Inc.","Dec 18, 2020",3.99,Kenney,0,4,True,0
736700,Starry Makino,"Nov 23, 2017",2.99,上海永乐数码科技股份有限公司,0,0,False,0
1934470,Loyal Size Cube,"Apr 3, 2022",2.99,LR and Dice,0,0,False,0
1313400,Einsteins Riddle,"Jun 1, 2020",1.99,DMU Software,0,2,False,0
1251250,Cock Soccer,"Feb 2, 2022",14.99,Lobosandia,0,7,True,0
535890,Stereo Aereo,"Dec 14, 2016",3.99,The Stonebot Studio,0,28,True,0
741590,Hex Commander: Fantasy Heroes,"Dec 22, 2017",0.0,Home Net Games,0,187,True,0
18050,DeathSpank: Thongs of Virtue,"Nov 30, 2010",14.99,Hothead Games,0,191,False,0
1037480,Classic Racers,"Mar 26, 2019",0.0,Vision Reelle,0,339,True,0
949170,Killing random dudes online,"Oct 17, 2018",0.5,WhackAKey Games,0,2,False,0
955400,Bonds,"Nov 1, 2018",5.99,DID Games,0,88,False,0
1960320,Rhythmic Keyboard,"May 6, 2022",9.99,Lando Games,0,1,False,0
311770,LEGO® Pirates of the Caribbean: The Video Game,"Oct 6, 2014",19.99,Traveller's Tales,0,2708,False,0
1846300,Mystery Trackers: Queen of Hearts Collector's Edition,"Dec 13, 2021",9.99,Elephant Games,0,2,False,0
1466640,Road 96 🛣️,"Aug 16, 2021",19.96,Digixart,0,8618,False,0
1319430,VERGJORN,"Jun 25, 2020",0.0,Crystal Clear Entertainment SB,0,13,False,0
1667440,Wish World,"May 11, 2022",5.99,Charziot,0,2,False,0
1217630,Network E.L.E.,"Mar 12, 2020",15.99,Aeneas Middleton,0,1,False,0
557410,Dream Quest,"Dec 8, 2016",9.99,Peter Whalen,0,236,False,0
731690,Jingo,"Apr 6, 2018",9.99,U24 Solutions,0,1,False,0
984540,Hostile User Interface,"Dec 15, 2018",1.99,Lutem,0,14,False,0
1629380,Last Soul,"Jun 9, 2021",1.99,DARKLID,0,1,False,0
1395410,Jetscout: Mystery of the Valunians,"Dec 16, 2020",4.99,dustinaux,0,15,False,0
463000,Hero Battle,"Apr 28, 2016",6.99,Wang Liwen,0,98,False,0
1227280,Despot's Game: Dystopian Army Builder,"Oct 14, 2021",14.99,Konfa Games,0,1502,True,0
1700450,Watashi no Kokoro!  君の事が好きです。,"Aug 5, 2021",1.99,玫瑰工作室,0,3,False,0
533630,Fight Me Bro!,"Jan 20, 2017",1.99,Ascension Interactive Media,0,4,False,0
664250,EquiMagic - Galashow of Horses,"Dec 19, 2017",9.99,b-alive gmbh,0,14,False,0
1378320,Killstreak,"Oct 14, 2020",7.99,Mancheolsoft,0,0,False,0
1023110,Seven Red Lines,"Jan 12, 2020",2.99,T.I.E. apps,0,4,False,0
1127350,Mazes and Mages 2,"Sep 13, 2019",0.0,Juan Jose Garrido Gomez,0,3,False,0
702030,Starbear: Taxi,"May 3, 2018",1.99,Funktronic Labs,0,30,False,0
872550,Urbance Clans Card Battle!,"Oct 3, 2018",4.99,"Steambot,Fishing Cactus",0,6,False,0
25900,King's Bounty: The Legend,"May 1, 2009",6.99,Fulqrum Publishing,0,2380,False,0
1685590,NetSpace Saga Ep.1,"May 26, 2022",5.99,"Hollow Games,Daniel Arevalo Rodil",0,0,False,0
1978750,PH0B0S,"Jul 10, 2022",3.99,Shiloh Schwartz,0,0,False,0
742010,Lab 03 Yrinth,"Nov 17, 2017",1.99,"XiNFiNiTY Games,Nova Studios",0,6,True,0
762190,Epic Loon,"Jul 12, 2018",9.99,Macrales Studio,0,32,False,0
950460,Paradise Cleaning!,"Oct 30, 2018",0.0,PIXEL MINT,0,0,False,0
24400,King Arthur - The Role-playing Wargame,"Nov 24, 2009",2.49,NeocoreGames,0,373,False,0
1846920,Lust Academy - Season 1,"Apr 12, 2022",14.99,Bear in the Night,0,0,False,0
231740,Knights of Pen and Paper +1 Edition,"Jun 18, 2013",9.99,Behold Studios,0,2557,True,0
1545350,Caribbean Jigsaw,"Mar 15, 2021",4.99,Creobit,0,8,False,0
1656900,Shaped Touches,"Jul 16, 2021",0.0,"Fruits of Yggdrasil,Sean Lally Architecture Sarl",0,0,False,0
1715850,NAIR,"Sep 14, 2021",2.99,Teridax,0,62,False,0
1144200,Ready or Not,"Dec 17, 2021",39.99,VOID Interactive,0,55714,False,0
849177,Shadow of the Tomb Raider: Definitive Edition,"Sep 14, 2018",0.0,"Eidos-Montréal,Crystal Dynamics,Nixxes,Feral Interactive (Mac),Feral interactive (Linux)",0,12734,True,0
1455540,Smash Track Drifters,"Mar 6, 2021",5.99,Diego Herrera,0,2,False,0
1095370,Voxel Bot,"Jun 11, 2019",1.99,NanningsGames,0,14,True,0
573660,AereA,"Jun 2, 2017",14.99,Triangle Studios,0,26,True,0
346150,Martial Law,"May 26, 2015",0.0,DropDGames,0,7,True,0
1096300,九霄缳神记 JIU XIAO,"Apr 14, 2020",19.99,Impermanence Studio,0,285,False,0
1391280,3D Hentai Chess,"Aug 28, 2020",1.99,Flying. Stone. Production,0,0,False,0
1072890,Oneironaut,"Sep 18, 2019",0.0,"Peter De Jong,Albert Wang",0,14,False,0
1383780,Coffee with Prescilla,"Aug 28, 2020",4.99,cgvaqs,0,0,False,0
884500,Bitcoin Mining Tycoon,"Jul 4, 2018",1.99,Fury Games Production,0,0,False,0
1653010,Sea of Craft Playtest,"Dec 23, 2021",0.0,Unknown,0,0,False,0
377220,Deficis,"Jul 30, 2015",14.99,Gneu LLC,0,0,False,0
848310,Bitcoin Trading Master: Simulator,"May 31, 2018",4.99,Linkflag,0,137,False,0
1432890,NinjaGirlArune,"Feb 5, 2021",24.99,NoTears,0,0,False,0
1090210,Hentai Maido,"Jun 7, 2019",0.99,"GentleDriver,朧月カケル",0,0,False,0
416790,The Metronomicon: Slay The Dance Floor,"Sep 29, 2016",19.99,Puuba,0,307,False,0
463800,FreeHolder,"Jul 5, 2016",9.99,RogueWare,0,73,False,0
310880,Basketball Pro Management 2015,"Nov 19, 2014",9.99,"Umix Studios,Cyanide Studio",0,23,False,0
385270,Jet Racing Extreme: The First Encounter,"May 17, 2018",3.99,Real Dynamics,0,826,True,0
1464630,Gravity in Space,"Jan 27, 2021",13.99,Cross and Dot Products,0,3,True,0
656770,Douarnenez VR,"Jul 7, 2017",0.0,Raf1Dev,0,10,False,0
1898320,RIFT,"Jul 10, 2022",0.0,HaZimation,0,0,False,0
1576220,Protoplasm-Mutiny,"Jun 4, 2021",0.99,xingchunfang,0,1,False,0
1276470,Arctic Anxiety,"Jul 2, 2020",2.99,Arctic Studio,0,161,False,0
940300,Escape Legacy: Ancient Scrolls,"Oct 15, 2018",8.99,Storming Tech,0,45,True,0
314500,Pixeluvo,"Aug 14, 2014",34.99,Pictopotamus,0,180,False,0
1515470,Calturin,"Aug 24, 2021",3.99,Lasse Zacho Malver,0,26,False,0
1262470,STRAIGHT ON 8,"Sep 30, 2020",1.99,STRAIGHT ON 8,0,2,False,0
1782260,Sleep and Girls,"Oct 28, 2021",0.99,Kotovodk Studio,0,0,False,0
1639900,SexStone,"Jun 22, 2021",5.99,Entropy Digital Entertainment,0,0,False,0
1791880,Zombie frenzy,"Oct 30, 2021",1.99,木秀于林,0,0,False,0
860650,Drizzlepath: Deja Vu,"May 25, 2018",2.59,Tonguç Bodur,0,115,False,0
524610,Ceggtcher VR,"Sep 27, 2016",0.49,Funny Twins,0,0,False,0
1413350,Flipper Volcano,"Sep 15, 2020",2.99,Sokpop Collective,0,11,False,0
608980,Arch Virtual HQ,"Mar 15, 2017",0.0,"Arch Virtual, LLC",0,8,False,0
635390,Thief of Thieves,"Jul 16, 2018",19.99,Rival Games,0,107,False,0
939850,The Dark Pictures Anthology: Man of Medan,"Aug 29, 2019",29.99,Supermassive Games,0,6002,False,0
1549240,扫雷冒险谭2 ~露露姆的冒险~,"Mar 19, 2021",9.99,CelLab,0,58,False,0
1915050,"End it, please ...","Mar 9, 2022",5.99,Tiger games,0,0,False,0
939210,T3 - Take the Turn,"Oct 1, 2018",4.99,Vagabond Software GmbH,0,0,False,0
300760,Epsilon,"Oct 1, 2015",0.0,Serellan LLC,0,60,False,0
566870,VR Monster Awakens,"Dec 22, 2016",12.99,FIGHT4DREAM LIMITED,0,21,False,0
284260,PANORAMICAL,"Sep 17, 2015",9.99,"Fernando Ramallo,David Kanaga",0,183,False,0
855740,Bum Simulator,"Aug 26, 2021",17.99,Ragged Games,0,1244,False,0
1404970,Sponsor-A-Planet,"Oct 12, 2020",1.99,TheTallJS,0,5,False,0
520540,Tribloos 3,"Jul 16, 2018",5.99,BumpkinBrothers,0,14,False,0
1149220,P.3,"Oct 1, 2019",3.99,DevJgame,0,4,False,0
1502070,Survival In Africa,"Jan 23, 2021",0.0,Mambo,0,23,False,0
381050,The Ritual on Weylyn Island,"Dec 4, 2015",11.99,zemaGamez,0,46,False,0
1732330,Ys IX -Monstrum NOX-,"Jan 19, 2022",38.49,Nihon Falcom,0,119,False,0
715010,Diamo XL,"Oct 13, 2017",0.99,Adamvision Studios,0,418,True,0
552900,Fields XY,"Apr 7, 2017",3.99,"Liam Hughes,Ryan Cooper",0,34,False,0
1626410,Walk of Shame,"Jun 28, 2021",0.99,Ezen Studio,0,3,False,0
1642940,Hidden Office,"Oct 21, 2021",4.99,Anna Sevryugina,0,19,False,0
839260,Russian AYE Horror,"Apr 18, 2018",0.49,Nikita Ghost_RUS,0,70,False,0
34315,Alien Storm,"Oct 26, 2010",0.99,SEGA,0,7,True,0
1912620,Natalia,"Mar 2, 2022",9.99,MagicHouse,0,0,False,0
685670,Know by heart,"Feb 10, 2022",19.99,Ice-Pick Lodge,0,407,False,0
711240,Grand Academy for Future Villains,"Sep 14, 2017",4.99,Choice of Games,0,14,True,0
1924440,Directly Drink Milk from Cow　【直に牛乳を飲め】,"Mar 30, 2022",7.49,Boujin 【棒陣】,0,9,False,0
626570,Microcosm,"Jun 1, 2017",0.0,paulstraw,0,4,False,0
1836860,Neptunia x SENRAN KAGURA: Ninja Wars,"May 11, 2022",49.99,"Idea Factory,Compile Heart,Tamsoft",0,449,False,0
1148540,Griddlers Victorian Picnic,"Oct 27, 2019",4.99,Big Up Studio,0,3,False,0
1335680,The Kind Camomille,"Jul 10, 2021",9.99,Xavier Moiny,0,18,False,0
855320,The 18th Floor,"Jul 4, 2018",14.99,Aoga Games,0,17,False,0
1297000,Coronator,"May 19, 2020",0.99,Guki Games,0,0,False,0
643960,Cursed Treasure 2,"Jul 21, 2017",4.99,IriySoft,0,321,True,0
1651030,Dandy & Randy DX,"Apr 29, 2022",4.54,Asteristic Game Studio,0,7,False,0
377500,Prismatica,"Jul 1, 2015",4.99,Loomus Games,0,34,False,0
465490,Stellar Tactics,"Sep 22, 2016",19.99,Maverick Games,0,886,False,0
893710,Mercenary Leto,"Aug 28, 2018",14.99,dragonGlitch Games LLC,0,6,False,0
1629250,Gravitaze: Two,"Jun 28, 2021",0.99,Double E,0,4,True,0
792160,Heroes Of Hellas 4: Birth Of Legend,"Feb 14, 2018",5.99,Jaibo Games,0,31,False,0
1150310,Let's Go! Skiing VR,"Sep 27, 2019",1.04,DGMA,0,8,False,0
352700,Subspace Continuum,"Jul 3, 2015",0.0,"Virgin Interactive Entertainment,PriitK",0,475,False,0
1832010,Legacy: the last pure heart,"Mar 7, 2022",9.99,Addie J. Lobruno,0,2,False,0
432130,Break Chance Memento,"Feb 12, 2016",14.99,Cyanide Tea,0,27,True,0
1291830,Outlaws: Corwin's Treasure,"May 5, 2020",4.99,Urchin Games,0,16,False,0
860790,Adventures Of Pipi 2 Save Hype,"May 24, 2018",0.49,Nikita Ghost_RUS,0,23,False,0
1873410,Witch Sacrifice,"Feb 13, 2022",2.99,CuberZ,0,2,False,0
1708810,COTTOn Boomerang - Saturn Tribute,"Feb 9, 2022",17.99,CITY CONNECTION,0,7,False,0
1376140,CounterBlocks,"Oct 20, 2020",4.99,Acerola Software,0,1,False,0
563750,World Boxing Manager,"Dec 9, 2016",4.99,Aggroblakh,0,74,True,0
1402030,Strings Theory,"Dec 14, 2021",14.99,BeautifulBee,0,36,False,0
1414430,Project Morpheus: Prologue,"Jan 14, 2021",0.0,Team Ranger,0,347,False,0
1095860,Mystery Solitaire Grimm's tales 2,"Sep 24, 2019",4.99,Somer Games,0,4,False,0
1291970,Mythic Dungeons,"May 18, 2020",19.99,Eurus Game Studio,0,10,False,0
944650,The Mysteries of Baroque,"Sep 20, 2018",4.99,Choice of Games,0,16,True,0
1188930,Chrono Ark,"Dec 19, 2019",19.99,Al Fine,0,3564,False,0
1165400,Stellar Commanders,"Feb 20, 2020",8.99,Blindflug Studios AG,0,53,False,0
1209740,Coloniam,"Jan 25, 2020",0.99,Austin M.,0,11,False,0
1130590,Aleesha's Tower,"Sep 3, 2019",2.99,Pixel vs Pixel,0,15,False,0
218640,Lucius,"Oct 26, 2012",9.99,Shiver Games,0,7525,False,0
820610,Ages of Mages: The last keeper,"Feb 13, 2019",11.99,YFC games,0,141,False,0
1602900,SnOut,"May 20, 2021",0.0,Aarjvark,0,0,False,0
1950250,Mapstermind,"May 17, 2022",0.0,Tall Hat Games,0,0,False,0
1770230,SudoKube,"May 23, 2022",1.99,Mandinga,0,26,False,0
1267680,Episode 1: MissionKT,"Sep 8, 2020",9.99,TheBeamerLLC,0,0,False,0
1133230,Little Awesome Dudes,"Sep 5, 2019",6.99,Canalside Studios,0,4,False,0
1380400,Saving Grace,"Jan 2, 2021",4.99,Thomas JC Ironmonger,0,25,False,0
1637730,Crystal Project,"Mar 31, 2022",13.99,Andrew Willman,0,919,True,0
551450,Furious Angels,"Feb 27, 2017",4.99,MorfeoDev,0,322,False,0
1379350,Frogworld,"Aug 14, 2020",0.0,NatureSims,0,5,False,0
1728100,Wild West Rogue,"Sep 4, 2021",3.99,Reforged Group,0,4,False,0
672770,Poseidon - Project Dark Sky,"Jul 19, 2017",2.99,DP Corp,0,1,False,0
1219590,HEAT REBORN,"May 8, 2021",0.0,HEAT REBORN DEV TEAM,0,144,False,0
336110,Bloody Streets,"Mar 12, 2015",4.99,Headless Wizard,0,96,False,0
1711080,"Go Home, Mr. Fisk!","Sep 27, 2021",0.0,Klothscape,0,0,False,0
1841900,BACK and BACK to Hell,"Jan 17, 2022",1.99,ImperiumGame,0,8,False,0
448640,Elements II: Hearts of Light,"Apr 1, 2016",0.0,Soul Catapult,0,80,False,0
695490,Operation Chromite 1950 VR,"Feb 4, 2018",13.99,eiNpictures,0,6,False,0
1061270,Blacklist Brigade,"May 28, 2019",3.73,Goat Forest Games,0,28,False,0
1622830,Stardrytch,"Nov 4, 2021",4.99,Nils Kastens,0,10,False,0
1308500,Soul Elegy,"Aug 25, 2021",18.99,"Sichuan fruit Interactive Technology Co., Ltd",0,156,False,0
898580,Premium Bowling,"Oct 18, 2019",12.99,Sadetta,0,288,False,0
1689510,RPGScenery,"Jan 27, 2022",6.99,RPGScenery,0,10,False,0
1102510,Come Back: Chapter 1,"Jul 8, 2019",4.99,NoLan Games,0,10,True,0
1832370,Charades Movie One,"Dec 10, 2021",2.49,Hede Games,0,0,True,0
802850,NaziShootout,"Mar 8, 2018",0.59,crowgames,0,17,False,0
1076160,Command: Modern Operations,"Nov 14, 2019",79.99,Command Development Team,0,728,False,0
880220,~Azur Ring~virgin and slave's phylacteries,"Jul 17, 2020",13.99,PinkPeachStudio,0,132,False,0
1730630,The Dawning Clocks Of Time,"Sep 8, 2021",5.99,Spacefarer Games Limited,0,2,False,0
1531930,Rubicon : a conspiracy of silence,"Oct 20, 2021",9.99,"Midnight Mood Studio,La Belle Games",0,3,True,0
1779270,Anime Fantasy Jigsaw Puzzle 3D,"Oct 27, 2021",1.99,SeedWall,0,0,False,0
904130,Defense: Abominations,"Aug 23, 2018",2.99,Ominous Entertainment,0,34,True,0
1457810,休闲游戏合集,"Dec 11, 2020",2.99,Philosophy♂,0,37,False,0
518720,Overkill VR: Action Shooter FPS,"Mar 10, 2017",3.99,"Starloop Studios,Craneballs Studio",0,194,False,0
521790,Ancient Frontier,"Sep 21, 2017",24.99,"Fair Weather Studios, LLC",0,79,False,0
984260,Tora,"Jan 3, 2019",0.99,Medusa,0,0,False,0
1222670,The Sims™ 4,"Jun 18, 2020",19.99,Maxis,0,52059,False,0
1136770,Maze,"Aug 30, 2019",9.99,StarJumping Studio,0,2,False,0
537130,Red Spider: Vengeance,"Nov 25, 2016",0.0,studio wasp,0,19,False,0
713310,Gambol,"Mar 27, 2018",0.0,Mike Pickering,0,16,False,0
40300,Risen,"Oct 2, 2009",9.99,Piranha Bytes,0,6495,False,0
40970,Stronghold Crusader HD,"Oct 21, 2013",9.99,FireFly Studios,0,13225,False,0
639960,OzGrind Virtual Reality Showroom,"Jul 20, 2017",0.0,Viewport Studios,0,4,False,0
1397350,好久不见 - Long Time No See,"Sep 14, 2020",4.99,"SleepwalkStudio,橙光游戏",0,168,False,0
1729120,Tank Golfing,"Sep 2, 2021",0.0,Ofer Rubinstein,0,0,False,0
321600,The Flying Dutchman,"Sep 12, 2014",4.99,Snack Games,0,9,False,0
1788940,Shadows: Price For Our Sins,"Oct 26, 2021",5.99,Creobit,0,15,False,0
1600020,Eddie Hill in the Curse of the Skull Medallion,"Apr 29, 2021",0.0,Gameinaframe,0,0,True,0
1453740,DUNGEON OF NAZARICK,"Nov 6, 2020",12.99,Gotcha Gotcha Games,0,5,False,0
1274940,Strip 'Em,"Apr 17, 2020",9.99,DreamBig Games,0,0,False,0
1802720,Sixtar Gate: STARTRAIL,"Nov 6, 2021",24.99,Lyrebird Studio,0,668,False,0
1696930,Conundrum,"Jul 29, 2021",1.09,wow wow Games,0,1,False,0
284910,Purgatory: War of the Damned,"Feb 11, 2015",14.99,Ironsun Studios,0,6,False,0
1972830,Molecule Make Lab,"May 13, 2022",0.99,JoyJog,0,16,False,0
1209910,Britannic,"Jan 17, 2020",2.99,Interactive Gaming Studios,0,75,False,0
856320,(Removed from steam store),"May 26, 2018",0.0,Unknown,0,0,False,0
248370,Bridge It +,"Nov 18, 2013",6.99,Chronic Logic,0,90,False,0
325210,Arctico,"Feb 15, 2022",6.99,"Claudio Norori,Antonio Vargas",0,710,False,0
687560,Avoid The Monsters,"Aug 15, 2017",0.0,Wouter van Oortmerssen,0,20,False,0
684230,Madcap Castle,"Dec 11, 2017",2.99,Diel Mormac Games,0,16,True,0
835690,City Sweeper - Clean it Fast!,"Jun 26, 2018",1.99,Catmoon Productions,0,4,False,0
425860,Vector Assault,"Dec 10, 2015",4.99,WizByte Games,0,5,False,0
1767450,The Conjurer's Quest,"Oct 18, 2021",9.99,Noxurtica,0,0,False,0
1098680,世界尽头的蔷薇花园,"Jun 19, 2019",0.99,Walhalancs,0,38,False,0
887370,Element Space,"Feb 14, 2019",12.49,Sixth Vowel,0,154,False,0
804130,EXIST,"Mar 26, 2018",0.49,KUKHTENKOV,0,45,False,0
415480,Hyperdevotion Noire: Goddess Black Heart (Neptunia),"Apr 26, 2016",14.99,"Idea Factory,Compile Heart,Sting",0,716,False,0
979390,Laser Party,"Dec 28, 2018",1.99,Cross Link,0,17,False,0
528070,Solitaire Beach Season,"Oct 10, 2016",4.99,Creobit,0,50,False,0
352960,Star Horizon,"May 28, 2015",9.99,Orbital Knight,0,83,True,0
1698040,Multia Space Program,"Sep 1, 2021",1.99,Crazy Dog Games Tmi,0,2,False,0
426330,MetaHuman Inc.,"Dec 18, 2015",5.99,Choice of Games,0,136,True,0
1447190,Vladimir 2021,"Feb 19, 2021",0.99,Narod,0,1,False,0
1287370,Colorful Snake,"May 2, 2020",2.99,langzat,0,0,False,0
1684900,"Pop it, Please!","Jul 23, 2021",0.99,ImperiumGame,0,27,False,0
1633780,The Tau Ceti Terminus,"Aug 31, 2021",2.99,"Light-Year Simulations,  LLC",0,1,False,0
871930,GLADIABOTS - AI Combat Arena,"May 22, 2019",14.99,GFX47,0,720,True,0
936580,Avoidon,"Dec 5, 2019",1.99,Pankabre,0,1,False,0
559130,Inner Voices,"May 10, 2017",0.99,Sigma Games,0,35,False,0
1490400,Disc Golf Adventure 2 VR,"Mar 13, 2021",9.99,"Brian Macumber,Kevin Macumber",0,2,False,0
859960,Geocells Tricells,"Aug 17, 2018",7.99,"Scott Chinchen,Georgie Chinchen",0,8,True,0
1820550,Heim Playtest,"Nov 15, 2021",0.0,Unknown,0,0,False,0
1290720,Calm Girls,"May 20, 2020",0.99,ET_Touch,0,0,False,0
1226070,Questinarium,"Apr 17, 2020",0.0,"Dymchick1,KHB-Soft",0,14,False,0
1236990,Boris and the Dark Survival,"Feb 10, 2020",2.99,Joey Drew Studios,0,2186,False,0
689610,Hunt 'n Sneak,"Apr 9, 2019",6.99,Pixel Engineers,0,3,False,0
1488640,Wholesome Slaughter,"Jan 25, 2021",0.99,Eclipse Game Labs,0,37,False,0
979550,Evolo.Mine,"Nov 22, 2018",0.99,OurLastSpring,0,2,False,0
1568050,Pinned,"Mar 20, 2021",1.99,Lazy As Studio,0,13,False,0
335570,Back To Life 3,"Dec 16, 2014",4.99,Carlo D'Apostoli Projects,0,3,False,0
494120,RX squad,"Jul 30, 2016",1.99,YFYX games,0,18,False,0
1355980,Minimal Maze,"Jul 17, 2020",0.99,Blue.Owl,0,22,False,0
700480,Microsoft Allegiance,"Sep 29, 2017",0.0,Microsoft Game Studios,0,112,False,0
800490,ALASKA,"Feb 22, 2018",3.99,Wreck Tangle Games,0,21,False,0
648580,428: Shibuya Scramble,"Sep 4, 2018",49.99,"Spike Chunsoft Co., Ltd.,Abstraction Games",0,1013,False,0
1265570,DMLC!,"Jun 24, 2020",29.99,KEMCO,0,16,False,0
341640,Relativity Wars - A Science Space RTS,"Apr 10, 2015",5.99,Fungameco Ltd,0,8,False,0
656350,UnderMine,"Aug 6, 2020",19.99,Thorium,0,6883,True,0
893650,CSI VR: Crime Scene Investigation,"Sep 5, 2018",4.99,GES_Games,0,1,False,0
1844240,Dinosaur Park – Primeval Zoo,"Apr 20, 2022",0.0,upjers,0,0,False,0
324570,Halo: Spartan Strike,"Apr 16, 2015",2.99,"343 Industries,Vanguard Games",0,954,False,0
1739680,Tales of a Rabbit: The Story of Willie Hop,"Sep 17, 2021",0.99,Not Awful Studio,0,1,False,0
1995470,Space Turbo 2,"May 24, 2022",24.99,Enoops,0,84,False,0
703140,Codename: Phantom,"Nov 22, 2017",4.99,Red Fire Games,0,8,False,0
1416000,The Dark: Survival RPG,"Sep 23, 2020",8.99,Joseph Murray,0,15,False,0
695450,Kingdom of the Dragon,"Feb 1, 2018",5.99,Hook Echo Software,0,27,False,0
762130,Namaste Virtual Yoga Retreat,"Jan 12, 2018",6.99,APG Studios LLC,0,2,False,0
1482400,Infinite Voyager,"Feb 4, 2022",4.99,cGh ONE,0,0,False,0
1864070,YUME : Special Edition,"Mar 25, 2022",3.99,Lovely Games,0,22,False,0
1626130,Allura: Curse of the Mermaid,"May 19, 2021",5.99,eFunsoft,0,4,False,0
280600,BloodLust Shadowhunter,"Sep 21, 2015",9.99,WRF Studios,0,251,False,0
1496220,Laser Cup,"Feb 18, 2021",4.99,Dreamlabs,0,3,True,0
1336230,AVRACH RESURRECTION,"Jul 15, 2020",9.99,Fluffy Bisons,0,5,False,0
1476970,IdleOn - The Idle MMO,"Apr 2, 2021",0.0,Lavaflame2,0,7243,False,0
1631210,Be My Girlfriends,"Apr 12, 2022",1.99,DigitalDream,0,276,False,0
849870,Virtual Pirate VR,"Jul 16, 2018",9.99,"MAMMOSSIX Co., Ltd.",0,0,False,0
2012070,Watch Your Back,"Jun 30, 2022",0.0,Studios Sant Marc S.L.,0,0,False,0
708850,Reverie,"Oct 3, 2017",0.0,Chronicle Games,0,32,False,0
1428840,10mg: SNAAAK,"Oct 19, 2020",1.99,"Clovelt,Jok",0,14,True,0
409320,Syndrome,"Oct 6, 2016",19.99,Camel 101,0,178,False,0
721740,Sea Of Fatness: Save Humanity Together,"Oct 20, 2017",2.99,Fusion.Robot & Co,0,13,True,0
951670,Precipice,"May 1, 2019",7.99,"LRDGames, Inc.",0,230,True,0
253410,Ravensword: Shadowlands,"Dec 6, 2013",6.99,Crescent Moon Games,0,251,True,0
1600700,Cosmophage,"May 6, 2021",0.99,Mad Kraken Studios,0,4,False,0
348250,Google Earth VR,"Nov 16, 2016",0.0,Google,0,3126,False,0
1507640,Mage Hunters,"Jan 7, 2021",2.99,TooIzzi Games,0,12,False,0
1181120,Picture toys,"Nov 14, 2019",0.79,lvfo,0,16,False,0
328500,Potatoman Seeks the Troof,"Dec 3, 2014",1.35,Pixeljam,0,557,False,0
33229,Tom Clancy's Splinter Cell Conviction™ Deluxe Edition,"Apr 29, 2010",19.99,Ubisoft Montreal,0,2368,False,0
1464910,Quest: Escape Room 2,"Dec 15, 2020",2.99,"KuKo,Mustella Games",0,22,False,0
1643040,SPACE BANDITOS,"Jun 24, 2021",0.0,"StarsCrew,Esperluette",0,7,False,0
1861340,BOMB Pong,"Apr 12, 2022",1.99,HFire,0,0,False,0
1182070,Majula Frontier: The Offense,"Dec 4, 2019",0.0,EF Universe Games LLC,0,9,False,0
1195430,Fight High,"Feb 20, 2020",4.99,Broodling Studios,0,5,False,0
1050230,Dodge Bubble,"Mar 28, 2019",0.99,HaDe Games,0,33,False,0
1543460,The Sin,"May 20, 2021",4.99,Baba Nura,0,110,True,0
1862210,Dodge It! 2,"Jan 28, 2022",0.0,samuel crevier,0,0,False,0
1342630,Rappelz,"Jul 1, 2022",0.0,Gala Lab Corp,0,0,False,0
1630310,Draw IT! Playtest,"May 7, 2021",0.0,Unknown,0,0,False,0
1368870,Field of Glory II: Medieval,"Feb 4, 2021",29.99,Byzantine Games,0,268,False,0
1091500,Cyberpunk 2077,"Dec 9, 2020",59.99,CD PROJEKT RED,0,391643,False,0
1124690,La Introducción,"Aug 5, 2019",0.0,Robert Skipper,0,0,False,0
1640160,G-Darius HD,"Mar 30, 2022",29.99,"TAITO CORP.,M2 Co.,LTD",0,53,False,0
547920,Our Darkest Night,"Dec 15, 2016",0.99,"Phun Peeticharoethum,Nawarit Longkhum,Rapeeput Kaewprasit",0,1,False,0
979720,Big Bash Boom,"Dec 20, 2018",39.99,Big Ant Studios,0,7,False,0
1918470,Vacation Paradise: California Collector's Edition,"Mar 9, 2022",9.99,Point8 Games Inc.,0,2,False,0
942580,An Adventurer's Tale,"May 23, 2019",11.99,Epic Works,0,16,True,0
606980,Potentia,"Feb 11, 2021",19.99,Wily Pumpkin,0,241,False,0
1206960,Cloudlands 2,"Jan 17, 2020",19.99,Futuretown,0,10,False,0
2004650,SailSim,"Jun 8, 2022",2.99,Demetris Rouslan Zavorotnitsienko,0,2,False,0
776600,Witch Sword,"Jan 8, 2018",2.99,Li Changchun,0,25,False,0
281860,RefleX,"Mar 27, 2014",7.99,SITER SKAIN,0,183,False,0
1202420,Moves,"Dec 19, 2019",0.99,Eu Game Studio,0,32,False,0
1730640,Midnight Sky Playtest,"Oct 1, 2021",0.0,Unknown,0,0,False,0
889060,Open Space 2D,"Jul 6, 2018",0.99,Jordan Rott,0,0,False,0
654940,RXE,"Jul 21, 2017",5.99,Buce Studios LLC,0,1,True,0
1461770,Fantasy Tavern Sextet -Vol.2 Adventurer's Days-,"Feb 18, 2021",12.99,"iMel,qureate",0,141,False,0
1246880,门里,"Dec 17, 2021",4.99,细分工作室,0,88,False,0
1091910,PonGlow,"Jun 10, 2019",0.99,"Kev Jackson,kash",0,11,False,0
1572420,Leenie Boog,"Dec 2, 2021",4.99,Alexander Bazhenov,0,82,False,0
855640,My Brother Rabbit,"Sep 21, 2018",14.99,Artifex Mundi,0,1282,True,0
218410,Defender's Quest: Valley of the Forgotten (DX edition),"Oct 30, 2012",14.99,"Level Up Labs, LLC",0,3112,True,0
938740,MUSEUM VOLUME I,"Nov 5, 2018",0.99,Wreck Tangle Games,0,6,False,0
387270,Mystical,"Jul 31, 2015",0.0,Philippe Forgeur,0,11,False,0
386260,Microcosmum: survival of cells,"Jul 24, 2015",7.99,Satur Entertainment,0,1074,False,0
1853680,Forbidden Fruit,"Jan 21, 2022",0.0,Magic Fingers,0,0,True,0
2067670,记忆碎片Fragment,"Jul 25, 2022",0.99,bbo,0,0,True,0
1749720,Zombie Dinos from Planet Zeltoid,"Oct 1, 2021",6.99,Philips P.O.V. Entertainment Group,0,5,False,0
2062610,Phantom Club,"Jul 11, 2022",1.99,Ocean Software,0,0,False,0
1292250,Blackjack Hands,"May 13, 2020",0.99,Minimol Games,0,16,False,0
545060,BULLET SOUL INFINITE BURST / バレットソウル - インフィニットバースト -,"Jul 31, 2017",14.99,"MAGES. Inc.,Tachyon Inc.,",0,42,False,0
780570,AI Anomaly,"Jan 31, 2018",1.99,Julian Henley,0,4,False,0
1271740,Magical Swordmaiden,"Dec 18, 2020",19.99,Lunasoft,0,86,False,0
1887930,Idle Monster TD: Evolved,"Feb 11, 2022",0.0,Swell Games LLC,0,0,False,0
461490,Kaboom Monsters,"Jul 7, 2016",0.53,Broken Arms Games,0,65,False,0
1167300,Battle Axe,"Apr 29, 2021",29.99,Bitmap Bureau,0,24,True,0
388370,Nova Blitz,"Jul 11, 2017",0.0,Dragon Foundry,0,118,True,0
612250,Eastwood VR,"May 15, 2017",3.99,RAV3 Interactive,0,6,False,0
1665900,SHINORUBI,"Jan 19, 2022",24.99,Last Boss 88,0,8,False,0
1517770,Astrokicker,"Jan 29, 2021",4.99,"Quadrivo Software, LLC",0,3,False,0
1872050,Cosmic Monsters 2 Enclaves Dawn,"Apr 1, 2022",11.99,Marco Braun,0,0,False,0
485860,Impossible Quest,"Jun 3, 2016",1.99,Axel Sonic,0,211,False,0
727100,Orch Star,"Aug 15, 2018",14.99,Orch Star Studios,0,26,False,0
1051940,The Artifacts,"May 1, 2019",2.99,Slap Happy Larry,0,1,False,0
1093220,Eat this!,"Jul 3, 2019",0.99,Karel Hladky,0,0,False,0
1071660,Ruine,"May 16, 2019",4.99,Potku,0,15,False,0
590370,Tiny Troopers 2,"May 31, 2017",5.99,"Starloop Studios SL,Kukouri",0,41,False,0
1457650,幻想三国志4,"Jan 8, 2022",5.99,"USERJOY Technology Co.,Ltd.",0,21,False,0
255940,The 11th Hour,"Oct 18, 2013",5.99,Trilobyte Games,0,83,False,0
281350,US and THEM,"Mar 18, 2014",2.99,Icehole Games,0,32,False,0
612140,Weebish Mines,"Apr 20, 2017",2.99,DXF Games,0,14,False,0
977690,Skyworld: Kingdom Brawl,"Apr 2, 2019",2.49,Vertigo Games,0,42,False,0
315330,All Guns On Deck,"Aug 28, 2015",12.99,Decaying Logic,0,167,False,0
815010,Relaxicon,"Mar 19, 2018",7.99,Kodo Linija,0,16,True,0
1378390,Endurance - space action,"Aug 30, 2020",7.99,Ivan Panasenko,0,3,False,0
1376630,SecretMission_ProduceForPresident,"Sep 22, 2020",2.99,RP.Games,0,0,False,0
331340,Tulpa,"Jan 29, 2015",2.99,Encryptique,0,126,True,0
1634600,Let's Turn Pick-Up Beach to a Nudist Fucking Beach!,"Jun 10, 2021",9.99,KISAMAMAKI SOFT,0,0,False,0
1501740,Cardbot,"May 28, 2021",4.99,Pixit Software,0,0,False,0
1571840,小邦迪的奇妙冒险,"Mar 28, 2021",0.0,"Puyuan Ye,Band-Aid",0,0,False,0
766150,The Tension,"Nov 30, 2018",2.99,Yigit Tatlipinar,0,3,True,0
1131990,Hentai NetPuzzle,"Aug 27, 2019",0.99,LeonWaan Games,0,0,False,0
1222140,Detroit: Become Human,"Jun 18, 2020",39.99,Quantic Dream,0,51168,False,0
1812280,Cave Story's Secret Santa,"Dec 9, 2021",0.0,"Nicalis, Inc.",0,0,False,0
1409180,Of Mice and Moggies,"Feb 23, 2021",4.99,Bippinbits,0,28,True,0
1611410,Stardom 3,"Mar 30, 2022",12.99,SOFTSTAR ENTERTAINMENT,0,786,False,0
1571950,Slick Racing Game,"Jun 18, 2021",12.99,SaltyTea-M,0,28,False,0
1262760,Digitizer,"Apr 7, 2022",18.99,Ilan Manor,0,4,False,0
340960,Pulsen,"Jul 27, 2015",14.99,4-Panel Footprint,0,47,False,0
418050,FALL,"Dec 17, 2015",5.99,Northbrain,0,7,False,0
1725880,Project SNAQE,"Feb 4, 2022",1.99,Teggno Interactive,0,9,False,0
1497450,A Memoir Blue,"Mar 24, 2022",7.99,Cloisters Interactive,0,118,False,0
884070,War Ender,"Jul 26, 2018",4.99,Infinite Level,0,0,False,0
1404980,NENA,"Oct 4, 2020",4.99,ThanaThan,0,22,True,0
1864080,Assault Bots,"Apr 15, 2022",0.0,"Blayze Games, L.L.C.",0,0,False,0
1349890,The last earth man,"Sep 17, 2021",4.99,掘墓人ZERO,0,5,False,0
705780,Ancient Future,"Jan 26, 2018",4.99,Binary Fusion,0,6,False,0
397460,The Jackbox Party Pack 2,"Oct 13, 2015",24.99,"Jackbox Games, Inc.",0,1631,True,0
1509750,Cold Heart,"Feb 8, 2021",1.99,Guarunaut,0,18,True,0
672590,Azure Saga: Pathfinder,"Mar 13, 2018",12.99,MassHive Media,0,65,False,0
1131060,Dungeon of Eyden,"Mar 12, 2021",6.99,Andreas Klein,0,2,True,0
1066470,Dextram,"Nov 8, 2021",5.99,Lingon Studios,0,14,False,0
563150,interLOGIC,"Feb 7, 2017",1.99,phime studio LLC,0,35,True,0
1079200,Piko Piko,"Apr 27, 2022",14.99,Marquet,0,81,False,0
740740,CRUSH & SQUASH,"Nov 25, 2017",6.99,Northbrain,0,0,False,0
1751840,Too Many Humans Playtest,"Sep 22, 2021",0.0,Unknown,0,0,False,0
1195340,Hermes: Rescue Mission,"Nov 20, 2019",6.99,Platinum Games,0,19,False,0
1338220,Forsaken Portals,"Dec 1, 2021",18.99,Pottgames,0,13,True,0
998480,Gangsta Sniper 2: Revenge,"Feb 3, 2019",0.5,"Tero Lunkka,Gangsta Studios,StreetDog",0,16,False,0
846050,Silent Depth 3D Submarine Simulation,"Aug 20, 2018",9.99,Codeknitters,0,27,False,0
917690,VANILLA - GARDEN OF JUDGEMENT,"Oct 19, 2018",14.99,"CHARON,Kaoru Nekofuji",0,27,False,0
1599150,Warlike,"Jun 10, 2021",3.99,Peter Knak,0,21,True,0
228760,TrackMania² Canyon,"Feb 27, 2013",19.99,Nadeo,0,1389,False,0
615680,Vagrant Hearts Zero,"Apr 28, 2017",0.49,Warfare Studios,0,9,False,0
536040,Cards of Cthulhu,"Oct 11, 2016",0.49,Awoker Games,0,129,True,0
1771070,Midnight Scenes: The Nanny,"Oct 27, 2021",3.59,Octavi Navarro,0,88,False,0
1337710,Sanae Toumaden X,"Feb 26, 2021",13.99,Touhou neko mini,0,20,False,0
1432050,Nobody Saves the World,"Jan 18, 2022",18.74,DrinkBox Studios,0,2531,False,0
1844150,Panzer Girls,"Jun 4, 2022",0.99,Aged Immortals,0,1,False,0
1862240,Shajra Namla,"Feb 27, 2022",0.0,Game Changers,0,0,False,0
1496120,Phantast,"Dec 28, 2020",0.49,Shoho Games,0,0,False,0
798200,Tomb Exploration VR,"Mar 8, 2018",7.99,Epotech,0,5,False,0
975690,ELASH,"Dec 21, 2018",1.99,HIVOLVE,0,2,False,0
339280,Strife®,"May 22, 2015",0.0,S2 Games,0,3644,True,0
1305000,Kingdom Karnage,"Aug 1, 2020",0.0,Kepithor Studios,0,20,True,0
1856410,Logicubes Playtest,"Apr 1, 2022",0.0,Unknown,0,0,False,0
1740240,100 hidden cups,"Sep 15, 2021",0.99,"Anatoliy Loginovskikh,Igor Shalimov",0,55,False,0
1141180,Cocktail for Beauty,"Aug 30, 2019",0.99,vadimalexepta,0,0,False,0
1744400,Jujubos Puzzle,"Sep 16, 2021",2.99,Dininho,0,10,False,0
599750,Crisis in the Kremlin,"Mar 20, 2017",4.99,Kremlingames,0,1033,True,0
807070,Attack of the Gigant Zombie vs Unity chan,"Jul 20, 2018",1.35,Rusimitu,0,23,False,0
1740740,Rank: Warmaster Playtest,"Sep 8, 2021",0.0,Unknown,0,0,False,0
1146330,Virulent Addiction,"May 2, 2020",0.0,High Stone Games,0,3,False,0
1019820,Galaxicus,"Jun 28, 2019",29.99,Crimson Leaf LLC,0,2,True,0
790790,Impossible Runner,"Feb 13, 2018",0.0,Kwebbelkop,0,150,False,0
1275320,Be Coronavirus,"Apr 21, 2020",3.99,COVID-19,0,1,False,0
802490,Fabulous - Angela's Wedding Disaster,"Apr 30, 2018",12.99,GameHouse,0,42,False,0
678890,Airport Simulator 2019,"May 31, 2018",5.99,Kittehface,0,38,False,0
1280300,Steel Assault,"Sep 28, 2021",14.99,Zenovia Interactive,0,185,True,0
1459360,Brain Break,"Nov 18, 2020",3.99,KuKusFs Production,0,110,False,0
1266380,Super No Crying in Baseball,"Jul 22, 2020",5.99,Exploding Knees,0,4,False,0
1677570,Vacuum Pilot,"Oct 19, 2021",4.99,"VacuumDev,Jackerino",0,18,False,0
1680340,Succubus With Guns,"Oct 8, 2021",14.99,Satur Cat,0,35,False,0
1973150,Netspectre Playtest,"Apr 30, 2022",0.0,Unknown,0,0,False,0
953760,Gravity Spin,"Oct 11, 2018",6.99,ERMedia,0,0,True,0
805950,Isolated,"May 1, 2018",5.99,Jérémie Bertrand,0,1,False,0
1177950,Craft Elements,"Dec 19, 2019",2.99,PolincGames,0,0,False,0
1842480,NeuraGun,"Jan 21, 2022",5.99,CyberCry Creators,0,27,False,0
1728280,メイジズメイズ　PLAY　～淫魔の洞窟に挑む冒険者～,"Oct 6, 2021",15.99,んじゃ! リサイクル屋,0,0,False,0
1520680,Tetra Cube,"Mar 20, 2021",6.99,DDal,0,45,False,0
1661240,Bubble Shooter FX,"Sep 9, 2021",1.19,EntwicklerX,0,9,False,0
1724880,Animation Sketchpad,"Sep 1, 2021",19.99,Appy Monkeys Software Pvt. Ltd.,0,8,False,0
408520,FORM,"Jun 1, 2017",14.99,Charm Games,0,856,False,0
1428420,Nucleares,"Nov 10, 2020",9.99,Iván Marcelo Pretti,0,5,False,0
1814010,Stuck In Time,"Dec 9, 2021",7.99,Housemade Inc.,0,454,False,0
675810,Bang! Howdy,"Aug 5, 2017",0.0,Affliction Networks,0,77,True,0
1855500,Neko Doll,"Feb 4, 2022",1.99,Neko Game,0,51,False,0
535690,Crash Force®,"Jul 14, 2017",0.0,Ascanio Entertainment,0,93,False,0
665550,Death Runner,"May 15, 2018",0.99,Frederik Holst,0,4,False,0
500220,Weather Lord: Legendary Hero Collector's Edition,"Aug 4, 2016",1.49,Yustas Games Studio,0,12,False,0
1755570,Matching Cats,"Oct 11, 2021",1.39,Opala Project,0,22,False,0
2054150,Tower Defender: Hero Wars,"Jul 8, 2022",12.99,SUPLIFE PTE. LTD.,0,2,False,0
1494860,CLEARWORLD,"May 19, 2021",4.99,"TOEI ANIMATION CO., LTD.,Plus 81",0,16,False,0
576030,MHRD,"Jan 5, 2017",9.99,Funghisoft,0,316,True,0
391410,"Rock, the Tree Hugger","Jul 30, 2015",4.99,"Machineman1357,Phanom Games",0,3,False,0
1865130,Haha Doodle,"Jan 25, 2022",0.0,Cliff,0,0,False,0
1880490,Meet me at NooN,"Jun 20, 2022",9.99,Pandaroo Interactive,0,50,True,0
507520,Zzzz-Zzzz-Zzzz,"Jun 5, 2017",3.99,SaintHeiser,0,177,False,0
1664100,FIGHT BOTS,"Nov 24, 2021",2.99,GameDevMoot,0,4,False,0
629810,Galact Quest,"May 10, 2017",8.99,familyplay,0,8,False,0
1571000,Alphadia Genesis 2,"Jun 3, 2021",14.99,Exe Create Inc.,0,1,False,0
200490,Memento Mori,"Nov 9, 2012",12.99,Bohemia Interactive,0,109,False,0
711920,Detective Case and Clown Bot in: The Express Killer,"Jul 19, 2018",6.99,Nerd Monkeys,0,25,True,0
511630,"Max, an Autistic Journey","Aug 19, 2016",4.99,Professional Imagination,0,78,False,0
1233260,FAIRY TAIL,"Jul 29, 2020",59.99,"KOEI TECMO GAMES CO., LTD.",0,996,False,0
1470720,Misery Street,"Aug 6, 2021",5.99,Aleksandar Đuričić,0,3,False,0
1780570,Rakuten,"Dec 2, 2021",9.99,TheRealDan,0,2,False,0
208140,ENDLESS™ Space - Definitive Edition,"Jul 4, 2012",9.99,AMPLITUDE Studios,0,7201,False,0
1765810,Hidden Lands,"Oct 6, 2021",0.99,Hede Games,0,0,True,0
1988940,からぱりうぉーず,"May 26, 2022",0.0,"こおりみず,からふるぱーてぃ",0,0,False,0
1933570,IDF-ASD,"Mar 25, 2022",7.99,Initial Node,0,0,False,0
1874220,GO,"Feb 17, 2022",0.49,Wellington,0,0,False,0
463830,Izeriya,"Apr 28, 2016",0.99,LigaGamesStudio,0,6,False,0
313780,Conarium,"Jun 6, 2017",19.99,Stormling Studios,0,1446,True,0
876900,Climb,"Jun 20, 2018",0.0,A Sweet Studio,0,289,False,0
1002100,Negligee: Love Stories (all ages),"Feb 8, 2019",14.99,Dharker Studio,0,26,False,0
1725400,Mr. Sun's Hatbox Playtest,"Aug 14, 2021",0.0,Unknown,0,0,False,0
202990,Call of Duty®: Black Ops II,"Nov 12, 2012",19.79,Treyarch,0,27100,False,0
530010,Water Heroes: A Game for Change,"Mar 1, 2017",4.99,Classplash,0,4,False,0
604540,Empire of Sin,"Dec 1, 2020",39.99,Romero Games,0,2464,False,0
435120,Rusty Lake Hotel,"Jan 29, 2016",1.99,Rusty Lake,0,5622,False,0
1650890,One more game,"Jun 17, 2021",1.99,HY studio,0,9,False,0
534000,Fast Action Hero,"Oct 3, 2016",11.99,Sirius Sam,0,86,False,0
1166100,Danger Course VR,"Nov 11, 2019",11.99,Cesar G.,0,0,False,0
1296770,Her New Memory - Hentai Simulator,"Feb 8, 2022",9.99,Zodiacus Games,0,0,False,0
616240,Premium Pool Arena,"Apr 14, 2017",9.99,Iceflake Studios,0,57,True,0
592120,Glyphs Apprentice,"Mar 16, 2017",0.99,inSPIRE Games,0,10,False,0
613120,Tank Battle: East Front,"Mar 31, 2017",9.99,HexWar Games,0,18,False,0
6880,Just Cause,"Mar 15, 2007",6.99,Avalanche Studios,0,2789,False,0
867660,NYKRA,"Sep 27, 2021",19.99,ENDESGA,0,51,False,0
73230,Majesty Gold HD,"Sep 4, 2009",9.99,Cyberlore,0,0,False,0
1930380,Chico's Family-Friendly Circus,"Mar 26, 2022",0.99,LGV,0,2,True,0
1845030,Snakepit Larry,"Jan 1, 2022",3.99,Gene-Z Games,0,4,False,0
1878570,Immortal Mantis,"Apr 22, 2022",1.99,Bitlife,0,57,False,0
556770,Star Phoenix,"Nov 24, 2016",9.99,Blazar Games,0,9,False,0
1064260,SpaceEscapeVR,"Dec 21, 2021",11.99,VRA-Games,0,0,False,0
1505960,Kuguru,"Apr 15, 2021",5.99,Y-Square Games G.K.,0,2,False,0
541660,Disney Infinity 2.0: Gold Edition,"Dec 9, 2016",29.99,"Avalanche Software,Heavy Iron Studios",0,233,False,0
406410,Minigolf VR,"Mar 30, 2016",0.99,Virtualex,0,12,False,0
1518950,Despot's Game Playtest,"Aug 19, 2021",0.0,Unknown,0,0,False,0
1385740,SuperNatural Duels,"Aug 20, 2020",1.99,Luci Entertainment,0,5,False,0
940290,Trip Troupe,"Nov 5, 2018",0.0,Topstitch Games,0,7,False,0
1870280,ZPlague,"Jul 23, 2022",6.99,Avelar Studios,0,4,False,0
370020,Templar Battleforce,"Sep 21, 2015",9.99,Trese Brothers,0,818,True,0
1693080,Kings Gauntlet: Chess Revolution Playtest,"Jul 19, 2021",0.0,Unknown,0,0,False,0
1703010,Burning Brick Breaker,"Sep 13, 2021",0.99,David Bryant,0,1,False,0
431770,Rivalry,"Jan 22, 2016",2.99,Kew McParlane,0,241,True,0
1017600,Sophica - Temples Of Mystery,"Feb 4, 2019",2.99,Norse Designs,0,7,False,0
1986240,Maid PizzaHub,"May 20, 2022",0.79,Hunny Bunny Studio,0,34,False,0
1715500,Impossible Simplified Cube,"Aug 27, 2021",0.99,SLFL,0,1,False,0
1933890,Nightmare House,"Jun 20, 2022",2.99,恋上海风,0,23,False,0
1123300,Castle Woodwarf,"Oct 3, 2019",0.0,Domo Games,0,123,False,0
1485280,Demian: The Ritual,"Dec 17, 2020",0.99,Jinch,0,21,False,0
1485370,Futuclass Chemistry VR,"Jan 23, 2021",0.0,Futuclass,0,2,False,0
831740,Circles of hell,"Apr 14, 2018",9.99,Urban ghosts,0,7,False,0
1096430,HUNTER,"Jul 4, 2019",14.99,Choloco,0,0,False,0
1019370,Radioactive,"Mar 22, 2019",8.99,Cornutopia Software,0,1,False,0
1106790,Red Horizon,"Jul 18, 2019",0.99,Allen Games,0,8,False,0
1614620,The Chronicler,"Jun 2, 2021",6.99,Octavi Navarro,0,2,False,0
883870,霎时晴荫,"Nov 20, 2018",7.99,"晴,3acg",0,91,False,0
1305420,Agrou,"Jul 25, 2020",4.99,Osmose Studio,0,1971,False,0
1447830,battleMETAL,"Dec 23, 2020",14.99,battleMETALDevs,0,3,False,0
674570,Bear Football,"Jul 30, 2017",0.99,Hero Game,0,72,False,0
795110,IIN,"Mar 5, 2018",2.99,Epopeia Games,0,19,True,0
898250,PackageRun,"Aug 3, 2018",4.99,Pavel Black,0,1,False,0
1721690,Faircroft's Antiques: The Forbidden Crypt,"Nov 20, 2021",6.99,Boomzap Inc,0,6,False,0
1483130,Puzlkind Jigsaw Puzzles,"Mar 1, 2021",0.0,"Michael Ferrier,Sarah Jane Lapp",0,14,False,0
1315120,Field Hospital: Dr. Taylor's Story,"Nov 27, 2020",4.99,Gard Interactive,0,32,False,0
231910,Leisure Suit Larry in the Land of the Lounge Lizards: Reloaded,"Jun 27, 2013",0.0,nFusion Interactive,0,378,True,0
1206090,BORE DOME,"May 30, 2022",9.99,Goblin Rage,0,23,False,0
749650,Barrimean Jungle,"Nov 21, 2017",0.99,ONECOMPANY,0,0,False,0
1216720,Human Delusion,"Jan 24, 2020",1.99,JoaAM Productions,0,4,False,0
680240,Alien Life Lab,"Jul 21, 2022",4.49,Justin K. Touchstone,0,0,False,0
494600,EARTH'S DAWN,"Dec 7, 2016",14.99,"oneoreight,Team EARTHWARS",0,164,False,0
33770,Drakensang: The River of Time,"Feb 16, 2011",19.99,DTP,0,252,False,0
1336830,Touhou MONEY STOCKS SHOPS,"Aug 20, 2020",4.99,ikasumiyaki,0,13,False,0
216090,Go Home Dinosaurs!,"Mar 14, 2013",4.99,Fire Hose Games,0,428,False,0
1944940,Easter Eggstravaganza,"Apr 15, 2022",0.0,Lumpy Pudding Productions,0,0,False,0
1144100,Linea VR,"Oct 4, 2019",5.99,KHB-Soft,0,13,False,0
889720,Crypto Crisis,"Feb 20, 2019",0.0,Armoured Beans,0,19,True,0
250600,The Plan,"Feb 14, 2014",0.0,Krillbite Studio,0,20311,True,0
571430,Drone Hero,"May 14, 2018",9.99,Neuston AB,0,51,False,0
963180,Trash Rage,"Apr 26, 2019",6.99,Giant Lazer,0,1,False,0
1293920,3D Hentai Checkers,"May 15, 2020",1.99,Flying. Stone. Production,0,0,False,0
667840,Dungeon Builder S,"Jul 13, 2017",7.99,LIN KE HSI,0,7,False,0
1094080,Valley of Decay,"Jun 27, 2019",0.0,Mario Papadopoulos,0,70,False,0
962700,Chronicle of Innsmouth: Mountains of Madness,"Mar 23, 2021",19.99,PsychoDev,0,50,False,0
1638760,Monster Master,"Apr 8, 2022",13.99,Flatfish Games,0,6,False,0
434570,Blood and Bacon,"Feb 1, 2016",0.99,Big Corporation,0,27509,False,0
732810,Slipstream,"May 21, 2018",9.99,ansdor,0,1133,True,0
1793240,Destroy The Cubes 2,"Nov 18, 2021",0.99,Sprovieri Games,0,11,False,0
1462970,Jumpman,"Nov 19, 2020",1.99,"Epyx, Inc.",0,5,False,0
895580,Yoga Lesson VR,"Aug 1, 2018",19.99,Studio Thug Life,0,3,False,0
1217750,Beyond Enemy Lines - Remastered Edition,"Sep 23, 2021",19.99,"Enigma Entertainment,Polygon Art",0,2,False,0
1911560,Class Escape,"Mar 25, 2022",6.99,OneMac,0,34,False,0
522210,Serial Cleaner,"Jul 14, 2017",2.99,Draw Distance,0,2285,True,0
1572270,F.I.S.H.,"Mar 25, 2021",7.99,Tim Kashani,0,188,False,0
359550,Tom Clancy's Rainbow Six® Siege,"Dec 1, 2015",19.99,Ubisoft Montreal,0,929372,False,0
1451300,GridMath,"Nov 5, 2020",0.99,Holystep Games,0,3,False,0
1737640,Theory of Poltaran,"Jan 4, 2022",9.99,Stylua Games,0,2,False,0
1229730,Achievement Clicker,"Feb 11, 2020",0.99,Barlow Studio,0,22,True,0
385080,Guardians of Victoria,"Apr 29, 2016",1.99,Tall Story Studios,0,61,False,0
981160,Woman's body,"Dec 6, 2018",0.99,Softened Cookie,0,0,False,0
479200,Champions of Odin,"Aug 25, 2017",14.99,Hybris Studios,0,8,False,0
1664010,Dungeon Crawler Daniel,"Sep 10, 2021",9.99,Wolfs Moon Studios,0,12,False,0
1135150,Zoo Packs,"Jan 17, 2020",2.99,Sokpop Collective,0,5,False,0
19810,The Sum of All Fears,"Oct 10, 2008",9.99,Red Storm Entertainment,0,24,False,0
291430,Lost Marbles,"May 30, 2014",9.99,Binary Takeover,0,35,True,0
434750,Z-Exemplar,"Nov 25, 2016",2.99,Suminell Studios,0,43,True,0
1817610,Battle Heroine Crisis,"Dec 16, 2021",9.99,CM Studio,0,0,False,0
672320,The Last Sorcerer,"Sep 12, 2017",0.99,"Adam Radziszewski,Krzysztof Waszak",0,2,False,0
1044800,Global Fortune,"Jan 21, 2020",14.99,9th Floor Arcade,0,3,False,0
637920,Weather Lord,"Jun 8, 2017",0.74,"Yustas Game Studio,Alawar Entertainment",0,4,False,0
1474000,Age of ilcoin VR : Retribution,"Dec 7, 2020",0.0,"ILCOIN Development team,Focka Games",0,8,False,0
958650,Strange Encounter,"Nov 9, 2018",0.0,Rymentz,0,22,False,0
1891040,Memory Novel - Lesbian Romance,"Jan 29, 2022",0.59,DIG Publishing,0,0,False,0
702810,Shooty Skies,"Mar 6, 2018",0.0,Mighty Games,0,1251,True,0
1381460,Path of the Martyrs,"Aug 25, 2020",9.99,Kazuki Takamura,0,4,False,0
1530290,Nonestory P1,"Feb 15, 2021",1.99,anotherGD,0,2,False,0
495800,Flipside Studio,"Jun 25, 2020",0.0,Flipside XR,0,27,False,0
1834470,Horny Pixels,"Dec 29, 2021",11.99,PixelRound,0,0,False,0
817860,Perceptions of the Dead 2,"Jun 14, 2018",7.99,Ithaqua Labs,0,65,True,0
1193110,Love love demon ji-恋恋妖姬,"Nov 26, 2019",0.0,FlyBoyStudio,0,0,False,0
854810,Simple Sailing,"May 11, 2018",4.99,Racing Bros,0,3,True,0
1032080,Boxed Out,"Aug 8, 2019",0.99,Napat Saeung,0,1,False,0
1762410,NORR part II: Will Walker,"Oct 3, 2021",5.99,GWE games,0,2,False,0
1751480,Master-Servant Sex with the Beauty from the Orient ~Contract with a Semen-Sucking Demon~,"Oct 22, 2021",13.99,Appetite,0,0,False,0
425450,GoatPunks,"Nov 29, 2018",9.99,Alberto Santiago,0,20,True,0
673880,"Warhammer 40,000: Mechanicus","Nov 15, 2018",29.99,Bulwark Studios,0,9369,True,0
1071600,Jetlad,"May 30, 2019",2.99,KBS Games,0,0,False,0
1320240,zoku sonohigurashi vs touhou universe 2,"Jun 26, 2020",9.99,青春18金魚,0,7,False,0
1182080,梦幻糖果,"Apr 7, 2020",0.99,DOU studio,0,0,False,0
592720,Paulo's Wing,"Feb 23, 2017",6.99,Angry Array,0,5,False,0
993630,Data mining 4,"Dec 24, 2018",1.99,Blender Games,0,7,False,0
861000,Putinization,"Jun 9, 2018",0.99,Putin Team,0,9,False,0
1028490,Radical Rex,"Mar 7, 2019",6.99,Beam Software,0,11,False,0
746000,Haxor,"Apr 12, 2019",0.69,Climou,0,15,False,0
1892030,Dummynation,"Apr 15, 2022",9.59,Alejandro Hernández Ferrero,0,80,True,0
646200,Dead Effect 2 VR,"Oct 3, 2017",24.99,"BadFly Interactive, a.s.",0,924,False,0
782460,Tank Slam,"Nov 27, 2018",0.0,Go All Games,0,8,False,0
736810,The Raven Remastered,"Mar 13, 2018",19.99,KING Art,0,202,True,0
918870,Legend of Assassin: Egypt,"Sep 5, 2018",1.99,Nord GS,0,14,True,0
1159590,Lost In Dungeon,"Sep 30, 2019",0.99,BT Studios,0,0,False,0
1503750,Inglorious Aztecs,"Dec 10, 2021",4.99,Mats E.,0,6,False,0
1034270,Luxor Solitaire,"Mar 6, 2019",3.74,Lazy Turtle Games,0,14,False,0
444140,Sonicomi,"Jul 1, 2016",34.99,Nitroplus,0,466,False,0
899100,SUM,"Jul 28, 2018",13.99,WeVery,0,19,False,0
872330,Wizard Street,"Jun 12, 2018",0.99,wezor,0,1,False,0
1066420,Clodhoppers,"Apr 28, 2021",0.0,Claymatic Games,0,39,False,0
491070,Shout Of Survival,"Nov 29, 2017",4.99,Hako Games,0,3,False,0
465020,Sector Six,"Sep 7, 2018",9.0,Small Moons,0,208,True,0
344760,Reign Of Kings,"Dec 15, 2015",9.99,Code}{atch,0,8555,False,0
601020,"Seed Of The Arcane , Episode 1","May 11, 2017",12.99,Infosuccess3d,0,12,False,0
736390,Unforgiving Happiness,"Nov 14, 2017",0.99,Ezalbot,0,9,False,0
395560,Lost Horizon 2,"Oct 1, 2015",14.99,Animation Arts GmbH,0,87,False,0
1575310,Rotego,"Apr 1, 2021",0.0,Kaan Bukusoglu,0,0,False,0
1417840,跳跃练习生/Jump Man,"Oct 19, 2020",1.99,GG.Game,0,4,False,0
1022310,Warhammer Underworlds: Online,"Apr 21, 2020",9.99,Steel Sky Productions,0,911,False,0
970300,Re.poly,"Dec 12, 2019",9.99,Hinkfoot Studios,0,50,False,0
1700110,The Edge Of,"Oct 15, 2021",9.99,Hangover Cat Purrroduction,0,0,True,0
1814000,Knight Runaway,"Dec 21, 2021",9.99,ImperiumGame,0,0,False,0
1123090,Langton's Ant,"Aug 29, 2020",0.0,DawnTree,0,13,False,0
1007560,Fun VR Farm,"Jan 23, 2019",3.99,VR-EXODUS,0,3,False,0
801010,Unsolved Stories,"Mar 14, 2018",15.99,MadHoundGames,0,13,False,0
1279280,Welcome to the Adventurer Inn!,"Apr 2, 2021",19.99,peperoncino,0,57,False,0
1433990,NGU INDUSTRIES,"Apr 5, 2021",0.0,4G,0,1174,False,0
1710490,Slime Killer,"Aug 17, 2021",5.99,Hellicopr,0,6,False,0
1168800,Mulite Sword Man,"Nov 7, 2019",6.99,Storm Lee,0,17,False,0
1080930,The Incredible Adventures of Super Panda,"Jun 18, 2019",6.99,"Chaos Rift Entertainment, LLC",0,7,False,0
812850,Outline,"Mar 23, 2018",0.99,XiNFiNiTY Games,0,7,True,0
800180,Momoiro Closet,"May 7, 2018",29.99,Frontwing,0,49,False,0
1408450,1x! Space Adventure,"Sep 22, 2020",0.99,Lunar Madcap,0,4,False,0
1125130,Area 51,"Aug 8, 2019",0.99,Steedie,0,7,False,0
971430,From Beyond Prologue,"Dec 7, 2018",2.99,SuckerFree Games,0,81,True,0
360430,Mafia III: Definitive Edition,"May 19, 2020",29.99,"Hangar 13,Aspyr (Mac)",0,24121,False,0
1115630,Magnetic Daydream,"Jul 25, 2019",1.99,velkomin,0,3,False,0
1951040,Gangsta Hero,"Apr 17, 2022",9.99,HFun Studios,0,0,False,0
536490,Perfect Fit - Totemland,"Nov 10, 2016",3.99,Homiebear Studio,0,28,False,0
1650550,Workshop Simulator,"Mar 10, 2022",19.99,INTERMARUM,0,134,False,0
998220,The Dungeon of Lulu Farea,"Jan 7, 2019",12.99,Galaxy Wars,0,161,False,0
1685500,简单的跑酷(Simple parkour),"Jul 23, 2021",0.99,tree,0,2,False,0
325120,Notch - The Innocent LunA: Eclipsed SinnerS,"Jun 4, 2015",9.99,"Angels Blue Digital Entertainment,DigitalEZ",0,572,False,0
806970,Loader,"Apr 13, 2018",1.99,Errigar Games,0,26,False,0
419990,Ganbare! Super Strikers,"Jul 26, 2018",9.99,rese,0,53,True,0
1597670,Astralis,"Apr 28, 2021",2.99,Vizek,0,2,False,0
1380690,MP5,"Jul 18, 2022",3.59,One man in a boat,0,4,False,0
881500,Steamulator 2019,"Jan 30, 2019",0.99,Mutant Entertainment Studios,0,11,False,0
1054270,RASHLANDER,"Aug 6, 2019",3.99,Ryan Davis,0,43,False,0
361130,Card Dungeon,"Jun 2, 2015",5.99,Playtap Games,0,30,False,0
1600690,Keep It Live,"Apr 8, 2022",3.99,Team Monumental,0,4,False,0
1967840,Eshe's Wish Adventure,"May 9, 2022",1.99,NupSoft,0,4,False,0
949790,Rogue Bit,"Oct 10, 2018",4.99,Bigosaur,0,89,True,0
1686620,Fear Protocol: Shadow Paradigm,"Aug 6, 2021",0.0,"GZ Storm,Lazrool",0,0,False,0
747090,Deep Space: Unknown Universe,"Dec 1, 2017",2.99,Matouš Lörinc,0,4,False,0
591660,Final Rest,"Mar 20, 2017",0.0,Slipgate Studios,0,6,False,0
1371630,Incremental Adventures,"Aug 11, 2020",0.0,Gniller,0,490,True,0
464700,Maui,"Apr 26, 2016",0.0,Kokua Games,0,187,False,0
1371610,Apple Hopper,"Jun 17, 2021",0.99,FI Pixel,0,9,False,0
1908740,Poly Puzzle: Birds,"Mar 1, 2022",0.49,Cute Hannah's Games,0,3,False,0
548050,Runes,"Nov 24, 2016",0.99,Ede Tarsoly,0,27,True,0
1186940,Underneath,"Jan 5, 2020",3.99,NORSKA,0,9,False,0
429490,Resilience Wave Survival,"Dec 23, 2015",4.99,Jimbob Games,0,112,False,0
1377300,SEX Summer Seduction VR,"Oct 8, 2021",19.99,Debauchery Games,0,0,False,0
812610,Escape Architect VR,"Aug 19, 2019",12.99,Tunacorn Studios,0,7,False,0
1651780,Sophie's Safecracking Simulator,"Jun 16, 2021",2.99,Sophie Houlden,0,45,True,0
785880,OVERWHELM,"Jun 11, 2018",9.99,Ruari O'Sullivan,0,160,False,0
2450,Bloody Good Time,"Oct 29, 2010",4.99,Outerlight Ltd.,0,759,False,0
1251040,Aegis Descent,"Jul 8, 2022",19.99,Traega Entertainment,0,13,False,0
1926710,Jigsaw Novel - Double Trouble,"Mar 3, 2022",1.99,EroticGamesClub,0,0,False,0
318020,Act of Aggression - Reboot Edition,"Sep 2, 2015",29.99,Eugen Systems,0,1873,False,0
1015580,Jungle Z,"Mar 6, 2019",12.99,"Rising Win Tech. CO., LTD",0,6,False,0
930640,Code Brown,"Nov 9, 2018",4.99,CreaTeam,0,67,False,0
448170,Last Dream: World Unknown,"Jun 1, 2017",2.99,White Giant RPG Studios,0,52,True,0
1687780,THE ADVENTURES OF LWANDA MAGERE,"Sep 10, 2021",1.99,Bethuel K. Okelo,0,2,False,0
454610,Demon's Crystals,"Apr 21, 2016",2.99,Byte4Games,0,53,True,0
730290,Eat All The Things,"Nov 5, 2018",6.99,Eat All The Games,0,16,True,0
618470,Qbik,"Nov 17, 2017",0.54,Norbert Palacz,0,89,True,0
915460,ULTIMATE HARDBASS DEFENCE,"Apr 12, 2019",1.99,Magnolia Art,0,1892,False,0
816630,Monkey King: Master of the Clouds | 中華大仙,"Sep 14, 2018",4.99,Starfish-SD Inc.,0,10,False,0
641860,Trenches of War,"Jul 6, 2017",0.0,Vashta Entertainment,0,53,True,0
434310,imprint-X,"Jan 26, 2017",6.99,Morgondag,0,27,True,0
1866110,Anime Gas Station,"Feb 15, 2022",0.49,Hot Chill,0,5,False,0
707860,The Power Factory,"Sep 29, 2017",0.0,Mathias,0,2,True,0
261680,Journal,"Feb 17, 2014",9.99,Locked Door Puzzle,0,267,True,0
1036930,PC Fútbol Stars,"Nov 7, 2019",0.0,Rashin Game Studio,0,59,False,0
1769420,Noble Fates,"Dec 14, 2021",24.99,"Xobermon, LLC",0,735,False,0
1098980,ZomB,"Sep 17, 2019",4.99,Black Dragon Productions,0,2,False,0
16060,Samantha Swift and the Golden Touch,"Apr 29, 2009",9.99,MumboJumbo,0,33,False,0
1602980,Insight,"Oct 6, 2021",2.99,maou,0,48,False,0
594360,Sort 'Em,"Mar 1, 2017",2.99,PeanutButter VR,0,9,False,0
12130,Manhunt,"Jan 4, 2008",3.49,Rockstar North,0,2052,False,0
1536600,Digital Diamond Baseball V9,"Mar 24, 2021",9.99,Curiosity Computing,0,17,False,0
317300,Roommates,"Oct 15, 2014",24.99,Winter Wolves,0,161,True,0
975160,Ankh Guardian - Treasure of the Demon's Temple/ゴッド・オブ・ウォール 魔宮の秘宝,"Jul 17, 2019",7.99,"TOM CREATE CO.,LTD.",0,0,False,0
1043880,Hentai Clouds,"Aug 21, 2019",0.59,Pirotexnik,0,0,False,0
1922840,Slopecrashers Playtest,"Mar 21, 2022",0.0,Unknown,0,0,False,0
568570,Force of Nature,"Dec 13, 2016",7.99,A.Y.std,0,2932,False,0
290260,Sokobond,"Jul 21, 2014",9.99,"Alan Hazelden,Lee Shang Lun",0,470,False,0
603150,Defence to death,"May 11, 2017",5.99,Laush Dmitriy Sergeevich,0,90,False,0
355420,FLAMBERGE,"Mar 25, 2015",9.99,HYDEZEKE,0,102,False,0
1389180,The Perfect Shape,"Dec 18, 2020",5.99,Art of Imperfect Games,0,6,False,0
703310,Hidden & Dangerous: Action Pack,"Dec 20, 2017",5.99,Illusion Softworks,0,64,False,0
685400,Skelly Selest,"May 1, 2018",4.99,Anthony Case,0,236,False,0
1961770,Ball Go Home,"Jun 30, 2022",2.99,Mitchell Howard,0,0,False,0
550470,NosTale - Anime MMORPG,"Sep 18, 2017",0.0,"Entwell Co., Ltd.",0,1824,False,0
1942050,Alchemist,"May 6, 2022",1.99,Imagine,0,0,False,0
654090,High clear VR,"Jun 28, 2017",19.99,FiveStarGames,0,43,False,0
693320,Chinomikon,"Sep 1, 2017",0.99,dimosha_92,0,3,False,0
844040,RUSH,"Jul 13, 2018",4.99,The Binary Mill,0,160,False,0
244810,Foul Play,"Sep 18, 2013",14.99,Mediatonic,0,509,True,0
854330,Lost in Spice,"Jun 7, 2018",0.0,"Theo Tsapakos,Will Kane,Bryan Song,Jacob Ginsparg",0,6,False,0
848060,Story of a Gladiator,"Nov 27, 2019",4.39,Brain Seal Ltd,0,133,False,0
1454380,Confined VR,"Dec 15, 2020",4.99,Last Call Games,0,0,False,0
334960,Cell HD: emergence,"Feb 19, 2015",5.99,"New Life Interactive, LLC",0,6,False,0
250900,The Binding of Isaac: Rebirth,"Nov 4, 2014",14.99,"Nicalis, Inc.,Edmund McMillen",0,201024,True,0
413740,Mines of Mars,"Sep 10, 2018",6.99,Wickey Ware,0,28,False,0
1554080,The Stonks Market,"May 5, 2021",2.99,Vagabond Dog,0,25,False,0
1748890,猫不语,"Nov 18, 2021",6.99,库库尔坎游戏工作室,0,103,False,0
1020640,R.I.C.A,"Feb 15, 2019",0.0,Seldom Ludious,0,185,False,0
1350820,コモラ・リアルワールドエスケープ,"Jul 3, 2020",0.0,うさうさらびっと,0,10,False,0
1056080,Epic Adventures: Cursed Onboard,"Apr 11, 2019",4.99,Urchin Games,0,10,False,0
447960,XCavalypse,"Jun 6, 2016",5.99,davevillz,0,28,True,0
836790,Dr. Pills,"Apr 17, 2018",1.99,Bullid Games,0,19,True,0
1886600,Trapped in the Forest,"Feb 11, 2022",8.99,Ammonite Design Studios Ltd,0,0,False,0
1361540,Hentai Monster Quiz 2,"Jul 20, 2020",0.99,Cyber Keks,0,0,False,0
884460,Beyond Tokyo,"Jul 30, 2018",4.99,The Soap Collective,0,2,False,0
1760240,Skator Gator,"Jan 17, 2022",2.99,Weathered Sweater,0,37,False,0
740470,Echoed World,"Dec 4, 2017",0.0,Team DOTS,0,426,False,0
1154650,GSpot Master,"Oct 23, 2019",2.99,Peach Beach,0,0,False,0
1240730,Dark Room,"Jul 15, 2020",2.99,Lexip Games,0,15,False,0
370510,Marble Mayhem: Fragile Ball,"Jul 7, 2015",1.99,"Bimboosoft Co.,Ltd.",0,701,False,0
1211990,The Clockworker,"Dec 3, 2021",1.99,"Ixeria,MadBee",0,34,False,0
1166600,The Fog Knows Your Name,"Oct 24, 2019",5.99,Choice of Games,0,50,True,0
314450,Star Saviors,"May 6, 2016",1.99,Sharpened Edge Studios,0,1378,False,0
1174450,"The Bad, The Worse & Djanky","Jul 7, 2021",0.0,Alexander MacLeod,0,7,False,0
685450,Cobos,"Oct 17, 2017",0.0,Anton Shatalov,0,6,False,0
534430,Arcade Artist,"Oct 19, 2016",8.99,Groove Jones LLC,0,4,False,0
1011390,Field of Glory: Empires,"Jul 11, 2019",39.99,Ageod,0,590,False,0
1907170,Adventure in My Head,"Mar 10, 2022",0.0,mishada,0,0,False,0
652060,Curse of the Great Forest,"Jun 24, 2017",0.0,Cool Breeze Games,0,2,False,0
751200,Puzzle Tactics,"Dec 1, 2017",0.99,Robert Alvarez,0,21,False,0
308270,Buzz Aldrin's Space Program Manager,"Oct 31, 2014",29.99,Polar Motion,0,348,False,0
1568310,Penguin Climbing,"Mar 26, 2021",0.99,Laush Dmitriy Sergeevich,0,22,False,0
32430,STAR WARS™ - The Force Unleashed™ Ultimate Sith Edition,"Dec 15, 2009",19.99,LucasArts,0,5845,False,0
1246120,NeonFlight,"Feb 26, 2020",0.99,Lasse Eversmeier,0,3,False,0
391120,The Archetype,"Sep 16, 2015",4.99,"Rafael Barreto,MacKenzie Kaser",0,24,False,0
737730,TrES-2b,"Nov 22, 2017",0.99,BeagleGames,0,5,False,0
1355410,Five Steps From Hell,"Jul 9, 2020",0.99,MadeAtNight,0,5,False,0
249330,Unholy Heights,"Oct 4, 2013",3.99,Petit Depotto,0,1296,False,0
1621760,Decision: Red Daze,"May 19, 2022",19.99,FlyAnvil,0,179,False,0
514900,>observer_,"Aug 15, 2017",0.0,Bloober Team SA,0,4466,True,0
1731240,OnlyFuck 2: Scarlett,"Feb 10, 2022",9.99,NSFW18 Games,0,0,False,0
303510,Dungeons: The Eye of Draconus,"Aug 11, 2014",2.99,SuckerFree Games,0,89,False,0
948220,ColorTool,"Nov 6, 2018",15.99,Manuel Riecke,0,20,True,0
586950,The Wizards - Enhanced Edition,"Mar 8, 2018",9.99,Carbon Studio,0,376,False,0
893590,Monopolist: Technological Revolution,"Jul 26, 2018",1.99,UA Games,0,4,False,0
1051310,Paper Dolls: Original / 纸人,"Apr 19, 2019",8.49,"Beijing Litchi Culture Media Co., Ltd.",0,2987,False,0
900330,King-Dom,"Jul 30, 2018",2.99,maddma,0,0,False,0
1631410,Endless Crawler,"Jun 6, 2021",2.99,Reforged Group,0,2,False,0
1573420,Photo-Life - Rina's Journey,"Jul 30, 2021",2.99,NSFW18 Games,0,0,False,0
822610,Patternis,"Aug 30, 2018",0.0,Oddscure,0,1,False,0
1376730,Vacation: dayOFF,"Sep 23, 2020",0.0,turninGear,0,14,False,0
1104480,Soccer Kid,"Jul 9, 2019",2.44,Krysalis Software,0,3,False,0
317850,Company of Heroes 2 - Ardennes Assault,"Nov 17, 2014",19.99,"Relic Entertainment,Feral Interactive (Mac),Feral Interactive (Linux)",0,512,True,0
1311070,Greak: Memories of Azur,"Aug 17, 2021",19.99,Navegante Entertainment,0,608,False,0
550930,Rocket Craze 3D,"Nov 18, 2016",4.99,Rixment,0,8,False,0
374640,March of Industry: Very Capitalist Factory Simulator Entertainments,"Oct 7, 2015",9.99,Archive Entertainment,0,24,False,0
1473200,AZURE DOMAIN™ Playtest,"Nov 18, 2020",0.0,Unknown,0,0,False,0
1636250,Toaster Defense,"May 23, 2022",9.99,Wooshido,0,12,False,0
1801650,Lost: Find,"Dec 3, 2021",3.99,DSGame,0,1382,False,0
973390,Empires:The Rise,"Jan 15, 2019",0.0,阿龟与阿飞,0,36,False,0
1017610,Butterfly,"Feb 21, 2019",4.99,grin robot,0,24,False,0
589760,Revhead,"Mar 9, 2017",19.99,Creative Pudding Hungary Llc.,0,417,True,0
1260810,Touhou Blooming Chaos 2,"Jun 24, 2021",5.99,"二色幽紫蝶,re零同人社",0,2011,False,0
976120,WARPZONE DRIFTER,"Nov 19, 2018",0.49,Walter Machado,0,74,False,0
573550,GoalkeepVr,"Jan 6, 2017",3.99,DigitalBadger Design,0,19,False,0
601220,Zup! F,"Dec 11, 2019",0.99,Quiet River,0,7346,False,0
1706770,Mazing,"Nov 30, 2021",0.0,Frederik Holst,0,0,False,0
1243960,Unspottable,"Oct 22, 2020",9.99,GrosChevaux,0,259,True,0
1033450,Treasure chest Corps-結界を維持するため、魔物を退治した,"May 31, 2019",17.99,WhitePeach,0,145,False,0
2064250,MocapForStreamer,"Jul 8, 2022",74.99,Akiya Research Institute,0,0,False,0
850740,The Princess Adventure,"Nov 8, 2018",5.99,FalconDev,0,4,True,0
903040,The Castles of Burgundy,"Feb 27, 2019",14.99,DIGIDICED,0,113,True,0
1167100,Metal Mind,"Apr 25, 2022",17.99,Whirllaxy Studio,0,0,False,0
1559760,Island Diary,"Jul 2, 2021",16.99,watakubi,0,55,False,0
930840,东方百问~TouHouAsked,"Oct 7, 2018",0.99,Root Nine Studio,0,29,False,0
257650,Mosaico,"Nov 26, 2013",19.99,Soulid Studio,0,29,False,0
1343920,Mighty Fling,"Jul 20, 2020",9.99,Hollow Art Studios,0,46,False,0
1819200,BITGUN Playtest,"Nov 15, 2021",0.0,Unknown,0,0,False,0
363150,Romance of the Three Kingdoms XIII,"Jan 27, 2016",59.99,"KOEI TECMO GAMES CO., LTD.",0,3464,False,0
1438700,Silicon Valley Investor,"Nov 18, 2020",2.99,Revolver Nine,0,13,False,0
521140,King Machine,"Nov 2, 2016",14.99,FastRam Design,0,1,False,0
1747500,Crom: Journey of Conquest,"Sep 26, 2021",14.99,Martijn van Leeuwen,0,0,False,0
569570,Light Apprentice - The Comic Book RPG,"Nov 10, 2017",9.99,Amazu Media,0,47,False,0
975150,Resolutiion,"May 28, 2020",19.99,Monolith of Minds,0,83,True,0
1669870,大亨传奇,"Jul 25, 2021",0.0,ZZGame,0,0,False,0
1278000,HistoryMaker VR,"Aug 12, 2020",0.0,Schell Games,0,3,False,0
732390,Grandpa and the Zombies,"Nov 22, 2017",0.0,The Web Production,0,3,False,0
670280,In Dungeon,"May 21, 2018",0.0,Balder Game Studio,0,15,True,0
1082480,Buzz Kill Zero,"Nov 15, 2019",9.99,Kaleb Parham,0,1,False,0
1211020,Wobbly Life,"Jul 8, 2020",13.99,RubberBandGames,0,7579,False,0
1307580,TOEM,"Sep 17, 2021",19.99,Something We Made,0,1125,False,0
1561750,Mission in Snowdriftland - Snowlogue,"May 6, 2021",0.0,tons of bits,0,201,False,0
1218210,Coromon,"Mar 31, 2022",19.99,TRAGsoft,0,1870,False,0
724510,The Quiet Sleep,"Jan 30, 2018",4.99,Why Not Games,0,17,True,0
1615490,Undead Eatery Playtest,"May 2, 2021",0.0,Unknown,0,0,False,0
400370,Normality,"Oct 9, 2015",2.99,Gremlin Interactive,0,244,False,0
342130,Hashtag Dungeon,"Jun 1, 2016",0.0,Hitpoint Games Ltd.,0,20,False,0
1048890,Paper Fire Rookie Arcade,"Apr 1, 2019",6.99,Ultimerse,0,0,False,0
1461540,Corridor: Amount of Fear,"Nov 24, 2020",3.99,Unreal Quality Games,0,38,True,0
1670010,Inverse Evolver,"Dec 15, 2021",6.99,Ongmaker,0,26,False,0
839090,Galaxy Ball Defender,"Apr 25, 2018",1.99,That One Game Studio,0,6,False,0
1128960,最后的巫后：众王纷争的年代 Witch Queen,"Mar 24, 2022",8.99,安格法,0,37,False,0
990920,Sea of Craft,"Apr 28, 2022",14.99,Wizard Games,0,318,False,0
285190,"Warhammer 40,000: Dawn of War III","Apr 27, 2017",39.99,"Relic Entertainment,Feral Interactive (Mac),Feral Interactive (Linux)",0,9440,True,0
598060,Slasher's Keep,"Nov 19, 2020",13.99,Damian Schloter,0,1523,False,0
1461600,Project Sparrow,"Mar 11, 2022",12.99,Dids,0,965,False,0
1451540,Blade Flash Death,"May 3, 2021",0.0,Silver Dollar Games,0,0,False,0
1333470,Alex Kidd in Miracle World DX,"Jun 22, 2021",19.99,"Merge Games,Jankenteam",0,365,False,0
1476140,Night Stalkers,"Oct 1, 2021",2.99,FreelancerStudios,0,1,False,0
1049310,Backpack Twins,"Aug 16, 2019",9.99,Walky,0,8,False,0
1348880,Restricted Area,"Jul 1, 2020",0.99,JunyJell,0,2,False,0
1375740,Surviv.io - 2D Battle Royale,"Sep 24, 2020",0.0,"Kongregate, Inc.",0,1719,False,0
1860150,Operation8 Project,"Jun 16, 2022",0.0,Benzitczo Studio,0,0,False,0
1709590,HoneyHoneyHoney!,"Aug 22, 2021",29.99,Ouchi Jikan,0,0,False,0
1889000,To Make a Game,"Feb 12, 2022",0.99,TheBluePenguin,0,39,True,0
667310,Animal Herding,"Aug 1, 2017",1.99,Pixl Pile,0,6,False,0
509920,Doc Apocalypse,"Dec 22, 2017",0.99,Midian Design,0,10,False,0
1373440,Picross for a Cause,"Sep 6, 2020",0.0,Porter Zach,0,11,False,0
1091250,Total Party Kill,"Jul 3, 2019",4.99,Adventure Islands,0,120,False,0
1482320,琉隐,"Dec 30, 2021",8.99,kingna studio,0,68,False,0
398980,Without Within 2,"Nov 9, 2015",4.99,InvertMouse,0,201,True,0
879270,'1st Core: The Zombie Killing Cyborg',"Jun 30, 2018",0.99,Jesper Skjærbæk,0,11,False,0
1056490,The World is Your Weapon,"Jun 27, 2019",9.99,kagaya,0,495,False,0
886600,BrutalAliens,"Aug 21, 2018",0.99,Voronoi Games,0,5,False,0
11550,Second Sight,"Apr 8, 2021",9.99,Free Radical Design,0,111,False,0
1370800,Baalbek Reborn: Temples,"Mar 30, 2021",0.0,Flyover Zone,0,31,False,0
791390,Mr Dirt Poor 吃土计划,"Feb 6, 2020",1.99,Lcc,0,5,False,0
1807940,Mortals and Monsters: Blood Orc,"Feb 6, 2022",0.0,Adam Giles,0,9,False,0
492370,Affairs of the Court: Choice of Romance,"Jun 23, 2016",5.99,Choice of Games,0,52,True,0
1845120,Catsploration Playtest,"Dec 16, 2021",0.0,Unknown,0,0,False,0
1208850,Kanojo x Switch,"Dec 29, 2019",0.99,Rectangular Circle,0,0,False,0
1770360,Desert Magic Adventures,"Oct 12, 2021",1.09,wow wow Games,0,2,False,0
318560,Unlimited Escape 2,"Apr 22, 2015",4.99,Carlo D'Apostoli Projects,0,1,False,0
872130,DEEP SPACE WAIFU: WORLD,"Apr 24, 2019",3.99,Neko Climax Studios,0,0,False,0
870260,Forward Line,"Jul 9, 2018",6.99,Dreamreason,0,12,False,0
1732250,Oldowan Playtest,"Feb 9, 2022",0.0,Unknown,0,0,False,0
313960,Exodus,"Jul 11, 2014",0.99,Galhmac Game Studio,0,14,False,0
348540,Divine Slice of Life,"Oct 22, 2015",12.99,Dharker Studio,0,194,False,0
838190,Hidden Protector : ROADTRIP (Preface),"Sep 14, 2020",0.0,June Studio,0,19,False,0
1451420,Construction Playground,"Dec 8, 2020",7.99,Sunlight Games,0,1,False,0
421020,DiRT 4,"Jun 8, 2017",14.99,"Codemasters,Feral Interactive (Mac),Feral Interactive (Linux)",0,11931,True,0
1151880,Those Chosen By God,"Sep 26, 2019",0.0,InOurEyes,0,6,False,0
658830,Artificer: Science of Magic,"Sep 10, 2020",9.99,Psilocybe Games,0,49,False,0
977980,Paintball Chibis,"Dec 27, 2018",4.99,Raed Abbas,0,1,False,0
1704620,Harrier Jump Jet,Jan 2022,6.99,MIcroprose,0,1,False,0
1729840,Core Alpha,"Sep 28, 2021",3.99,Legion Infinity Interactive,0,4,False,0
251590,Soul Saga,"Feb 28, 2020",14.99,Disastercake,0,14,True,0
1130440,10 Second Shuriken,"Apr 29, 2020",5.99,BajoGames,0,1,True,0
1128280,IGOR MAKS The Meme Lord,"Apr 10, 2020",0.99,SЁLO,0,7,False,0
737710,Melody of Iris-虹色旋律-(Full Color ver.),"Jun 15, 2018",29.99,Gloria Works,0,103,False,0
1833890,Fish Story: Gourmet Puzzle,"Dec 22, 2021",0.99,Five Percents,0,18,True,0
1247940,Greyhat - A Digital Detective Adventure,"Aug 31, 2020",9.99,Limited Games,0,127,False,0
471810,Death Squared,"Mar 13, 2017",14.99,SMG Studio,0,414,False,0
961640,The Tower of Five Hearts,"Nov 14, 2018",14.99,TsukiWare,100,16,True,100
1676330,Cyber Girl 1.0: Booting,"Jul 2, 2021",9.99,PsychoGameFan,0,0,False,0
893610,Skautfold: Into the Fray,"Dec 5, 2018",4.99,Steve Gal,0,66,False,0
1433570,Car Detailing Simulator,"Apr 13, 2022",15.99,"Games Incubator,GameFormatic S.A.",0,309,False,0
1219110,Friend Sighting,"Feb 27, 2020",0.0,"Gungus, Wungus, & Jimmy",0,11,False,0
1563070,Outside The Box,"Mar 28, 2022",9.99,The Poundry,0,0,False,0
575990,Knot,"Feb 8, 2017",5.99,Warlock Arts,0,16,False,0
1873130,Blown Away,"Jan 24, 2022",0.0,Studio Wokkel,0,0,False,0
1286140,Dingletopia: Nation Under Siege (by Orcs),"Jul 15, 2020",0.0,"GZ Storm,Lazrool",0,139,False,0
1316290,We Die,"May 27, 2020",2.99,Shades-On Studio,0,8,False,0
1633550,Dark Harvest,"Jun 11, 2021",4.99,Kitungo Studios,0,2,False,0
553130,Into The Unknown,"Nov 9, 2016",0.0,FYRE Games,0,61,False,0
1913360,Frog Fall Down,"Mar 8, 2022",0.99,Joshua Curtis,0,8,False,0
625370,A SECOND BEFORE US,"May 10, 2017",3.99,DimleTeam,0,56,False,0
1113310,Post Soviet Zombies,"Jul 26, 2019",4.99,Ascension Studio,0,70,False,0
1039370,Draw With Unknown,"Apr 18, 2019",0.99,RewindApp,0,75,False,0
444200,World of Tanks Blitz,"Nov 9, 2016",0.0,Wargaming Group Limited,0,92679,False,0
1508030,Object N,"Jan 13, 2021",0.0,KleskBY,0,556,True,0
1683200,Dark Witch Music Episode: Rudymical,"Nov 5, 2021",7.99,"INSIDE SYSTEM,ESQUADRA,inc.",0,12,False,0
459940,Deer Man,"Apr 15, 2016",0.99,"Red Mount Media,Antarsoft",0,228,False,0
337940,X-note,"Jan 16, 2015",14.99,Zeiva Inc,0,124,False,0
1197580,Nekoview,"Sep 16, 2020",0.0,021Workshop,0,87,False,0
1507970,Word Game: Episode 0,"Jan 14, 2021",0.0,Team9,0,4061,False,0
2012530,Hot Hentai,"Jul 8, 2022",0.99,LTZinc,0,0,False,0
1542280,明星志願2,"Mar 30, 2022",7.99,SOFTSTAR ENTERTAINMENT,0,176,False,0
1008450,Maze Quest 2: The Desert,"Jul 1, 2019",0.99,Sylvestrina,0,1,False,0
35700,Trine Enchanted Edition,"Jul 2, 2009",3.74,Frozenbyte,0,12978,True,0
722590,Audio Factory,"Nov 5, 2017",0.0,Google,0,47,False,0
1141360,Dungeon Dreams (Female Protagonist),"Dec 24, 2019",11.99,DDreams Games,0,34,False,0
1531230,Match Puzzle,"Feb 20, 2021",9.99,Xu Xingqian,0,1,False,0
290060,Glitchspace,"May 5, 2016",0.0,Space Budgie,0,251,True,0
1663970,The Play's the Thing,"Aug 26, 2021",4.99,Choice of Games,0,9,True,0
352760,Kaiju Panic,"Oct 9, 2015",9.99,Mechabit Ltd,0,23,False,0
1180840,SoulfulLand,"Jan 17, 2020",5.99,Rusimitu,0,1,False,0
1978920,Bean Story,"May 26, 2022",0.99,Karubeften,0,5,False,0
899310,Iron Danger,"Mar 25, 2020",2.99,Action Squad Studios,0,587,False,0
420300,The Admin,"Nov 1, 2016",1.99,Willpowaproject,0,10,False,0
1736850,Camp Palut,"Jun 15, 2022",14.99,Bearly Playing Games,0,8,True,0
396030,InCell VR,"Sep 3, 2015",0.0,Luden.io,0,177,True,0
325260,PANZER BALL,"Aug 15, 2020",4.99,Oz,0,1101,False,0
817970,High Noom VR,"Mar 20, 2018",3.99,HONEYDEW VR,0,0,False,0
610310,Star Story: The Horizon Escape,"Sep 5, 2017",14.99,EvilCoGames,0,149,False,0
790030,Hexer,"Mar 1, 2021",0.99,Dave,0,1,False,0
1834920,Countryball: Europe 1890,"Mar 21, 2022",3.99,SHN Games,0,50,False,0
1261820,Kernmantle,"Oct 4, 2020",11.99,North of Earth,0,5,False,0
1311640,Swarm,"Jun 12, 2020",0.0,OKYO GAMES,0,220,False,0
1992980,Pentomino,"May 31, 2022",3.99,zeroSpace,0,4,False,0
1081760,BAFF,"May 20, 2019",1.99,Blender Games,0,16,False,0
1384420,Android,"Aug 5, 2021",4.99,jmApp,0,0,False,0
1672440,ヘブンズブレイザーオンライン,"Jul 11, 2021",0.0,ピースドラゴン,0,0,False,0
1828040,Dream/strung - Blossoming Love,"Feb 12, 2022",14.99,ABC,0,0,False,0
1009290,SWORD ART ONLINE Alicization Lycoris,"Jul 9, 2020",59.99,"AQURIA Co., Ltd.",0,3571,False,0
1190750,GameAssistant: The Tool For Every Gamer,"Mar 2, 2020",0.0,GameAssistant Team,0,7,False,0
1062660,Ortolan,"Nov 26, 2019",1.99,"Dano Sato,DAMSAN,Yamato Tamashi",0,4,False,0
730170,Rocketboarder,"Jun 20, 2019",3.99,RealityRig,0,1,False,0
964650,Invasion Machine,"Feb 26, 2020",18.99,Pixel Machine,0,345,False,0
883670,V.T.,"Dec 17, 2018",4.99,Revmatek,0,29,False,0
1859630,Jean and Josie,"Jun 2, 2022",9.99,Dnovel,0,11,False,0
473470,Purgatory,"Jun 22, 2016",1.99,Eduard Mirica,0,141,True,0
444170,Unhack 2,"Jan 12, 2017",5.99,InvertMouse,0,70,True,0
414920,Corgi Warlock,"Dec 3, 2015",0.49,Xander's Corgi Arcade,0,263,False,0
1248710,ENEFN,"Jul 23, 2020",2.99,Theago Liddell,0,7,False,0
800550,DarkDIRE: The Advanced Set,"Dec 11, 2018",3.99,CounterParry,0,11,True,0
871390,Rock n' Rush: Battle Racing,"Sep 5, 2019",0.99,WSM Game Studio,0,10,False,0
334030,Epic Arena,"May 5, 2015",0.0,Shadow Masters,0,191,False,0
682290,Zeus' Battlegrounds,"Sep 28, 2018",0.0,Industry Games,0,515,False,0
922460,Cheeky Chooks,"Oct 31, 2018",0.0,Trilum Studios,0,2131,False,0
328650,Knight of the Hamsters,"Apr 15, 2015",0.99,Johnny Death Games,0,10,False,0
837110,Chronicles of Mystery - Secret of the Lost Kingdom,"Jul 13, 2018",4.99,City Interactive S.A.,0,6,False,0
950370,Tactics & Strategy Master 2:Princess of Holy Light（圣光战姬）,"Apr 10, 2019",3.19,Gemini Stars Games,0,97,False,0
1740080,Level Up Simulator,"Mar 18, 2022",1.99,Ashley H.,0,5,False,0
1006800,汉末求生  Survival in Three kingdoms,"Mar 27, 2019",9.99,成都数艺互动科技有限公司,0,40,False,0
786590,Karloman and His Iced Muffins,"Dec 31, 2018",2.99,Hayo van Reek,0,3,False,0
1251520,Mystic Escape - Diary of a Prisoner,"Mar 19, 2020",9.99,SunRay Games,0,7,True,0
1412470,GranAge,"Dec 29, 2020",0.0,PICTOLOGI,0,328,False,0
1865210,69 Lily Hot,"Feb 7, 2022",7.99,Loolust,0,0,True,0
1329250,Refrigerant Recovery Simulation,"Feb 24, 2021",0.0,SilverSun Pictures,0,8,False,0
1545820,Pixel Art Coloring Book,"Apr 12, 2021",0.0,Peaksel,0,0,False,0
1794210,University stories,"Jul 21, 2022",4.49,Girsday,0,0,False,0
679120,DEEP SPACE ANOMALY,"Jun 24, 2019",2.99,DRM GMZ,0,84,False,0
856210,bit Dungeon III,"May 3, 2019",9.99,Kinto Games LLC,0,129,False,0
760000,AWAKEN：Gunpowder Adventurer Day.Dream,"Apr 27, 2018",9.99,Wheeler Studio,0,13,False,0
1286730,Epicinium,"Oct 12, 2020",0.0,A Bunch of Hacks,0,225,True,0
820630,Metal Wolf Chaos XD,"Aug 6, 2019",24.99,"General Arcade,FromSoftware, Inc",0,476,False,0
326150,Death Skid Marks,"Nov 20, 2014",9.99,Studio Whisky Tango Inc.,0,582,False,0
1351220,Escape Room VR: Inner Voices,"Jul 10, 2020",3.99,"PunkPirates,Don't Bite Devs",0,4,False,0
1702880,LinearShooter Remixed,"Dec 14, 2021",2.99,Annulus Games,0,11,False,0
1625230,NOeSIS Ⅱ-人间无常（先行版）,"Jun 4, 2021",2.99,Red × Balloon,0,83,False,0
491420,the 9th day:第九日,"Feb 16, 2017",8.99,Lingtan Studio,0,290,False,0
601180,Doug and Lily,"Mar 1, 2017",0.99,the_dobrokot,0,24,False,0
1261880,Education,"Apr 23, 2020",1.39,Tonguç Bodur,0,58,False,0
1153830,Indecent Desires,"Jul 13, 2022",14.99,Vilelab,0,0,True,0
551960,DatavizVR Demo,"Dec 5, 2016",0.0,DatavizVR Inc.,0,10,False,0
1685660,Protect Eggs,"Aug 3, 2021",0.99,RestfulSense,0,0,False,0
802720,Give Me Your Coins,"Nov 28, 2018",1.99,Steppe Hare Studio,0,18,False,0
1736430,Mage Tower: Call of Zadeus Playtest,"Apr 2, 2022",0.0,Unknown,0,0,False,0
1146590,Ultima Defesa,"Sep 13, 2019",4.99,Datyus Cassio,0,0,False,0
731560,Boinks,"Nov 27, 2017",0.99,Unknown,0,0,False,0
1130710,Bookbound Brigade,"Jan 30, 2020",19.99,Digital Tales USA LLC,0,26,False,0
372830,Fitz the Fox,"Aug 6, 2015",3.99,Bread Vision Studios LLC.,0,100,False,0
1023390,People,"Mar 7, 2020",4.99,Revmatek,0,9,False,0
708450,Pembrey,"Feb 19, 2018",3.99,CrackedGhostGames,0,31,True,0
1128660,Roots Of The Woods,"Sep 22, 2019",10.99,PlumBear Games,0,13,False,0
878240,Adva-lines,"Jul 27, 2018",6.99,Mindfog games,0,11,False,0
1261570,Motion Of The Heart,"Apr 2, 2020",0.99,"Mint Tea,Stakhanov G Inc.",0,32,False,0
1549970,Aliens: Fireteam Elite,"Aug 23, 2021",39.99,Cold Iron Studios,0,11919,False,0
1980690,Cryptid Kitchen Playtest,"May 23, 2022",0.0,Unknown,0,0,False,0
1755100,The Last Clockwinder,"Jun 2, 2022",24.99,Pontoco,0,187,False,0
434230,Fairies vs. Darklings: Arcane Edition,"Feb 29, 2016",2.99,Interama - Interactive Technology,0,17,True,0
1286770,Internet Court,"Apr 6, 2021",6.99,"Oh, a Rock! Studios",0,20,True,0
1197320,A Long Stroll,"Dec 9, 2019",0.0,Nanasi Project,0,13,False,0
717050,Thirdmage,"Apr 30, 2018",0.0,Aristotelis Giannakopoulos,0,17,False,0
725430,Gates of Avalon,"Jul 27, 2018",2.99,Area64 Productions,0,2,False,0
1675180,Steam Deck Deposit,"Jun 21, 2021",5.0,Unknown,0,0,True,0
1422150,PP Puncher,"Oct 7, 2020",0.0,brennfeu,0,24,True,0
545690,VOI,"Nov 7, 2016",0.99,Yunus Ayyildiz,0,662,False,0
1164690,Wigmund,"Mar 28, 2022",14.99,The Scholastics,0,58,False,0
461410,Protonwar,"Mar 15, 2018",0.0,Outer Planet Studios,0,75,False,0
511540,MoonQuest,"Feb 25, 2020",19.99,Wizard Mode,0,78,False,0
965070,EduNumbers,"Nov 11, 2018",14.99,Olga Karpushin,0,2,False,0
1656600,Fluffy Cubed,"Jun 18, 2021",0.99,Naoka Games,0,73,False,0
1186290,Ballance: The Return,"Dec 16, 2019",2.99,"Happy Happy Technology Chengdu Co., Ltd.",0,17,False,0
592240,Jupiteration,"Mar 10, 2017",1.49,Bartoš Studio,0,19,False,0
216670,Great Big War Game,"Aug 28, 2012",6.99,Rubicon Development,0,52,False,0
1159020,Your Anime Waifu,"Oct 29, 2019",0.99,Your Waifu Factory,0,0,False,0
1353130,Hoplichess,"Jul 8, 2020",2.99,Warshark Games,0,0,False,0
1921570,GrumpyTunez,"May 18, 2022",7.99,Cranky Wizard Studios LLC,0,2,False,0
770350,PIXEL DRIFT,"Feb 4, 2018",0.99,azimuth team,0,36,False,0
370780,Fated Souls,"Jul 30, 2015",4.99,Warfare Studios,0,33,False,0
540190,Tetropunk,"Dec 13, 2017",3.99,"Сrazy Creator,Rosyaev",0,83,False,0
1404090,Trivia Tricks,"Oct 27, 2020",7.99,3-Tricks,0,111,False,0
1781640,Spermicide,"Oct 24, 2021",0.99,Frank Bondietti III,0,11,False,0
531080,Minotaur's Maze,"Apr 12, 2017",9.99,Sisyphus Games,0,6,False,0
206440,To the Moon,"Sep 7, 2012",9.99,Freebird Games,0,60018,True,0
1248490,Senshi Tank 2: Space Bots,"Jun 4, 2020",2.99,Raven About Games,0,6,False,0
470480,Angel Express [Tokkyu Tenshi],"Jul 15, 2016",9.99,"Easy Game Station,Starloop Studios S.L.",0,30,False,0
742510,Psikodelya,"Aug 7, 2019",4.49,Infinity Green Game Studio,0,19,False,0
1531190,Paper Glider,"Jan 17, 2022",0.0,Brennan Govreau,0,4,False,0
355760,Drizzlepath,"Mar 12, 2015",1.99,Tonguç Bodur,0,300,False,0
369580,NotTheNameWeWanted,"Jul 2, 2015",2.99,NotGames,0,2333,True,0
1506830,FIFA 22,"Sep 30, 2021",59.99,EA Canada & EA Romania,0,69322,False,0
652990,Eternal Maze,"Sep 11, 2017",0.99,Spike Nail Studio,0,6,False,0
815550,Surface: Alone in the Mist Collector's Edition,"Mar 7, 2018",9.99,Elephant Games,0,3,False,0
1827060,Tower of Ascension,"Jul 19, 2022",1.49,OwOInteractive,0,0,False,0
878380,Touhou Big Big Battle,"Sep 10, 2018",0.0,MyACG Studio,0,3027,False,0
1522030,SUKAKKO,"Jan 28, 2021",1.99,PetRem Labs,0,1,True,0
310560,DiRT Rally,"Dec 7, 2015",4.49,"Codemasters,Feral Interactive (Linux),Feral Interactive (Mac)",0,33235,True,0
1571210,Scientific Shutdown,"Oct 1, 2021",11.99,Define Logic Studios,0,2,False,0
338260,Usagi Yojimbo: Way of the Ronin,"Jan 30, 2015",4.99,HappyGiant,0,11,False,0
1525900,Infinite Dungeon Crawler,"Jun 11, 2021",0.0,DD-Consulting,0,11,False,0
2010310,369,"Jun 13, 2022",7.99,Reza Alidad,0,1,False,0
687310,Xenia,"Sep 1, 2017",4.99,Dimitrios Floros,0,18,False,0
906190,Kamikaze Cube 2,"Aug 1, 2018",0.49,Nikita Ghost_RUS,0,11,False,0
1580300,Witchcraft U,"Dec 9, 2021",4.99,Choice of Games,0,5,True,0
1698640,Pill Puzzle 2,"Aug 20, 2021",0.99,Coffee Studio,0,15,False,0
1125450,Sanitarium Rush,"Aug 9, 2019",0.99,Splendortek,0,1,False,0
557460,ToledoVR,"Jan 16, 2017",8.99,SomeDudes,0,4,False,0
1035050,Alt-Frequencies,"May 16, 2019",7.99,"Accidental Queens,ARTE France",0,98,False,0
1699820,The Adventures of Dinobot and Tiara!,"Aug 5, 2021",0.99,StarSystemStudios,0,5,False,0
1215950,Getaway Storm,"Feb 7, 2020",0.0,Oddscure,0,39,False,0
1528520,Fenrir's Prelude,"Jun 29, 2021",2.99,Ragnarok Aesthetic,0,4,False,0
1293940,M.U.S.T. Repeat,"Aug 5, 2020",7.99,Old Men Games,0,4,True,0
1987580,Case #1472 Playtest,"May 4, 2022",0.0,Unknown,0,0,False,0
428080,Racket: Nx,"Jul 17, 2018",7.99,One Hamsa,0,463,False,0
589060,"Trapper Knight, Sharpshooter Princess","Apr 10, 2017",14.99,desunoya,0,26,True,0
1754520,吾王的荣耀 Honor of Knight King,"Oct 16, 2021",2.99,CBSDY个人工作室,0,6,False,0
1714580,moon: Remix RPG Adventure,"Dec 15, 2021",18.99,Onion Games,0,97,False,0
1224650,Super Arcade Boy in Goodbye Greenies,"Feb 21, 2020",1.99,LoadUpGames.com,0,1,False,0
1700870,Clanfolk,"Jul 14, 2022",19.99,MinMax Games Ltd.,0,473,False,0
1044410,DOOR:Inner Child,"Nov 26, 2020",14.99,PLAY Mephistowaltz,0,23,False,0
1088900,Flying Slime!,"Jun 14, 2019",4.99,SHB soft,0,0,False,0
536280,Disintegration,"Jun 15, 2020",29.99,V1 Interactive,0,341,False,0
344900,Undeadz!,"Sep 25, 2015",0.99,Miguel Lleras,0,29,False,0
646680,Roman Adventures: Britons. Season 1,"Sep 20, 2018",5.99,Whiterra,0,25,False,0
1269240,Damn Dolls,"Apr 22, 2020",3.99,Rodrigo Riquetto,0,12,False,0
1924550,My student loves me!,"Jun 29, 2022",6.99,Fukurodo,0,0,False,0
811360,Archibald,"Mar 7, 2018",0.59,azimuth team,0,41,False,0
462480,Sweet Escape VR,"Apr 20, 2016",4.99,"Reailty Smash, Inc.",0,45,False,0
962380,HOT FIT!,"Nov 30, 2018",0.0,Cyberworks,80,28,False,99
771430,Evolva,"Jan 13, 2018",9.99,Computer Artworks,0,23,False,0
1881840,ボクロボ ~Boxed Cell Robot Armies~,"May 25, 2022",9.99,matsu friends,0,3,False,0
455340,"Warhammer 40,000: Armageddon - Da Orks","Aug 18, 2016",19.99,"Flashback Games,The Lordz Games Studio",0,53,False,0
574720,Little Big Workshop,"Oct 17, 2019",19.99,Mirage Game Studios,0,2296,False,0
1408410,Eyeb,"Oct 9, 2020",8.99,Giant Gourami,0,7,False,0
660270,Space Scumbags,"Aug 14, 2017",1.99,AlcoholEnthusiast,0,5,False,0
970800,Short Circuit VR,"Nov 19, 2018",0.0,"Stefan Bauwens,Cindy Ho",0,87,False,0
1171350,Garden City,"Nov 20, 2020",0.79,8floor,0,5,False,0
1086860,TOUHOU SKY ARENA MATSURI CLIMAX,"Sep 2, 2020",39.99,AREAZERO,0,138,False,0
272470,The Incredible Adventures of Van Helsing II,"Jun 13, 2014",14.99,NeocoreGames,0,1585,False,0
1314880,"Shoo, Box!","Jul 19, 2020",0.0,Leg n Dairy Games,0,16,False,0
1669340,尘埃见闻录,"Jan 10, 2022",1.99,嘻咯夜X,0,88,False,0
974600,Retro Wing Prime,"Dec 11, 2018",1.99,Giant Light Studios,0,7,False,0
787690,Math Hero,"Feb 13, 2018",0.59,Right Games,0,11,False,0
879740,Epic Skater 2,"Nov 8, 2018",14.99,Your Daily Fill,0,17,False,0
1829300,萌萌宝石,"Dec 7, 2021",0.99,K社,0,0,False,0
727800,Voxel Tank VR,"Oct 23, 2017",4.99,SAT-BOX,0,9,False,0
620630,Civil War: 1865,"Apr 7, 2017",9.99,HexWar Games,0,11,False,0
351030,Pixel Puzzles Ultimate Jigsaw,"Sep 9, 2016",0.0,Pixel Puzzles,0,1652,False,0
293480,FRONTIERS,"Jan 1, 2020",14.99,AAD Productions,0,90,False,0
1831930,LawnMower City,"Dec 14, 2021",1.19,NanningsGames,0,3,True,0
1485190,Maelstrom: A Yaoi Visual Novel,"Apr 6, 2021",15.99,Y Press Games,0,0,True,0
1972250,Project: Maidenless,"May 27, 2022",14.99,Grossly Incandescent Games,0,0,False,0
835700,Alice - Behind the Mirror,"Apr 6, 2018",1.99,Mzonestudio,0,105,False,0
1808230,Oppcium,"Dec 5, 2021",19.99,Yaketsuku Mikami,0,2,False,0
440470,Absence,"Feb 11, 2016",0.99,Samuel Sprague,0,7,False,0
290650,Time Ramesside (A New Reckoning),"Apr 29, 2015",0.49,Panzer Gaming Studios,0,66,False,0
709290,Rage Quest,"Nov 8, 2017",0.99,Nicholas Fisher,0,2,False,0
434540,Secret of the Pendulum,"Apr 7, 2016",7.99,GamesCafe,0,2,False,0
355560,Trigger Runners,"Mar 3, 2016",1.99,EfrenStudios,0,49,False,0
1069130,Kakwitene VR,"Jun 4, 2019",9.99,Monica Peters,0,0,False,0
1843030,Grandpa's Cheese,"May 14, 2022",0.0,Vander & his Discord server,0,0,False,0
711000,Ancient Tower,"Nov 28, 2018",9.99,Carlo Monzini,0,1,False,0
500550,"Save the Universe, Please!","Aug 31, 2016",2.99,Hodeaka Studio,0,7,False,0
1984670,Detect Dan The Dog!,"May 26, 2022",0.99,E is for Everything Nice,0,0,False,0
931480,Lab Runner: X,"Nov 28, 2019",1.99,William Weinberger,0,1,False,0
733020,Zen Blocks - Relaxing Puzzle Board Game,"Dec 4, 2017",1.99,Gazzapper Games,0,8,False,0
758620,Shadow Wolf Mysteries: Bane of the Family Collector's Edition,"Dec 13, 2017",9.99,AMAX Interactive,0,3,False,0
1022820,STEELPAW,"Oct 23, 2019",7.99,DAIRYDOG,0,3,False,0
628100,NOBUNAGA’S AMBITION: Shouseiroku with Power Up Kit,"Jul 25, 2017",19.99,"KOEI TECMO GAMES CO., LTD.",0,20,False,0
337630,Bermuda,"Mar 17, 2015",2.99,InvertMouse,0,114,True,0
741650,Holy Towers,"May 28, 2018",4.99,PlayFlock,0,3,False,0
448470,Bacteria,"Mar 23, 2016",0.54,Sometimes You,0,214,True,0
726840,City Game Studio: a tycoon about game dev,"Aug 24, 2021",15.99,Binogure Studio,0,807,True,0
406550,Umineko When They Cry - Question Arcs,"Jul 8, 2016",24.99,07th Expansion,0,1276,True,0
1043120,Bowling Over It,"Mar 26, 2019",3.99,Appocalypse Games,0,10,False,0
354780,Teknedia,"Jan 8, 2021",9.99,Stache Studios,0,6,False,0
1547160,无限跳跃/Infinite Jump,"Jul 12, 2021",1.59,No. 25,0,201,False,0
703980,Star Wars: Imperial Assault - Legends of the Alliance,"Dec 4, 2017",0.0,Fantasy Flight Games,0,122,False,0
769640,Lordian: Karma,"May 29, 2018",11.99,oneIMMERS,0,2,False,0
1088950,Touring Karts,"Dec 12, 2019",19.99,Ivanovich Games,0,96,False,0
1394880,Wild Baffo,"Oct 16, 2020",5.99,OutOfTheBit Ltd,0,5,False,0
579080,Snow Games VR,"Feb 1, 2017",0.0,Kenziko Ltd.,0,5,False,0
691730,FPV Drone Simulator,"Sep 9, 2017",0.0,DreamEscape,0,217,False,0
1649340,Theatre of War,"Sep 3, 2021",6.99,Artech Studios,0,0,False,0
1046630,Tank Maniacs,"Dec 5, 2019",5.99,GAMELAB,0,30,True,0
1170200,Ope,"Nov 29, 2019",0.0,Campus ADN 2018-2019,0,80,False,0
383080,Sakura Clicker,"Jul 29, 2015",0.0,Winged Cloud,0,12459,False,0
1103960,The Missing Few,"Oct 30, 2020",9.99,"MISSING GAME STUDIO, LTD.",0,2,False,0
703920,Bang Bang Fruit 2,"Oct 25, 2017",0.55,Snkl Studio,0,31,False,0
462940,Making History: The Second World War,"Apr 27, 2018",14.99,Factus Games,0,178,True,0
673900,Avem33,"Aug 4, 2017",0.0,WaVR,0,21,False,0
489760,Demon Truck,"Sep 26, 2016",4.99,Triger Mountain,0,35,True,0
1642640,Gravity Runner,"Oct 13, 2021",2.49,Two Dog Games,0,14,False,0
1544470,Princess Tier:Part 1,"Mar 21, 2021",2.99,Black Dot Studio,0,6,False,0
378760,Pixel Starships,"May 1, 2020",0.0,SavySoda,0,1052,False,0
349720,Audition Online,"Jun 3, 2015",0.0,T3 Entertainment,0,914,False,0
712810,Fallen Times,"Oct 9, 2017",1.99,DaFu Studio,0,66,False,0
1894360,Rotor Playtest,"Mar 1, 2022",0.0,Unknown,0,0,False,0
1189750,WinTweaker,"Dec 11, 2019",4.99,Giga-Core,0,11,False,0
588920,BADASS,"Apr 7, 2017",4.99,Toothless T-Rex,51,15,False,98
707140,Chess,"Sep 19, 2017",4.99,baKno Games,0,1,True,0
1141130,Serious Scramblers,"Nov 11, 2019",1.99,Chinykian Games,0,45,False,0
520300,Underworld Dungeon,"Jul 31, 2017",0.0,"InfernoSoul,Fromjaf Games",0,6,True,0
1041670,Money Bath VR / 札束風呂VR,"Apr 3, 2019",3.99,kan.kikuchi,0,24,False,0
360450,Kiai Resonance,"Apr 23, 2015",4.99,Absorb Reality,0,154,False,0
33220,Tom Clancy's Splinter Cell Conviction™,"Apr 29, 2010",19.99,Ubisoft Montreal,0,2368,False,0
880340,Trooper 2 - Alien Justice,"Jul 2, 2018",3.99,Marco Noordergraaf,0,3,False,0
1745880,Zippo,"Sep 27, 2021",1.99,Spike Studio,0,1,False,0
1096560,Windy Kingdom,"Aug 11, 2020",14.99,EastFog Studios,0,65,False,0
1680440,Sin-Cay,"Aug 4, 2021",2.99,5 pillar wood,0,0,False,0
1998510,BDSM Apocalypse,"May 30, 2022",11.99,Noxurtica,0,0,False,0
828770,Turbo Soccer VR,"Jun 14, 2018",9.99,Dodo4Story Games,0,3,False,0
1739640,Billiards Legend:Black 8 Miracle,"Oct 14, 2021",5.99,MiniSports,0,0,False,0
1795080,Fantasy Sliding Puzzle 4,"Oct 20, 2021",0.59,Lolita LineArt,0,0,False,0
556090,FIGHTING SPACE,"Dec 20, 2016",4.99,Apology Games,0,2,False,0
390730,Sora,"Jan 5, 2016",8.99,Orange_Juice,0,357,False,0
1730060,Deep Space Salvage Crew VR,"Jul 8, 2022",18.99,Kitten Fortress,0,9,False,0
1301470,Bishoujo Battle Hanafuda Koi-Koi,"May 18, 2020",5.99,Zoo Corporation,0,20,False,0
432890,Quote,"Jan 31, 2017",14.99,Vindit,0,9,True,0
432790,Angel Flare,"Jul 21, 2017",9.99,Kuchnier Games,0,4,False,0
619230,VEmpire - The Kings of Darkness,"Jul 24, 2019",13.99,Wolfgang Lueger,0,19,True,0
1475850,Rugby 22,"Jan 27, 2022",39.99,Eko Software,0,95,False,0
1180970,Phantom Path,"May 15, 2020",4.99,KEYREAL,0,14,False,0
577060,Everyday Anatomy VR,"Jul 25, 2021",54.99,MEDIS MEDIA,0,2,False,0
21780,Driver® Parallel Lines,"Feb 13, 2009",9.99,Ubisoft Reflections,0,742,False,0
1943490,Magic Griddlers 2,"Mar 28, 2022",4.99,Creobit,0,0,False,0
1537090,Flying Flogger,"Apr 15, 2021",3.99,Kalashot,0,8,False,0
858740,Waves of Death,"Mar 20, 2020",9.99,Polygone Games,0,9,False,0
607860,Kira,"Mar 22, 2017",0.0,"Bully Innovation Group, Inc.",0,18,False,0
568030,Last Mage Standing,"Dec 15, 2016",2.99,Immersion,0,16,False,0
1222090,Nevaeh,"Sep 17, 2020",12.99,Alpheratz*,0,34,False,0
1440470,Synthetic Hazard,"Nov 18, 2020",0.0,"ESAT,Voodoo Bunny",0,16,False,0
1683890,RETROLD,"Jul 28, 2021",0.99,Bernardo Barreiros Fialho,0,13,False,0
389460,Robot vs Birds Zombies,"Jul 23, 2015",0.99,yfyx games,0,35,True,0
1429480,HoneyLand,"Oct 19, 2020",1.99,Caio Flavio,0,27,False,0
1618090,Lingering Legacy,"Aug 15, 2021",9.99,AshuriiYuki Productions,0,2,False,0
1051950,Voyage,"Feb 18, 2021",14.99,Venturous,0,86,False,0
700440,Jellyfish,"Sep 15, 2017",0.99,PanGuoJun,0,27,False,0
977670,Snow Ash Land,"Nov 27, 2018",4.99,Faust,0,9,False,0
1867350,Slime Village VR,"Jan 24, 2022",9.99,Piece Of Voxel,0,0,False,0
432420,Ludoria,"Mar 3, 2017",19.99,Eminent Softworks,0,8,False,0
655380,Dig Dog,"Feb 8, 2018",3.99,"Rusty Moyher,Matt Grimm",0,59,False,0
1911810,The Cruel Dreamer Marchosias Playtest,"Feb 18, 2022",0.0,Unknown,0,0,False,0
726610,Podium Bash,"Nov 2, 2017",0.0,Feisty Crab Studios,0,1,False,0
619910,Just Cause™ 3: Multiplayer Mod,"Jul 20, 2017",0.0,nanos GbR,0,1910,False,0
407940,Hyper Bounce Blast,"May 27, 2016",4.99,Flump Studios,0,75,False,0
1013190,Retro Vision,"Feb 5, 2019",3.99,Obulum,0,16,False,0
329460,JumpJet Rex,"Apr 21, 2015",9.99,TreeFortress Games,0,415,True,0
308380,Airship Dragoon,"Aug 26, 2014",3.99,YorkshireRifles,0,24,False,0
565910,Trainscape,"Jun 28, 2017",19.99,Bit Toys,0,7,False,0
1631690,Wild Rat,"Jun 4, 2021",2.99,Reforged Group,0,4,False,0
1610230,True Game,"May 24, 2021",7.99,橙光游戏,0,40,False,0
1031270,Farming Life,"Oct 18, 2021",1.99,▲ Pyramid Games,0,72,False,0
1619930,BOX: Space Station Playtest,"Apr 30, 2021",0.0,Unknown,0,0,False,0
1068640,Village Feud,"Jun 21, 2019",3.99,Veelhoek Studios,0,224,False,0
1225070,Family Mysteries: Poisonous Promises,"Mar 26, 2020",14.99,Brave Giant LTD,0,127,True,0
1014110,Fish Simulator: Aquarium Manager,"Feb 10, 2020",2.49,DuoBonza,0,21,False,0
1029750,Voipas,"Jul 5, 2019",4.99,BETTER QUESTS,0,0,False,0
586720,Surface: Reel Life Collector's Edition,"Feb 10, 2017",9.99,Elephant Games,0,2,False,0
498330,Cats are Liquid - A Light in the Shadows,"Jul 25, 2016",0.64,Last Quarter Studios,0,559,True,0
904160,Ashes,"Oct 26, 2018",3.99,WindLimit,0,16,False,0
1557430,Midnight is Lost,"Mar 17, 2021",1.99,Robotizar Games,0,16,False,0
1189190,Battle Map Studio,"Oct 20, 2021",15.99,Bradley Shepherd,0,5,False,0
582830,SYNCH,"Apr 10, 2017",0.0,"Travis Forkner,Will Nations,Hailee Ammons",0,40,False,0
844920,Fortissimo FA,"May 31, 2018",9.99,"La’cryma,YAMAYURI GAMES",0,244,False,0
801940,Star Boy,"Apr 27, 2018",24.99,Redeyevisuals,0,1,False,0
833400,Corral,"Sep 26, 2018",9.99,The Sherrinford,0,15,False,0
1254670,Night Reverie,"Oct 8, 2021",9.99,Somber Pixel,0,173,False,0
1154480,Vicious Gambling Agreement,"Mar 6, 2020",8.99,FANG,0,4,False,0
1085990,XEYYEX,"Aug 22, 2019",3.99,Ferulox Studios,0,36,False,0
619340,EGOS - Tales of Fallen Souls,"Jul 27, 2017",0.99,NEZOS GAMES,0,35,True,0
463130,Bug N Out,"May 3, 2016",2.99,Neuron Games,0,0,False,0
578080,PUBG: BATTLEGROUNDS,"Dec 21, 2017",0.0,"KRAFTON, Inc.",0,1154655,False,0
245620,Tropico 5,"May 23, 2014",19.99,Haemimont Games,0,10395,True,0
1638430,Axial Disc 1,"Aug 15, 2021",0.0,Sawyer Friend,0,0,False,0
457760,The Signal From Tölva,"Apr 10, 2017",19.99,Big Robot Ltd,0,671,True,0
1971190,风墓战记,"May 15, 2022",0.99,DogShitStudio,0,12,False,0
1196130,Top Run,"Feb 10, 2020",4.99,Katata Games,0,23,False,0
426560,Full Tilt Poker,"Jan 26, 2016",0.0,Rational Social Projects Limited,0,41,False,0
2290,Final DOOM,"Aug 3, 2007",4.99,id Software,0,1005,False,0
254100,World War II: Panzer Claws,"Sep 27, 2013",1.24,Unknown,0,0,True,0
571680,Birthseederia,"Aug 16, 2017",9.99,Onefurinthebox,0,6,False,0
1209000,romantic player,"Jul 15, 2020",2.99,Old High Software,0,315,False,0
959080,Unsung Warriors - Prologue,"Jan 15, 2019",0.0,"Osarion,Mountaineer",0,1266,True,0
1692280,- R E F L E C T E D -,"Aug 11, 2021",0.99,Fluffy Brain,0,18,False,0
1159350,Future Simulation World,"Oct 9, 2019",14.99,KANNADE,0,14,False,0
1782030,Universal Enemies,"Apr 28, 2022",7.99,Uniene Team,0,1,False,0
1557880,Wood Killer,"Jun 23, 2021",2.99,Master Studios,0,4,False,0
905870,Inn: the Countryside,"Aug 13, 2018",2.99,Fury Games Production,0,7,False,0
1263450,蔚蓝月下,"Mar 31, 2020",3.99,星愿制作组,0,11,False,0
671190,Pro Motion NG,"Sep 25, 2017",39.99,Cosmigo Software Development,0,104,False,0
23530,Earth Defense Force: Insect Armageddon,"Dec 14, 2011",9.99,"Vicious Cycle Software, Inc.",0,875,False,0
1015180,Malicious Payload,"Feb 6, 2021",1.24,Last Howl,0,2,False,0
1251400,The World Of Xian,"Jul 14, 2020",18.99,Cdu Game,0,10,False,0
1290270,Vampire: The Masquerade — Night Road,"Sep 24, 2020",9.99,Choice of Games,0,422,True,0
839630,Survisland / 实境求生,"Jul 16, 2018",14.99,Super Trampers Studio,0,833,False,0
798680,Animosity,"Aug 20, 2018",9.99,Red River Studio,0,7,False,0
964210,Mr Husky,"Jul 24, 2019",1.99,Heero,0,84,False,0
1071090,Clean VR,"May 27, 2019",0.0,LookPeople,0,6,False,0
1303760,Knife Quest,"Oct 6, 2020",4.99,Quest Games,0,2,False,0
1899790,MALFUNCTION FPS,"Feb 23, 2022",0.0,HOIman,0,0,False,0
1076040,Welcome To... Chichester OVN 1 : The Beach,"May 13, 2019",0.0,Triority Interactive Novels,0,12,True,0
954870,Astrox Imperium,"Mar 22, 2019",14.99,Jace Masula,0,661,False,0
1305450,16bit vs Reality,"Jun 17, 2021",12.99,Weird Stuff Studio,0,17,False,0
1513650,Gun Bots,"Jan 25, 2021",4.99,Protect the King,0,1,False,0
379720,DOOM,"May 12, 2016",19.99,id Software,0,159063,False,0
1847600,Kingdom's Life,"Feb 28, 2022",6.99,Strudio Company,0,109,False,0
895330,Unblock: The Parking,"Jul 23, 2018",0.99,Bullid Games,0,10,True,0
1811400,Bomb Voyage,"Jan 5, 2022",0.0,Factor 0,0,0,False,0
1621450,Biscuitts 4,"Nov 24, 2021",19.99,Crossplatform,0,3,True,0
1351900,Dungeon Core,"Aug 12, 2020",11.99,Talismanic Entertainment,0,32,False,0
954000,Cosa Nostra,"Nov 13, 2018",9.99,Nicholas Rizzo,0,22,False,0
1151600,Chernobyl: Road of Death,"Sep 26, 2019",10.99,diedemor studio,0,25,False,0
260130,Agarest: Generations of War Zero,"Apr 17, 2014",19.99,Idea Factory,0,266,False,0
1433980,Farm & Puzzle,"Oct 15, 2020",0.99,indiegames3000,0,5,False,0
1957750,Minarchy: Active Shooter,"Apr 20, 2022",8.99,Cloud Sprout,0,0,False,0
1753330,战棋三国-英雄(Three Kingdoms : Hero) Playtest,"Nov 11, 2021",0.0,Unknown,0,0,False,0
1022160,Rollossus,"Mar 1, 2019",0.0,Almost Infinity Games LLC,0,2,False,0
1053620,MIDNIGHT Remastered,"May 7, 2019",0.99,Mad Jackal Games,0,12,False,0
2076490,Endless Chaos: Hordes of the Afterlife,"Jul 22, 2022",2.99,Danthalomous Productions LLC,0,0,False,0
720240,Legend of Fainn Dynasty ～Battles of Beautiful Warlords～,"Oct 19, 2017",3.99,Dieselmine,0,89,False,0
493710,Laraan,"Jan 11, 2017",4.99,Flynn's Arcade,0,122,True,0
1921950,Conflict 3048,"Mar 11, 2022",0.0,Matt Lloyd,0,0,False,0
360620,Spellsworn,"Mar 13, 2018",0.0,Frogsong Studios,0,1163,True,0
208670,Blades of Time,"Apr 20, 2012",9.99,Gaijin Entertainment Corporation,0,1708,False,0
207530,Noitu Love 2: Devolution,"Apr 23, 2012",4.99,Joakim Sandberg,0,546,False,0
731590,Midnight Ultra,"Oct 31, 2017",3.33,Forward Instinct,0,54,True,0
375120,Super Star Path,"Jun 22, 2015",4.99,DYA Games,0,262,False,0
1668480,HamsterVeRse,"Aug 12, 2021",7.49,Morning Son Software,0,0,False,0
948420,EXAPUNKS: TEC Redshift Player,"Sep 25, 2018",0.0,Zachtronics,0,21,True,0
1033000,Shoot The Zombirds VR,"Oct 28, 2021",3.99,Infinite Dreams,0,15,False,0
427510,Way of the Samurai 3,"Mar 23, 2016",19.99,ACQUIRE Corp.,0,383,False,0
985760,3D Custom Lady Maker,"Apr 19, 2019",4.99,Hyper'sthene,0,177,False,0
1142510,Cucumber Defense VR,"Oct 26, 2019",7.99,LZR GAMES,0,10,False,0
976920,Dance of Death: Du Lac & Fey,"Apr 5, 2019",18.99,"Salix Games Ltd,Tea Clipper Games Ltd",0,108,False,0
1264590,Tit Tap Tingle,"Jul 24, 2020",4.99,Tit Tap Studios,0,0,False,0
971460,FPS Training,"Dec 14, 2018",4.99,Drago Software,0,53,False,0
1840810,Pandas Bridge,"Feb 3, 2022",6.99,Invision Technologies,0,0,False,0
1544480,Book of the Old,"Mar 23, 2021",9.99,MingCang Studio,0,9,False,0
1393810,Surabaya Inferno,"Sep 20, 2020",6.99,Sengkala Dev,0,0,False,0
1909420,Tinyfolks,"Jun 1, 2022",3.99,Pierre Vandermaesen,0,438,True,0
2011010,King Pig,"Jun 13, 2022",4.99,Sweety Boy,0,0,False,0
1490550,The Expanse,"Nov 24, 2021",9.99,Phoebus76,0,0,False,0
634230,Project First Contact,"Jul 26, 2017",1.99,"Cristian Manolachi,Atomic Fabrik,Gamesforgames",0,75,False,0
1745040,History of Football World Cup,"May 12, 2022",0.99,Dejavu Games,0,7,False,0
817190,Next 3,"Apr 3, 2018",0.59,Pirotexnik,0,122,False,0
1821860,TOUGE RACERS,"Dec 3, 2021",14.99,Dolphin.App,0,0,False,0
304850,Worlds,"Mar 1, 2016",9.99,Curious Planet,0,44,True,0
1288560,My Dear Prince,"Apr 30, 2021",9.99,ebi-hime,0,21,True,0
1640030,Adventures With a Girl,"Jun 1, 2021",0.99,Adrian Domagalski,0,7,False,0
221180,Eufloria HD,"Oct 14, 2014",14.99,"Rudolf Kremers & Alex May,Tuna",0,589,True,0
1801190,The Shattered Elements Arena,"Dec 15, 2021",0.0,Shifting Dragon Creative Projects,0,1,False,0
1009770,One Million Worlds,"Mar 29, 2019",5.99,Richard Tingle,0,0,False,0
629340,Possession,"Jul 18, 2019",9.99,Weirdfellows,0,13,True,0
661450,The Lighthouse,"Oct 31, 2019",24.99,Shadow Knights Studio,0,35,False,0
1023870,Northern Lights,"Feb 18, 2019",1.99,DimleTeam,0,28,False,0
1613820,Qorena - Foresight,"May 6, 2021",0.0,Unknown,0,0,False,0
614460,Amber Tail Adventure,"Apr 5, 2017",0.99,Xyak-Xyak,0,36,False,0
1119630,DarkFairyTales SleepingBeauty,"Jul 25, 2019",0.99,LeonWaan Games,0,1,False,0
776020,Choice of the Vampire: The Fall of Memphis,"Feb 9, 2018",5.99,Choice of Games,0,4,True,0
1714300,Typomancer in the Feather's Way,"Oct 15, 2021",0.99,Sensen Games,0,15,True,0
532670,Manor of the Damned!,"Nov 23, 2016",3.99,The Hideout,0,2,False,0
1576500,CLOCKWORK PUSSY,"Aug 10, 2021",6.99,"Orgipix Prod,Ojoy Studios",0,0,False,0
1665130,PAC-MAN MUSEUM+,"Jun 27, 2022",19.99,NOW PRODUCTION,0,129,False,0
909660,Vagrus - The Riven Realms,"Oct 5, 2021",29.99,Lost Pilgrims Studio,0,632,True,0
644380,Hegis' Grasp: Evil Resurrected,"Oct 12, 2017",0.0,Odd Branch Studio,0,18,True,0
912520,Tiger Fighter 1931,"Aug 15, 2018",0.0,TigerQiuQiu,0,2,False,0
754150,Rolling Line,"Apr 27, 2018",19.99,Gaugepunk Games,0,1286,False,0
687270,Divide,"Nov 17, 2017",19.99,Exploding Tuba Studios,0,5,False,0
971060,Mystery Case Files: The Countess Collector's Edition,"Nov 27, 2018",9.99,Eipix Entertainment,0,10,False,0
923820,尸狱末日 Dead Prison,"Sep 13, 2018",0.0,Axe Studio,0,23,False,0
357330,Space Beast Terror Fright,"Jun 3, 2022",14.99,nornware AB,0,1232,False,0
1140790,Kung Fu Jesus,"May 27, 2021",0.0,Celestial Gold Studios,0,4,False,0
984450,Super Crome: Bullet Purgatory,"Mar 19, 2019",4.99,Stumphead Games LLC,0,35,False,0
727200,Santa's Workshop,"Oct 22, 2017",0.99,Rocket Monster Games,0,14,False,0
1686960,Furry Puzzle,"Aug 13, 2021",0.49,Ahegao Games,0,0,False,0
1966620,Triple Jump,"May 3, 2022",3.99,Lee Saenz,0,0,True,0
336160,Monsters!,"Oct 25, 2016",0.99,QuadraTron Games,0,9,True,0
275810,7 Wonders of the Ancient World,"Feb 18, 2014",6.99,MumboJumbo,0,115,False,0
1906750,Roly Poly,"Apr 19, 2022",11.99,echomune,0,1,False,0
250340,Blockland,"Dec 16, 2013",9.99,"Eric Hartman,Ben Garney,Anthony Rotondo",0,4047,False,0
1878210,Pirate Jam,"Feb 16, 2022",0.0,Dennispr33,0,0,False,0
1138440,Galactic Ruler,"Nov 10, 2020",39.99,BattleGoat Studios,0,19,False,0
1947350,Heartstop,"May 5, 2022",2.49,M.A. Starling,0,11,False,0
581970,Zombie Ballz,"Feb 10, 2017",1.99,Almighty Games,0,71,False,0
763790,TrainerVR,"Dec 27, 2017",9.99,Sumalab,0,53,False,0
946690,RPGGAME,"Oct 25, 2018",0.0,RPGGAME,0,5,False,0
911580,Audio Infection,"Nov 30, 2018",0.99,RaafOritme,0,6,False,0
1780880,Queue Simulator,"Dec 15, 2021",0.99,Just Making Games,0,5,False,0
378830,The Princess' Heart,"Jul 30, 2015",4.99,RosePortal Games,0,31,False,0
1780380,Golf Solitaire Simple,"Oct 22, 2021",0.0,Jousting Knight Games,0,0,True,0
1250290,You are next,"Mar 6, 2020",0.0,Sara Quenel,0,4,False,0
825240,Elude,"Apr 6, 2018",0.99,Rock Interactive,0,10,False,0
399530,Hyspherical 2,"Feb 16, 2016",3.99,Monkeybin AS,0,10,False,0
601840,Griftlands,"Jun 1, 2021",19.99,Klei Entertainment,0,11436,True,0
1221540,KUUKIYOMI: Consider It,"Mar 29, 2020",4.99,G-MODE,0,316,False,0
1213980,Cranky Cannon,"Mar 6, 2020",8.99,BCS Games LLC,0,1,False,0
991930,Psycho Boys,"Aug 30, 2019",0.0,Outo Pikseli Enterprise,0,12,False,0
584940,Amber's Magic Shop,"Jun 8, 2017",19.99,Winter Wolves,0,25,True,0
910230,Fortified Swiss,"Nov 23, 2018",14.99,Rat Wrath Studios,0,3,False,0
1792810,Acid Trip,"Dec 17, 2021",2.99,Ali Hani,0,2,False,0
958220,The Endless Summer - Search For Surf,"Sep 3, 2021",14.99,"Ed Marx,Caden Goodwin",0,8,False,0
1836940,Aria and the Secret of the Labyrinth,"May 3, 2022",19.99,Tsukimitake,0,14,False,0
768840,FIRST STEAM GAME VHS - COLOR RETRO RACER : MILES CHALLENGE,"Dec 29, 2017",0.0,Bacq Stellan,0,30,False,0
1205410,Dissection Simulator: Dogfish Edition,"Dec 26, 2019",29.99,VictoryXR,0,0,False,0
339720,Debugger 3.16: Hack'n'Run,"Feb 22, 2018",7.99,Spiderwork Games,0,26,False,0
1337000,Bugvasion TD,"Feb 17, 2021",6.99,Full Screen Games,0,19,True,0
790630,BoxCat,"Mar 2, 2018",2.99,OPEN LEVEL,0,13,True,0
1928730,Nebula Realms Playtest,"Mar 16, 2022",0.0,Unknown,0,0,False,0
1950000,Merge Cats - Idle Game,"Apr 13, 2022",0.99,Boogygames Studios,0,1,False,0
674160,Slasher VR,"Oct 4, 2017",0.99,Listener Online II Inc,0,5,False,0
3020,Call of Juarez,"Nov 8, 2007",9.99,Techland,0,1914,False,0
317970,Dusk 12,"Aug 22, 2014",3.99,Orion Games,0,82,False,0
1775110,Chilli Con Valley,"Jan 17, 2022",0.0,Knesti,0,0,False,0
1177730,W.H.A.L.E.,"Feb 24, 2020",199.99,PixelsDesign VR Dev,0,0,False,0
1377590,The Island,"Aug 10, 2021",1.99,Ibis Games,0,36,False,0
1494370,Insights - Maniac Vortex,"Apr 15, 2021",7.99,Weizengaming,0,9,True,0
665790,Dragon Drop,"Nov 8, 2017",3.99,Squish Studios LLC,0,7,False,0
1902120,Bigfield 2042,"Mar 4, 2022",0.99,Sweet Games,0,27,False,0
1401150,Black Hole Simulator,"Sep 4, 2021",1.99,PanGuoJun,0,73,False,0
1750330,69 Hitomi Love,"Sep 29, 2021",1.99,Loolust,0,0,True,0
632200,Kuro survival,"Jun 21, 2017",0.99,Phuong Nguyen,0,33,False,0
356210,Tony Tough and the Night of Roasted Moths,"May 7, 2015",9.99,Nayma Software,0,18,True,0
280180,Hover,"May 31, 2017",19.99,"Midgar Studio,Fusty Game",0,1588,True,0
1055490,Weed Farmer Simulator,"Mar 16, 2020",14.99,Polyák Kristóf,0,112,False,0
284770,Enigmatis 2: The Mists of Ravenwood,"Jun 5, 2014",9.99,Artifex Mundi,0,1283,True,0
1065710,ClassiCube,"May 17, 2019",3.99,ClassiCube Team,0,72,True,0
1554700,Inglorious Waifu VS Nazi Zombies,"Mar 10, 2021",1.99,SeedWall,0,240,False,0
998820,Cortex,"Dec 28, 2018",0.0,Milan Toth,0,11,True,0
1987120,Arclight Beat,"May 26, 2022",0.0,DigiPen Europe-Bilbao,0,0,False,0
553110,Alpine Ski VR,"Dec 16, 2016",4.99,Suchworks Ltd,0,15,False,0
987670,Chocolat Rush,"Jul 25, 2019",4.49,Nanali Studios,0,17,False,0
797010,Mavi's Journey,"Feb 19, 2018",0.0,aburasobabiyori,0,36,False,0
520820,Dawn's Light,"Sep 1, 2016",0.0,John Wizard,0,38,False,0
693960,Just Ride：Apparent Horizon 狂飙：极限视界,"May 29, 2019",19.99,Horus Games,0,128,False,0
283020,The Campaign Series: Fall Weiss,"May 30, 2014",1.49,Wastelands Interactive,0,25,False,0
662910,Cash Crop,"Aug 3, 2017",15.99,Joint Ventures,0,25,False,0
562260,WAVESHAPER,"May 3, 2017",1.99,GAMES FOR HUMANS,0,186,True,0
1036460,Similars: Climb,"Aug 7, 2019",4.99,Specspel,0,1,False,0
536270,Ancestors: The Humankind Odyssey,"Aug 27, 2020",39.99,Panache Digital Games,0,4734,False,0
1647740,1f y0u're a gh0st ca11 me here! 幽铃热线,"Nov 1, 2021",6.99,"Furoshiki Laboratory,フロシキラボ",0,76,False,0
393380,Squad,"Sep 23, 2020",49.99,Offworld Industries,0,97784,False,0
651680,Shalnor Legends: Sacred Lands,"Jan 25, 2018",1.99,Johnny Ostad,0,29,False,0
1916970,Tree Simulator 2023,"Apr 1, 2022",3.99,Revmatek,0,199,False,0
1230930,Inside The Computer,"Mar 4, 2020",0.0,Zihan Wang,0,17,False,0
1292700,Kings Of Streets,"Jun 19, 2020",4.99,TB Games,0,81,False,0
1807600,Fatal Paws,"Nov 26, 2021",2.99,Fickle Sickle,0,7,False,0
724260,Princess Maker Go!Go! Princess,"Dec 23, 2019",9.99,"CFK Co., Ltd.",0,65,False,0
1256660,Iwate Mountain Dance,"May 1, 2020",11.99,Kirisame Jump,0,27,False,0
259680,Tales of Maj'Eyal,"Dec 12, 2013",6.99,Netcore Games,0,5161,True,0
1132460,Codebreaker,"Aug 30, 2019",1.99,Thor Gaming,0,2,False,0
988650,Inclement,"Dec 21, 2018",0.99,Killed Pixel Games,0,28,False,0
536750,BoomTown! Deluxe,"Oct 14, 2016",0.99,Ish Games,0,87,False,0
1316130,The Village Story,"Jun 19, 2020",4.99,NashGamesz,0,3,False,0
250540,C-Wars,"Aug 13, 2015",12.99,Onipunks Studio Inc.,0,46,False,0
1770820,COSPLAY LOVE! : Enchanted princess,"Mar 30, 2022",11.99,"Confiture,NEXD,iMel",0,32,False,0
362150,Ashes of Immortality II - Bad Blood,"Feb 13, 2017",4.99,Warfare Studios,0,13,False,0
1572470,Höll Space 5D6,"May 21, 2021",12.99,5D6 Games,0,7,False,0
1008020,Lust Epidemic,"Jan 9, 2020",9.99,NLT Media,0,0,False,0
1518680,Travel Fanz,"Nov 11, 2021",0.99,Spaghetti Code Ltd,0,1,True,0
870750,SMASH IT,"Jun 20, 2018",1.99,Cow Corp.,0,8,False,0
788000,RogueVerse,"Aug 22, 2019",9.99,FoumartGames,0,5,False,0
1603800,Monsters per second,"Dec 7, 2021",14.99,ALTILLRA,0,0,False,0
746260,Square Massacre,"Dec 13, 2017",0.99,CyberVaca Entertainment,0,1,False,0
344340,Front Office Football Seven,"Feb 4, 2015",14.99,Solecismic Software,0,116,False,0
365760,Vektor Wars,"Jun 4, 2015",9.99,Reset Games Ltd,0,48,False,0
1250700,Jetpack Guy,"Apr 18, 2020",3.99,Build Solution Studio,0,0,False,0
1235360,Epic Conquest 2,"Apr 19, 2020",0.0,Gaco Games,0,271,False,0
1106150,Yet Another Hero Story,"Jul 9, 2019",4.99,Sinking Sheep,0,37,False,0
34630,Massive Assault,"Nov 4, 2009",9.99,Wargaming.net,0,22,False,0
1283350,我是熊孩子,"Apr 21, 2020",1.99,白信鸽工作室,0,5,False,0
946330,Fallen Threats,"Dec 28, 2018",2.99,Mario Almaguer,0,3,False,0
428200,Attack Heroes,"Apr 27, 2017",9.99,Ejoy Games,0,158,False,0
1637670,晚上nano好,"Jul 30, 2021",0.0,Marsh533,0,0,False,0
493810,Jonah's Path,"Jul 7, 2016",0.0,Ionut Lucian Achiricioaei,0,47,False,0
1477210,BoatMan,"Dec 16, 2020",5.99,Reforged Group,0,2,False,0
910880,Mad Tower Tycoon,"Jan 14, 2020",14.99,Eggcode,0,297,False,0
1419360,Hyper Psychic Gauntlets,"Dec 3, 2020",8.99,SpinVR.ca,0,4,False,0
639920,Escape The Gray,"Jun 1, 2017",1.99,QRA-CS,0,1,False,0
1063560,12 HOURS,"Jun 7, 2019",3.99,Second Reality,0,40,False,0
1482510,Tap-Tap Adventure,"Feb 2, 2021",0.99,BeeTights,0,2,False,0
2020270,Memory Puzzle - Futanari Mistress,"Jun 2, 2022",1.99,EroticGamesClub,0,0,False,0
1547820,TOP TRUCK DRIVER,"Feb 23, 2021",9.99,Stas Paty9mkin,0,11,False,0
1973800,出发吧冒险家,"Jun 1, 2022",5.99,海上游戏,0,2,False,0
1929810,The Thief In The Dark,"Mar 22, 2022",2.99,IronOldNick,0,2,False,0
762110,Meow Wars: Card Battle,"Aug 30, 2018",4.99,Taco Truck Games,0,9,False,0
1601990,Opa Definitive Edition,"Apr 27, 2021",2.99,"Cubko,JohnDann",0,2,False,0
1222200,UldreVoid,"May 14, 2020",0.0,Byron Dunwoody,0,33,False,0
909830,Color by Number - Pixel Draw,"Aug 22, 2018",0.49,Boogygames Studios,0,13,False,0
1049010,Out of Frame / ノベルゲームの枠組みを変えるノベルゲーム。,"Oct 14, 2020",17.99,自転車創業,0,4,False,0
1912980,Tales of Novariel,"Mar 9, 2022",0.0,Finnchen123,0,0,False,0
371550,A Bastard's Tale,"May 26, 2015",4.99,No Pest Productions,0,261,False,0
1515260,Circle Empires Tactics,"Apr 7, 2022",14.99,Luminous,0,19,False,0
1708870,第七号列车 - Train No. 7,"Aug 13, 2021",0.0,水野的四叶草,0,0,False,0
466770,Ghost Croquet,"Aug 31, 2016",3.99,"ampersandbear,YellowAfterlife",0,16,True,0
1655910,World Legends,"Aug 12, 2021",14.99,OmegaSoft,0,0,False,0
669690,Funny Fingers,"Apr 27, 2018",3.99,"Ilya Zarembsky,Marley Hall",0,1,False,0
860490,Revenant Dogma,"Oct 3, 2018",12.99,Exe Create Inc.,0,4,False,0
1149860,Arsenal Demon,"Oct 11, 2019",7.99,Blast Programming,0,18,True,0
1416190,Fatiao发条：自动化工具,"Sep 25, 2020",0.99,Fatiao发条,0,4,False,0
370910,Kathy Rain,"May 5, 2016",14.99,Clifftop Games,0,3232,False,0
1198760,League of Pixels - 2D MOBA,"Dec 26, 2019",0.0,Danius,0,97,False,0
1763520,Dot's Home,"Oct 22, 2021",0.0,"Weathered Sweater,Aerial_Knight,Titan ARX Interactive",0,0,False,0
2001690,Super Arkanoid,"May 31, 2022",24.99,HuoChaiRenRPG,0,13,False,0
274010,Ship Simulator: Maritime Search and Rescue,"Jul 1, 2014",11.99,Reality Twist GmbH,0,89,False,0
1235220,There a no Armadillos in this game,"Feb 14, 2020",0.99,Maximilian Ritters,0,2,False,0
1653200,Vortex Rolling,"Jun 14, 2021",0.99,INFINITE BRIDGE,0,6,False,0
1287420,PiLKO,"May 1, 2020",0.99,Holystep Games,0,8,False,0
1001230,Partial Control,"Jun 14, 2019",12.99,Cavern Head,0,30,False,0
1658910,SpellHunter,"Jun 25, 2021",2.99,Virtence GmbH,0,0,False,0
924140,Hand Simulator: Survival,"Dec 17, 2019",0.99,HFM Games,0,8196,False,0
896420,Starless Night,"Jul 31, 2018",0.99,Moon and Sea Studios,0,1,False,0
603360,CryptoMoneya,"Sep 3, 2017",0.99,azimuth team,0,95,True,0
949650,Here Come the Mystery Teens!,"Jan 15, 2020",4.99,Alex Mankin,0,11,False,0
1341250,Reiterland - Meine Rennpferde,"Jul 31, 2020",5.99,Caipirinha Games GmbH,0,2,False,0
999860,Enemy On Board,"May 8, 2020",0.0,Windwalk Games,0,1142,False,0
1369520,Strangeland,"May 25, 2021",14.99,Wormwood Studios,0,507,True,0
1051670,Sex & Gun VR,"Apr 15, 2019",24.99,VR-EXODUS,0,0,False,0
684380,MermaidVR Video Player,"Aug 15, 2017",0.0,Mermaid VR Inc.,0,92,False,0
623160,Zombie Solitaire 2 Chapter 1,"Jun 30, 2017",8.99,rokaplay,0,54,False,0
222730,Reus,"May 16, 2013",9.99,Abbey Games,0,4263,True,0
575110,Magic Lantern,"Jan 29, 2017",0.0,Parovoz Animation Studio,0,24,False,0
1725250,PIGGY: Hunt Playtest,"Oct 13, 2021",0.0,Unknown,0,0,False,0
1266820,Ultimate ADOM - Caverns of Chaos,"Aug 25, 2021",9.99,"Thomas Biskup,Jochen Terstiege,Krzysztof Dycha,Lucas Dieguez,Bastian von Gostomski,Carola Sochiera,Björn Loesing",0,215,True,0
253250,Stonehearth,"Jul 25, 2018",19.99,Radiant Entertainment,0,8503,False,0
394130,Water Bears VR,"Feb 1, 2016",4.99,Schell Games,0,162,False,0
1329450,Elly's Cake Cafe,"Jun 14, 2020",4.99,Creobit,0,8,False,0
1697560,County Hospital,"Aug 4, 2021",9.99,LFR games,0,3,False,0
952060,Resident Evil 3,"Apr 2, 2020",15.99,"CAPCOM Co., Ltd.",0,45330,False,0
1941110,Higurashi When They Cry Hou - Rei,"Jun 2, 2022",5.39,07th Expansion,0,43,True,0
672310,Kingdoms Of Marazia: Classic,"Aug 6, 2018",0.0,Fire Dragon Studios,0,13,True,0
1341400,Oniria Crimes,"Dec 3, 2020",9.99,cKolmos narrative.,0,31,True,0
384690,Umihara Kawase,"Nov 2, 2015",9.99,Studio Saizensen,0,145,False,0
1709290,Laser Bounce,"Jan 8, 2022",1.99,Aecert Games,0,4,False,0
1259470,Casus,"Aug 21, 2020",14.99,Spliced Games,0,2,False,0
1526580,Zombie Dungeon,"Feb 12, 2021",6.99,GAME BATATA,0,1,False,0
1439010,Phantom Typist,"Jul 14, 2021",2.99,Wysiwyg Interactive,0,3,True,0
398890,Zombie Gotchi,"Mar 23, 2016",9.99,SilentFuture,0,15,True,0
572130,Flock VR,"Dec 24, 2016",2.99,"Object Normal,Holojam",0,10,False,0
1325860,VTube Studio,"Mar 12, 2021",0.0,DenchiSoft,0,1780,False,0
389570,Mitos.is: The Game,"Jul 29, 2015",0.0,Freakinware Studios,0,9485,False,0
1344440,Spaceflux,"Sep 30, 2020",14.99,Calin Ardelean,0,25,False,0
853310,Mr. Maze,"Feb 9, 2019",2.99,MJ Lovegrove,0,32,False,0
768370,New Dawn,"Sep 10, 2018",0.0,e-visualsoft,0,86,False,0
206480,Dungeons & Dragons Online®,"Jun 25, 2012",0.0,"Standing Stone Games, LLC",0,3879,False,0
699370,The market trader,"Sep 12, 2017",3.99,AB SOFT,0,0,False,0
1973850,Impossible Challenge,"May 9, 2022",2.99,Hypnos Games,0,0,False,0
706520,BlackShield: Upora Story,"Jan 16, 2018",0.0,"Shanghai Vsensory Network Technology Co.,LTD",0,34,False,0
1019170,Umbrella,"Feb 6, 2019",0.99,Tedia Kim,0,0,False,0
1596440,ARKOS,"Nov 3, 2021",9.99,RetroSouls,0,81,False,0
205070,BIT.TRIP VOID,"Dec 19, 2012",9.99,Gaijin Games,0,67,False,0
1427960,Jigsaw Boom,"Nov 20, 2020",4.99,Creobit,0,3,False,0
468310,She Wants Me Dead,"May 13, 2016",7.99,Hello There AB,0,109,False,0
251910,Solar Flux,"Oct 24, 2013",9.99,Firebrand Games,0,224,True,0
1614030,Electrogene,"Mar 10, 2022",12.99,ElvGames,0,2,False,0
1144070,NUMB,"Sep 27, 2019",6.99,Sakarikos Kleanthis,0,3,False,0
673550,Legendary Arcane,"Nov 1, 2017",0.99,"Maxime Cote,Simon Cote",0,3,True,0
45200,Defense of the Oasis,"Aug 25, 2020",4.99,Mind Control Software,0,31,False,0
1608810,The Drill RPG,"Nov 11, 2021",5.99,BeezeeBox,0,0,False,0
894340,Beat the Song,"Aug 28, 2018",14.99,AAAGAMES,0,93,False,0
1320490,Princess Farmer,"Mar 31, 2022",14.99,Samobee Games,0,80,False,0
951700,Super Jigsaw Puzzle: Space,"Oct 26, 2018",4.99,Flat Cat Games,0,22,False,0
595740,SAMURAI WARRIORS: Spirit of Sanada,"May 23, 2017",49.99,"KOEI TECMO GAMES CO., LTD.",0,437,False,0
395160,Toby: The Secret Mine,"Oct 20, 2015",9.99,Lukas Navratil,0,413,True,0
865160,Takenoko,"Nov 27, 2019",9.99,Asmodee Digital,0,40,False,0
940790,Gnomes Garden: Halloween,"Oct 19, 2018",14.99,Toyman,0,29,False,0
1491910,Andromeda 2 Zombies,"Jan 13, 2021",0.0,Yann GEFFROTIN,0,15,False,0
948640,Wizardry: Labyrinth of Lost Souls,"Jan 15, 2020",14.99,ACQUIRE Corp.,0,221,False,0
358240,Monuments of Mars,"May 5, 2014",0.0,3D Realms (Apogee Software),0,20,False,0
1340410,Carnage,"Aug 19, 2020",0.0,Carnage Games,0,4,False,0
1679490,Sphere Arena,"Aug 17, 2021",8.99,Blinking Bulb Studio,0,3,False,0
1149580,Super Korotama,"Dec 18, 2019",4.99,Catness Game Studios,0,5,True,0
2900,688(I) Hunter/Killer,"Oct 26, 2006",1.99,Sonalysts,0,116,False,0
632050,The Village,"Oct 12, 2017",0.49,Softwaves,0,42,False,0
1100070,Master of the Forbidden Sea,"Jul 17, 2019",2.99,Advent RPG,0,1,False,0
1264760,Saturn Quest: Shadow of Planetus,"Apr 14, 2020",2.99,Arkhouse Telegraph,0,5,False,0
1304070,Extra Terrestrial Nation,"Jul 31, 2020",0.0,Games Made Simply Enterprises,0,2,False,0
1314680,Defensive Attacks,"Jul 7, 2020",2.99,bronzaregames,0,7,False,0
1470030,Funtime with Buffy,"Nov 30, 2020",4.99,Darius Bucataru,0,10,False,0
1803950,仙界幻世录,"Dec 27, 2021",0.0,仙界幻世录,0,0,False,0
717070,R-COIL,"Feb 5, 2018",4.99,Vector Hat,0,32,True,0
1265820,Fights in Tight Spaces,"Dec 2, 2021",24.99,Ground Shatter,0,1838,False,0
1388880,Doki Doki Literature Club Plus!,"Jun 30, 2021",14.99,Team Salvato,0,15759,False,0
1893980,SURVIVAL SISTERS:2048,"Apr 7, 2022",5.99,EX-DESIGN GAMES,0,0,False,0
433570,Side Quest,"Feb 15, 2016",6.99,Miris Mind,0,8,False,0
1853390,Christmas Panic,"Jan 18, 2022",0.99,VeryHardMemeStudio,0,0,False,0
1832220,Blind Fate: Edo no Yami — Dojo,"Dec 16, 2021",0.0,Troglobytes Games,0,0,False,0
1429700,ARCADEON VR,"Jul 9, 2021",4.99,Actura Studios,0,2,False,0
513840,Friday Night Bullet Arena,"Sep 30, 2016",9.99,Red Nexus Games Inc.,0,9,False,0
1116230,The Story of Henry Bishop,"Nov 7, 2019",4.99,Blazes Games,0,373,False,0
471660,Kingspray Graffiti VR,"Dec 6, 2016",14.99,"Andrew Bates,Craig Bentick,Nolan Cunningham,Onomis",0,628,False,0
779920,Hexxon,"Oct 3, 2019",2.99,Chris Charbonneau,0,2,True,0
1481970,Drugs and Crime Idle,"Dec 10, 2020",0.0,Lord,0,140,False,0
982270,Dealer's Life,"Jan 31, 2019",7.49,Abyte Entertainment,0,927,False,0
1462440,The Lost Shrine - Escape Room,"Nov 18, 2020",4.99,Fox_Sebby,0,1,False,0
552540,Lotia®,"Jun 2, 2017",0.0,"Crayon Ponyfish, LLC",0,7,False,0
1259800,MXGP 2020 - The Official Motocross Videogame,"Dec 16, 2020",39.99,Milestone S.r.l.,0,451,False,0
946040,Supply Chain Idle,"Nov 9, 2018",0.0,Upturn Games,0,254,True,0
1250410,Microsoft Flight Simulator Game of the Year Edition,"Apr 17, 2020",59.99,Asobo Studio,0,29473,False,0
1824750,No Rage Quit Dude,"Dec 2, 2021",1.99,Morosophe,0,1,False,0
268540,The Whispered World Special Edition,"May 6, 2014",1.99,Daedalic Entertainment,0,1235,True,0
1233200,Wanko of Marriage ~Welcome to The Dog's Tail!~,"Oct 20, 2020",9.99,alumi-soft,0,6,False,0
1147020,Quest for Conquest,"Oct 29, 2019",4.99,Pixel Pinecone,0,2,False,0
204060,Superbrothers: Sword & Sworcery EP,"Apr 16, 2012",7.99,"Capybara,Superbrothers,Jim Guthrie",0,1914,True,0
462780,Darksiders Warmastered Edition,"Nov 29, 2016",19.99,"KAIKO,Vigil Games",0,10524,False,0
628080,Romance of the Three Kingdoms XII with Power Up Kit,"Jan 16, 2018",39.99,"KOEI TECMO GAMES CO., LTD.",0,144,False,0
1655410,Witchaven,"Jun 17, 2021",7.99,Capstone Software,0,33,False,0
1923670,Venture Towns,"May 22, 2022",7.91,"Kairosoft Co.,Ltd",0,71,False,0
1502080,ALTDEUS: Beyond Chronos,"Feb 18, 2021",17.99,MyDearest Inc.,0,226,False,0
882560,Door,"Jun 28, 2018",6.99,SVGames,0,81,False,0
1943520,Royal Riddles,"Apr 3, 2022",4.99,Creobit,0,0,False,0
1922530,Frontier Fortress - Tower Defense,"Apr 6, 2022",4.99,Imperial Interactive,0,2,False,0
1432880,4Line,"Dec 30, 2020",2.99,y₀ studios,0,3,False,0
511700,Ship It,"Oct 14, 2016",2.49,Think On Labs,0,13,False,0
1438750,Halloween Decoration Sandbox,"Oct 26, 2020",9.99,Tech Skull Studios,0,0,False,0
1844650,Krampus Kills,"Jan 6, 2022",14.99,DangerousBob Studio LLC,0,17,False,0
7770,X-COM: Enforcer,"Sep 4, 2008",4.99,"MicroProse Software, Inc",0,191,False,0
1085950,NyanfuGirl,"Oct 16, 2019",11.99,サラスパン亭,0,0,False,0
1361110,Karen: An Outrage Simulator,"Aug 27, 2020",2.99,Vagabond Dog,0,177,False,0
33530,Tropico Reloaded,"Jul 26, 2009",6.99,"PopTop Software,BreakAway Games,Frog City Software",0,445,False,0
1460300,Kittens' Maze,"Jan 21, 2021",0.0,Aasura Project,0,6,False,0
1603270,Monster Battle Quest,"May 4, 2021",0.49,Boogygames Studios,0,5,False,0
1013750,Legal Dungeon,"May 6, 2019",6.99,Somi,0,304,False,0
968430,Colonization of the Moon,"Nov 14, 2018",1.99,ImperiumGame,0,2,False,0
1615450,The Lady Puppet Playtest,"Apr 30, 2021",0.0,Unknown,0,0,False,0
1185520,Love Rhythm,"Nov 20, 2019",1.99,Triple-S,0,172,False,0
1043140,灵界  Sprites（测试版）,"Apr 26, 2019",5.99,秀儿工作室,0,16,False,0
960660,Coldfall,"Dec 13, 2018",2.99,Charyb Games,0,27,True,0
833260,catAnod,"Apr 23, 2018",2.99,Ocze,0,26,False,0
1610320,Chronicles of Tal'Dun: The Remainder - Act 1,"Jun 9, 2021",0.0,Square Weasel Studio,0,0,False,0
696860,900,"Nov 30, 2018",1.99,Barnaque,0,3,True,0
1433190,Welcome to Emba,"Dec 23, 2020",0.0,NON Grata Studio,0,31,False,0
1114650,HorrorVale,"Jul 28, 2019",0.0,BatWorks Software,0,110,False,0
1665060,Halloween Patchwork Trick or Treat,"Jul 16, 2021",0.49,Creobit,0,3,False,0
592920,Inception VR,"Feb 23, 2017",0.0,Inception,0,12,False,0
1300360,Neglected,"May 13, 2020",0.0,"Animalclaw Of Dreams,Refrigerator game lovers",0,291,False,0
545030,NSFW ~ Not a Simulator For Working,"Oct 28, 2016",2.99,GameChanger Studio,0,87,True,0
1580340,Aventura Pisicului Pierdut,"Apr 19, 2021",2.99,"Dragut Stefan,Aurora Boreala",0,17,False,0
1891680,Sel Quinta - The Six City Quest,"Mar 10, 2022",10.99,BWI Games,0,1,False,0
700940,TangramsVR,"Sep 14, 2017",3.99,Kristin Dragos,0,5,False,0
451980,The Body VR: Journey Inside a Cell,"Oct 3, 2016",0.0,The Body VR LLC,0,228,False,0
1249680,Ninshi Masuta,"Oct 29, 2021",12.99,FVS Games,0,7,True,0
1085840,World Leader Card Game,"Jun 13, 2019",0.0,James Wolf,0,3,False,0
552410,Project Abyss,"Nov 18, 2016",4.99,"Tall Story Studios,Prey Interactive",0,38,False,0
1819980,Writer's Life,"Jan 11, 2022",2.99,多极网络,0,280,False,0
1528550,Imprisoned Queen,"Sep 16, 2021",7.58,"Kanoe,BananaKing",0,0,False,0
1213660,Into The Valley,"Mar 1, 2020",9.99,One Little Serf,0,4,False,0
804210,Star Advent,"Mar 10, 2018",0.99,Maraby,0,56,False,0
651660,Halcyon 6: Starbase Commander (LIGHTSPEED EDITION),"Aug 9, 2017",14.99,"Massive Damage, Inc.",0,587,True,0
680700,OK K.O.! Let’s Play Heroes,"Jan 22, 2018",19.99,Capybara Games,0,105,False,0
1759470,Suspect Enemy Playtest,"Sep 15, 2021",0.0,Unknown,0,0,False,0
1187940,Is It Wrong to Try to Pick Up Girls in a Dungeon? Infinite Combate,"Aug 10, 2020",39.99,MAGES. Inc.,0,116,False,0
1343550,Conflict Area,"Jul 1, 2020",3.99,SncI Games,0,41,False,0
115120,Iron Brigade,"Aug 13, 2012",14.99,Double Fine Productions,0,814,False,0
223490,Blockscape,"Jul 3, 2014",9.99,ioneo,0,413,False,0
1576300,Dr Iwan: Evolution,"Nov 19, 2021",6.99,OMSTUDIO,0,4,False,0
568840,GunHero,"Apr 18, 2017",7.99,Olli-Samuli Lehmus,0,5,True,0
828910,aMAZE Frozen,"Apr 4, 2018",0.51,Blender Games,0,60,False,0
952340,The Curator - Prologue,"Jun 17, 2020",14.99,Social Anvil UG (haftungsbeschränkt),0,1,False,0
1605780,Almighty: Kill Your Gods Playtest,"Apr 22, 2021",0.0,Unknown,0,0,False,0
809460,Earth Muncher,"Apr 20, 2018",1.99,Odd Ocelot Games,0,10,False,0
287700,METAL GEAR SOLID V: THE PHANTOM PAIN,"Sep 1, 2015",19.99,Konami Digital Entertainment,0,69864,False,0
879430,Switch - Black & White,"Jul 21, 2018",0.99,Koruka,0,37,False,0
400560,WeaponizedChess,"Jul 29, 2016",6.99,Arational Entertainment,0,0,True,0
814890,BoxEngine,"Mar 18, 2018",1.99,Mashiro,0,7,False,0
1330940,Sword Slinger,"Oct 20, 2020",4.99,Firebelley,0,8,True,0
542480,Therian Saga,"Mar 27, 2017",0.0,Virtys,0,332,False,0
1127610,Iris and the Giant,"Feb 27, 2020",17.99,Louis Rigaud,0,887,True,0
328890,Fritz for Fun 13,"Dec 10, 2014",19.99,Chessbase,0,19,False,0
421790,The Bradwell Conspiracy,"Oct 8, 2019",19.99,A Brave Plan,0,46,False,0
670940,The Voice in the Void,"Aug 1, 2017",6.99,Griffin Snow,0,1,False,0
895600,Mojo,"Aug 3, 2018",2.99,L. Stotch,0,81,False,0
935570,Ary and the Secret of Seasons,"Sep 1, 2020",39.99,"eXiin,Fishing Cactus",0,99,False,0
1251950,Escape of Mari: The Polar Ladybug,"Mar 13, 2020",0.99,Adam G,0,1,False,0
447120,Where the Water Tastes Like Wine,"Feb 28, 2018",19.99,"Dim Bulb Games,Serenity Forge",0,887,True,0
970900,1001 Jigsaw. Home Sweet Home,"Dec 10, 2018",4.99,Creobit,0,8,False,0
897220,Summer Pockets,"Feb 5, 2020",44.99,VisualArts/Key,0,1647,False,0
920210,LEGO® Star Wars™: The Skywalker Saga,"Apr 5, 2022",49.99,TT Games,0,26627,False,0
1916580,Red Yet Capers: Math vs Mayhem,"Mar 20, 2022",14.99,"GameMaker Studios,Tazzz Web Designs",0,0,False,0
324070,iO,"Dec 5, 2014",4.99,Gamious,0,172,True,0
364230,Lucius Demake,"Aug 8, 2016",4.99,Shiver Games,0,396,True,0
1358770,The falling tower,"Jul 15, 2020",0.0,Carotaa,0,4,False,0
830750,Poker Simulator,"Apr 6, 2018",4.99,netmin games,0,12,False,0
1856890,Zhazari VR,"Mar 16, 2022",24.99,Virtual Rabbit Studio,0,0,False,0
1760980,P.U.R.G.A.T.O.R.Y,"Oct 27, 2021",2.99,LooseScrew Games,0,13,False,0
923970,Space Company Simulator,"Oct 24, 2019",19.99,Intermarum,0,53,False,0
808870,Multiple Views Objects 多视体,"Apr 20, 2019",1.99,LANGYA,0,1,False,0
1263700,Nightwalker,"May 7, 2020",3.99,Useless Machines,0,20,False,0
1360790,Slip 'n Dip,"Aug 4, 2020",0.0,Team Egghead,0,6,False,0
1186160,All Day Dying: Redux Edition,"Dec 5, 2019",9.99,Paulo Lopes,0,41,False,0
450060,Insane Decay of Mind: The Labyrinth,"May 6, 2016",2.99,GoManga Interactive,0,28,False,0
698960,Battlemage Training,"Jan 17, 2018",0.99,Mikael Mattsson,0,1,False,0
1272150,Sol-Hel,"Apr 4, 2020",3.99,Origami Dragon,0,3,True,0
1386530,VR Travelling in the Roman Empire (VR Rome Time machine travel in history),"Aug 18, 2020",4.99,William at Oxford,0,4,False,0
224900,Iron Sky: Invasion,"Dec 13, 2012",3.99,Reality Pump,0,615,True,0
445670,The Stargazers,"Nov 4, 2016",12.99,Lupiesoft,0,7,True,0
1596640,Dark Chronicles: The Soul Reaver,"Apr 23, 2021",5.09,Crazy Turtle Games,0,28,False,0
585190,A Gummy's Life,"Oct 2, 2018",7.99,EP Games®,0,144,True,0
1110350,fishman,"Aug 10, 2019",0.99,广州希普网络科技有限公司,0,8,False,0
1072310,Kurr Snaga,"May 10, 2019",11.99,NoTime Studios,0,30,False,0
273890,Arctic Trucker Simulator,"Oct 7, 2016",1.99,United Independent Entertainment,0,8,True,0
339580,Ember,"Sep 9, 2016",9.99,N-Fusion Interactive,0,666,False,0
790930,Primitive Shooter,"Feb 7, 2018",0.99,Primitive Studio,0,60,False,0
387850,Airport Madness 4,"Jul 24, 2015",9.99,Big Fat Simulations Inc.,0,104,False,0
1315900,3d Maze In Space,"May 28, 2020",0.99,Ivan Pichugin,0,3,False,0
1119380,Trump Vs Rocketman,"Aug 8, 2019",0.49,Tero Lunkka,0,9,False,0
1254530,Vixen Wars,"May 26, 2020",0.0,3X Entertainment,0,0,False,0
47870,Need For Speed: Hot Pursuit,"Dec 14, 2010",0.0,Criterion Games,0,16047,False,0
1863100,Spooky Shooter 3D,"Jan 14, 2022",0.99,LTZinc,0,16,False,0
975100,Justice: Fallen Clan,"Jun 3, 2019",9.99,On Tilt Interactive,0,1,False,0
549920,VRchaeology: Prologue,"Dec 1, 2016",0.0,Play Nicely,0,31,False,0
33680,eversion,"Jun 7, 2010",4.99,Zaratustra Productions,0,1090,True,0
1799560,Larry The Unlucky Part 3,"Nov 11, 2021",1.99,Strongshell Software,0,16,False,0
369890,Riddled Corpses,"Jun 2, 2015",7.99,Daniel Fernandez Chavez,0,148,True,0
425230,Sword 'N' Board,"Jan 29, 2016",4.99,Stuffed Castle Studios,0,14,False,0
387340,Hyperdimension Neptunia U: Action Unleashed,"Mar 21, 2016",14.99,"Idea Factory,Compile Heart,Tamsoft",0,2685,False,0
333640,Caves of Qud,"Jul 15, 2015",19.99,Freehold Games,0,4913,True,0
979710,Easy Pose,"Jun 4, 2020",12.99,Madcat Games,0,527,False,0
912730,Gamble of Gods,"Nov 9, 2018",0.0,"Mighty Papaya,ESAT",0,4,False,0
760550,KAKUSANKIBOU / 扩散希望,"Jan 24, 2018",2.99,あみそ組,0,119,False,0
1268530,Outside The Grid,"Jun 18, 2020",0.99,GidAzGames,0,121,False,0
333970,A Druid's Duel,"Feb 25, 2015",7.99,Thoughtshelter Games,0,80,True,0
1364340,OPERATION SERPENS,"Jul 22, 2020",3.74,GINRA TECH,0,85,False,0
938630,Jewel Tree,"Oct 3, 2018",7.99,Joyful Software Games,0,3,False,0
1432330,Hentai Nureta Puzzle Power Girls,"Oct 30, 2020",0.69,Bad Kong Games,0,0,False,0
1081110,Milly the dog,"Jun 6, 2019",2.99,Vial games,0,2,False,0
1756950,Fei,"Sep 29, 2021",2.99,瞌睡真的瞌睡,0,7,False,0
1173700,Kontrol Flow,"Dec 14, 2020",2.99,Tyler Stansfield Jaggers,0,1,False,0
460220,Xenoraid: The First Space War,"Sep 30, 2016",9.99,10tons Ltd,0,106,False,0
418440,Tick Tock Isle,"Nov 19, 2015",0.99,Squiddershins,0,253,False,0
246300,Paranormal,"Sep 12, 2013",9.99,Matt Cohen,0,297,False,0
1935790,Haunted Hotel: The Thirteenth Collector's Edition,"Mar 14, 2022",9.99,Elephant,0,2,False,0
1405960,VR Travelling in 18th-19th Century Europe,"Sep 16, 2020",4.99,William at Oxford,0,2,False,0
369070,Slain: Back from Hell,"Mar 24, 2016",12.99,Steel Mantis,0,1416,True,0
1574010,Shattered Slime,"Mar 29, 2021",0.0,Jel Studios,0,0,False,0
944910,Knife Sisters,"Apr 24, 2019",16.99,Transcenders Media,0,0,True,0
1419170,My Singing Monsters,"Mar 24, 2021",0.0,Big Blue Bubble,0,0,False,0
793170,Seeking Dawn: Free to Play Edition,"Nov 1, 2018",0.0,Multiverse,0,16,False,0
461220,Beglitched,"Oct 6, 2016",9.99,Hexecutable,0,104,True,0
1819160,Meteor World Actor: Badge & Dagger,"Jun 9, 2022",17.99,Heliodor,0,157,False,0
515900,ROCK,"Aug 17, 2016",2.99,Ragnar,0,4,False,0
1594400,GAI Stops Auto: Right Version Simulator,"Jun 4, 2021",2.99,"Axyos Games,Feas",0,217,False,0
1716650,Spaceship War,"Sep 6, 2021",4.99,SosiskaGames,0,0,False,0
1204280,Renegade Grounds: Episode 2,"Dec 31, 2019",3.99,Astronomic Games,0,5,False,0
293680,Cinders,"May 1, 2014",19.99,MoaCube,0,660,False,0
1619430,Harvest Days Playtest,"Apr 29, 2021",0.0,Unknown,0,0,False,0
1667280,Fiore I: Daffodil,"Jun 30, 2021",7.99,Violet White Studio,0,0,False,0
511560,World of Golf,"Dec 6, 2016",4.99,Krazy Studios,0,10,False,0
1114610,Hover Tank Arena,"Sep 2, 2019",0.99,Angel Roldan,0,0,False,0
8000,Tomb Raider: Anniversary,"Jun 5, 2007",8.99,Crystal Dynamics,0,4173,False,0
1969620,Your Computer Might Be At Risk,"Jun 17, 2022",11.99,Tenebris Studio,0,4,True,0
879120,ClusterDisaster,"Jul 20, 2018",0.0,dev4play,0,3,False,0
1600890,恶灵退散 Go Back to Hell,"Oct 20, 2021",0.99,冷笑黑妖,0,36,False,0
1592650,Olobollo,"Jun 22, 2021",5.99,Blackthornprod,0,8,False,0
1503010,Slave Application,"Mar 26, 2021",4.99,J. Dewit,0,0,True,0
1812960,Floor is Lava,"Nov 29, 2021",14.99,galesoozka,0,30,False,0
1877100,Emu,"Feb 2, 2022",0.99,SuspiciousMosquito,0,17,False,0
996430,Pilot Sports,"Jul 31, 2019",19.99,Z-Software,0,2,False,0
541770,RuinsCity_VR,"Oct 21, 2016",8.99,"Beijing Touch the heart interactive technology co., LTD",0,0,False,0
487430,KARAKARA,"Jun 27, 2016",9.99,calme,0,1618,False,0
1507880,Abandoned Life,"Jan 30, 2021",0.0,"Parmjit Singh,Parul",0,1,False,0
1985630,Tom's Adventure,"May 30, 2022",0.99,Onduck Games,0,5,False,0
1913780,PI.EXE,"Mar 7, 2022",0.0,Zenberry Games,0,0,False,0
1816520,Motorbike Traffic Splash,"Nov 25, 2021",0.99,Traffic Rolling,0,1,False,0
931880,Tekling 2,"Nov 22, 2019",0.0,nP Studios,0,3,False,0
1146120,DeepSea,"May 31, 2020",0.99,Orangutan,0,3,False,0
676880,Tales of Glacier (VR),"Sep 3, 2017",5.99,BINGOBELL,0,0,False,0
498830,Mustache in Hell,"Jul 28, 2016",0.99,IdunaSoft,0,58,False,0
394840,Mars Colony: Frontier,"Sep 25, 2015",4.99,HyperKat Games,0,22,False,0
368430,Through the Woods,"Oct 27, 2016",19.99,Antagonist,0,929,False,0
411970,TY the Tasmanian Tiger 2,"Dec 12, 2017",14.99,Krome Studios,0,564,False,0
442710,Fantasy Tales Online,"May 5, 2016",0.0,Cold Tea Studio,0,316,False,0
1594610,Woods of Death 2,"Apr 8, 2022",6.99,Michael J Wood,0,3,False,0
1625670,AutoCube,"Dec 1, 2021",4.99,Replayable Games,0,3,False,0
1147030,The Terrible Old Man,"Oct 10, 2019",0.0,Cloak and Dagger Games,0,406,False,0
18020,"Precipice of Darkness, Episode Two","Nov 7, 2008",7.99,Hothead Games,0,143,False,0
1597270,Crime Reaper,"May 12, 2021",8.99,Potato Interactive,0,32,False,0
593210,Counter Fight: Samurai Edition,"Jun 7, 2017",2.99,"Tricol Co., Ltd.",0,69,False,0
1207520,Aigor Escape from Bishop,"Dec 25, 2019",7.99,"Emiliano Giuliante,Adriano Cerroni,Serena Aronica",0,3,False,0
1467190,Plushie Dungeon,"Oct 12, 2021",0.99,Chlebek,0,1,False,0
850630,Starting The Game,"May 8, 2018",1.99,Online Vision,0,337,False,0
1214400,A Percent of a Pirate,"Jan 17, 2020",0.99,Luminark,0,4,False,0
503950,Star Tactics Redux,"Sep 7, 2016",0.0,Devil's Dozen Games,0,40,False,0
521700,NOBUNAGA'S AMBITION: Sengoku Gunyuuden,"Feb 21, 2017",19.99,"KOEI TECMO GAMES CO., LTD.",0,1,False,0
1248390,Aspiring Light,"Aug 5, 2021",0.0,JY_2000,0,15,True,0
836350,Heartbreak High: A Break-Up Simulator,"May 21, 2018",4.99,"Good Bit,Alec Robbins",0,18,False,0
884880,Super Seeker,"Nov 12, 2018",2.99,Ennui Studio,0,7,False,0
1099980,墨色三国志,"Jun 27, 2019",0.0,墨色工作室,0,8,False,0
1519070,SGS Halls of Montezuma,"May 20, 2021",24.99,The Strategy Game Studio,0,19,False,0
1413790,10mg: HANDMADEDEATHLABYRINTH issue 0,"Oct 15, 2020",2.99,droqen,0,21,False,0
690640,Trine 4: The Nightmare Prince,"Oct 8, 2019",7.49,Frozenbyte,0,8851,False,0
964190,ANSIBLE,"Nov 8, 2018",0.0,Umbral Arts,0,1,False,0
1377360,Vampires' Melody,"Oct 2, 2020",3.99,AsicxArt,0,2612,False,0
1384790,D100 Dungeon Computer Companion,"Sep 14, 2020",12.99,"Steve Weinrich,Martin Knight",0,12,False,0
1103930,Shrine of the God-Ape,"Jul 16, 2019",0.99,Zachary Lee,0,34,False,0
976850,Trafic Road Rush,"Nov 30, 2018",0.99,crimsonearthgames,0,35,False,0
961410,Red Blue,"Nov 1, 2018",0.99,SRA Games,0,2,False,0
459050,Wizards:Home,"Sep 7, 2017",4.99,Wildcard Studios,0,0,False,0
810450,The Idiot's Tale,"Mar 10, 2018",7.99,Megalithic Mainframe,0,7,False,0
1701460,HipWitch,"Feb 4, 2022",0.0,Studio Hip Sword,0,0,False,0
462380,Music of the Spheres,"May 24, 2019",2.99,Hamish Todd,0,1,False,0
676510,Industrial Petting,"Mar 17, 2020",15.99,Another Yeti,0,63,False,0
681190,Secrets of Arcadia,"Oct 2, 2017",4.99,Team OctoPoodle,0,11,False,0
2053380,Chrono Weaver Playtest,"Jul 6, 2022",0.0,Unknown,0,0,False,0
1635220,A Circle Among Squares,"Jun 17, 2021",5.99,Silent Circle Games,0,0,False,0
1747650,The Darkest Tales — Into the Nightmare,"Oct 14, 2021",0.0,Trinity Team,0,0,False,0
357700,Rogue Continuum,"Oct 4, 2016",0.0,Rocktastic Games,0,19,True,0
354140,Five Nights at Freddy's 3,"Mar 2, 2015",7.99,Scott Cawthon,0,6678,False,0
1415250,RE: Get To Schol On Time,"Oct 1, 2020",3.5,"GHXYK2,FAMICON",0,16,False,0
1310590,Tank Battle,"May 25, 2020",0.0,Create Game (OlegM),0,93,True,0
264160,WazHack,"Feb 17, 2014",9.99,Waz,0,581,True,0
965030,Run Naked Woman Run,"Dec 7, 2018",0.49,Tero Lunkka,0,19,False,0
2007030,Platformity,"Jun 20, 2022",2.99,Normogames,0,17,False,0
56438,Dawn of War II: Retribution – The Last Stand,"Apr 20, 2011",9.99,"Relic Entertainment,Feral Interactive (Mac/Linux)",0,28,True,0
247240,Volgarr the Viking,"Sep 13, 2013",9.99,Crazy Viking Studios,0,1869,True,0
1776650,FRAGROOM: Defenders,"Feb 3, 2022",0.0,District Zero,0,0,False,0
1279220,Net King's Call,"Feb 19, 2021",0.0,Greystone Games,0,2,False,0
1552930,Evasilix,"Nov 23, 2021",14.99,Obstenatis,0,0,False,0
2012650,Zuria,"Jun 23, 2022",0.0,Maxel,0,0,False,0
1372310,Love Mystery Club,"Jul 30, 2020",0.99,GMatrix,0,77,True,0
819960,Resynth,"Sep 27, 2018",5.99,Polyphonic LP,0,14,False,0
1386180,Bitty Engine,"Mar 17, 2021",11.24,Tony Wang,0,23,True,0
1789560,ReDrawn: The Painted Tower Collector's Edition,"Nov 12, 2021",13.99,Friendly Fox,0,7,False,0
1627820,Universe For Sale - Prologue,"Jun 6, 2021",0.0,Tmesis Studio,0,0,False,0
593200,The Adventures of Fei Duanmu 端木斐异闻录,"Mar 9, 2017",3.99,致意,0,1550,True,0
1379120,MechNest,"Oct 22, 2021",24.99,PoisonGames,0,8,False,0
1235460,Angry Bunny 2: Lost hole,"Mar 13, 2020",0.49,"Tero Lunkka,Valkeala Software",0,28,False,0
720060,Colony,"Dec 15, 2017",1.99,eugeniy_kh,0,7,True,0
709350,Dark Realm: Princess of Ice Collector's Edition,"Sep 27, 2017",9.99,Mad Head Games,0,4,False,0
613610,Silver Island,"Mar 28, 2017",5.99,"Jeremy Sebastiano,Matt Maurer",0,9,False,0
1990670,Vacation Adventures: Cruise Director 6,"May 27, 2022",6.99,Casual Arts,0,1,False,0
1198080,Westminster Darkly,"Aug 1, 2020",3.99,Studio Incorrect,0,6,False,0
1516900,RASPBERRY MASH,"Mar 24, 2021",14.99,IGNITION M,0,18,False,0
391730,Crashlands,"Jan 21, 2016",14.99,Butterscotch Shenanigans,0,3215,False,0
1172340,Short Scary Stories - Zombie Defense,"Nov 13, 2019",0.59,Lotus GamesTr,0,0,False,0
1551230,Demon Slayer Akagi,"Jul 16, 2021",4.99,Cookie Games Club,0,32,False,0
855030,Balloon Strike,"May 18, 2018",2.99,Yash Future Tech Solutions Pvt Ltd,0,2,False,0
940780,Royal Roads,"Nov 23, 2018",0.49,Studio Bidon Games,0,16,False,0
1271300,Methods: The Detective Competition,"Jun 1, 2020",19.99,LockedOn,0,285,True,0
303830,Motorcycle Club,"Nov 28, 2014",9.99,Kylotonn Entertainment,0,36,False,0
433670,Professional Farmer 2017,"Mar 23, 2016",2.99,VIS-Games,0,72,False,0
1993670,Flappy Butt,"Jul 11, 2022",4.99,Steven DiLeo,0,2,False,0
1746330,TFM: The First Men Playtest,"Jun 7, 2022",0.0,Unknown,0,0,False,0
604770,Dark Prospect,"Aug 11, 2020",13.99,CashcowGames,0,37,False,0
769110,Barbarian Souls,"Aug 30, 2019",14.99,Sabrina Aridi,0,31,False,0
772500,Distortions,"Mar 2, 2018",9.99,Among Giants,0,105,False,0
1413560,Mages and Treasures,"Oct 27, 2020",4.99,lightUP,0,14,False,0
268400,Panzer Corps Gold,"Mar 12, 2014",29.99,"Flashback Games,The Lordz Games Studio",0,1997,False,0
1647300,魔王軍第七工兵大隊偵察班,"Jul 14, 2021",9.99,Sisin Games,0,0,False,0
826420,Dark Romance: Heart of the Beast Collector's Edition,"Apr 6, 2018",9.99,Domini Games,0,12,False,0
1850620,PenBall,"Jan 4, 2022",3.99,QuickBobber,0,0,False,0
940710,Colt Canyon,"Jun 16, 2020",14.99,Retrific,0,610,False,0
1603980,"If On A Winter's Night, Four Travelers","Sep 21, 2021",0.0,Dead Idle Games,0,0,True,0
794300,Simple Man,"Mar 12, 2018",1.99,CSM,0,8,False,0
360380,Tiny Bridge: Ratventure,"May 8, 2015",4.99,Estelion,0,626,False,0
1199900,Hope's Farm,"Dec 13, 2019",9.99,Green Sauce Games,0,12,True,0
653950,Your Smile Beyond Twilight:黄昏下的月台上,"Jun 23, 2017",1.99,Lingtan Studio,0,520,False,0
877360,18+,"Jul 3, 2018",0.99,KuKo,0,332,False,0
1282500,Prisme 7,"Apr 23, 2020",0.0,"Bright,Game in Society",0,12,False,0
1249480,Ex-Zodiac,"Jul 21, 2022",8.99,MNKY,0,167,True,0
881090,Super Dodgeball Beats,"Sep 11, 2019",12.99,FinalBoss Games,0,23,False,0
1318210,Dancing Angel,"May 28, 2020",0.0,Le Quang Nhan,0,11,False,0
1404770,Cube,"Sep 12, 2021",1.99,ycyclop,0,2,False,0
12690,Hunting Unlimited 2010,"Jul 7, 2009",9.99,SCS Software,0,211,False,0
1092040,BOMJMAN,"Dec 15, 2020",9.99,Unique Media,0,463,False,0
1170950,Mortal Online 2,"Jan 25, 2022",26.79,Star Vault AB,0,4754,False,0
417410,Northern Tale,"Feb 9, 2016",2.99,Realore,0,46,False,0
918260,Pachansky Mathematics 2+2=8,"Aug 21, 2018",0.49,Nikita Ghost_RUS,0,12,False,0
839460,Psycho Squirrels,"May 15, 2018",1.99,Intangible Games,0,2,False,0
655700,F.E.X (Forced Evolution Experiment),"Aug 24, 2017",6.99,NonFictional Games,0,6,False,0
986920,Exploding Babies,"Oct 27, 2021",11.99,Nutfarm Games,0,1,False,0
610620,Too Loud: Chapter 1,"Jul 10, 2019",0.0,Cubic Pie,0,26,False,0
781290,Hostage: Rescue Mission,"Feb 8, 2018",2.44,Infogrames,0,4,False,0
1698290,LabTrainingVR: Personal Protective Equipment Edition,"Oct 6, 2021",0.0,Centers for Disease Control and Prevention,0,0,False,0
1909430,Story of You: The Allied Kingdoms,"Mar 6, 2022",2.99,3 Gentle Giants,0,4,False,0
400160,Concrete Jungle,"Sep 23, 2015",6.99,ColePowered Games,0,500,False,0
571530,Superdimension Neptune VS Sega Hard Girls,"Jun 12, 2017",19.99,"IDEA FACTORY,COMPILE HEART,FELISTELLA",0,818,False,0
331390,Winged Sakura: Mindy's Arc,"Nov 7, 2014",9.99,WINGED SAKURA GAMES,0,140,True,0
1281200,The Walking Fish 2: Final Frontier,"Jun 1, 2020",0.0,"That Fish,That Other Fish",0,234,False,0
998760,Chewing,"Jan 9, 2019",2.99,KYOTON TEAM,0,0,False,0
1389560,Paint Girl,"Sep 25, 2020",1.99,ADOG,0,582,False,0
18420,Crazy Machines,"Dec 12, 2008",9.99,Fakt Software,0,130,False,0
233700,Sword of the Stars: The Pit,"Feb 21, 2013",9.99,Kerberos Productions,0,1241,True,0
1219520,CORVUS,"Feb 8, 2020",1.99,nilow,0,0,False,0
602160,Alchemist Defender VR,"Nov 22, 2017",9.99,TreeView Studios,0,10,False,0
1565710,Dragon's Bane,"Apr 8, 2021",5.99,Struggle Bus Games LLC,0,4,False,0
760810,Retimed,"Dec 5, 2019",14.99,Team Maniax,0,249,False,0
1069050,Little Dungeon Stories,"Dec 6, 2019",5.35,David Moralejo Sánchez,0,81,False,0
1974580,Who Run The City: Multiplayer Playtest,"Apr 27, 2022",0.0,Unknown,0,0,False,0
827950,Inzo,"Apr 27, 2018",9.99,Ethernia Productions,0,3,False,0
973700,Disassembly VR,"Jan 31, 2019",20.99,Khor Chin Heong,0,78,False,0
501610,CyberLink ActionDirector 3,"Nov 20, 2017",39.99,CyberLink,0,11,False,0
1651980,Tizahl's Quest,"Aug 16, 2021",4.99,SorceressGameLab,0,1,False,0
725050,Thug Life,"Dec 20, 2017",8.99,U24 Solutions,0,1,False,0
755950,Fantasy Quest Solitaire,"Jan 16, 2018",8.99,rokaplay,0,70,False,0
1787210,YOKAIWARE,"Jan 3, 2022",4.99,RazorFinger,0,8,False,0
1557740,ROUNDS,"Apr 1, 2021",5.99,Landfall,0,11031,False,0
9970,Star Raiders,"May 11, 2011",9.99,Incinerator Studios,0,5,False,0
697490,Space Wrangler,"Sep 29, 2017",0.99,Bad Panda Games,0,0,False,0
1542080,Super Crazy Nynja,"Jul 23, 2021",3.59,Tony salaun,0,1,False,0
1024430,Super Arcade Soccer,"Feb 26, 2019",3.99,Ruben Alcañiz,0,27,False,0
549790,Glorch's Great Escape: Walking is for Chumps,"Apr 3, 2017",2.99,"Warrior General Games, LLC",0,4,False,0
275850,No Man's Sky,"Aug 12, 2016",29.99,Hello Games,0,181803,False,0
409510,Genesis Online,"Nov 10, 2015",0.0,Shumkov Dmitriy,0,605,False,0
1054450,The Raintime,"Jun 5, 2020",0.0,socah development,0,30,False,0
1921180,Escape Game - FORT BOYARD 2022,"Jul 7, 2022",24.99,Balio Studio,0,3,False,0
1607130,Lust Theory - Season 1,"Mar 18, 2022",14.99,Inceton games,0,0,True,0
1589380,Horatio Goes Snowboarding,"Jul 10, 2021",5.99,Infinite State Games,0,89,False,0
618420,【NekoGakuen】《MatthiolaReverieVerse:LostIsland》,"Jun 11, 2022",0.0,NekoGakuen,0,0,False,0
607590,Earthquake Simulator VR,"Jul 3, 2017",2.99,Lindero Edutainment,0,7,False,0
1197060,FUNGI,"Dec 27, 2019",0.0,Nonline Studios,0,30,False,0
1439400,Bananarun,"Aug 5, 2021",1.99,Emil Leijon,0,7,False,0
1115650,Blind Date 3D,"Aug 15, 2019",9.99,Lesson of Passion,0,0,False,0
818220,Fatal Stormer,"Apr 4, 2018",4.99,Square Gem Software,0,18,False,0
1962920,Kemono Friends Cellien May Cry,"May 1, 2022",0.0,坂本龍,0,0,False,0
965920,RocketGO,"Nov 26, 2018",0.0,Ge Yin,0,21,False,0
1180960,Arktrum,"Oct 15, 2020",7.99,Square Gem Software,0,2,False,0
1009370,Elephants Can't Jump,"Mar 4, 2019",9.99,Skwiggle Entertainment,0,1,False,0
440800,Trial by Viking,"Mar 29, 2016",4.99,Last Life Games,0,25,True,0
636910,Geoid,"Jun 16, 2017",9.99,Zen Relay Games,0,9,True,0
628060,Romance of the Three Kingdoms X with Power Up Kit,"Dec 5, 2017",29.99,"KOEI TECMO GAMES CO., LTD.",0,339,False,0
1384680,Todd's Spider Dream,"Sep 30, 2020",0.99,Out Of The Gutter Gaming,0,3,False,0
474620,Giga Girl,"Aug 17, 2016",2.99,"Outgunned Games,Invisible tile",0,17,False,0
1600440,Keep looking,"Apr 25, 2021",29.99,Keep looking,0,0,False,0
1244460,Jurassic World Evolution 2,"Nov 9, 2021",59.99,Frontier Developments,0,11203,False,0
697850,FPS - Fun Puzzle Shooter,"Nov 17, 2017",0.99,Rafael Farias,0,22,False,0
1225590,Sea of Solitude,"Jun 4, 2020",19.99,Jo-Mei Games,0,1279,False,0
1509360,Pinball Groupies,"Dec 21, 2021",3.99,Motodestructo,0,0,False,0
1034950,Mad Princess: The Great Gladiators,"Mar 14, 2019",17.99,Atorasoft,0,11,False,0
438430,Valentino Rossi The Game,"Jun 16, 2016",14.99,Milestone S.r.l.,0,322,False,0
1126090,Booby And The Booby Trap,"Aug 7, 2019",0.99,OZNA STUDIO,0,36,False,0
915930,Sparticles,"Aug 27, 2018",7.99,Zarbuz,0,4,True,0
1208050,Shine's Adventures 3 (Sea Fight),"Jan 12, 2020",2.99,ShineProject,0,14,False,0
1044930,恋爱公寓（My Girl：Love Story）,"Jun 14, 2019",9.99,XD_Entertainment,0,18,False,0
1204740,How Stories Die,"Nov 5, 2020",0.0,VisualBagel,0,92,True,0
1173010,Flowers Blooming at the End of Summer,"Feb 26, 2021",0.99,MidnightWorks,0,1108,True,0
843870,Card Games Mega Collection,"Jun 13, 2018",6.99,Gunnar Games,0,15,False,0
207610,The Walking Dead,"Apr 24, 2012",14.99,Telltale Games,0,56197,False,0
504690,Woven,"Nov 15, 2019",19.99,Alterego Games,0,127,True,0
1091650,XMagicMouse,"Jun 5, 2019",2.99,XDesktopSoft,0,48,False,0
1014710,sCATter,"Feb 7, 2019",19.99,"SEEDGAMES Co., Ltd.",0,21,False,0
38230,Hotel Giant 2,"Jan 27, 2010",2.39,"Enlight Software Limited, PerspectX",0,110,False,0
224260,No More Room in Hell,"Oct 31, 2013",0.0,No More Room in Hell Team,0,58692,True,0
577570,Mage Guard: The Last Grimoire,"Jul 31, 2017",19.99,Hashbang Games,0,2,False,0
1181140,PerfectLover,"Nov 21, 2019",13.99,MIGI STUDIO,0,0,False,0
595300,VR2: Vacate 2 Rooms (Virtual Reality Escape),"Jul 16, 2018",2.03,hOSHI,0,18,False,0
1023750,INVITATION,"May 17, 2019",12.99,XIV STUDIO,0,44,False,0
1290920,Roll Control,"May 18, 2020",4.99,Andrew Simon Thomas LLC,0,5,False,0
811950,Bloody Faerie,"Sep 28, 2018",1.99,EJRGames,0,5,False,0
1063100,Re[Map],"May 23, 2019",0.0,"Spencer Pilarski,Snippy Nguyen",0,4,False,0
258220,Blood Knights,"Nov 13, 2013",9.99,Deck 13,0,566,False,0
1238220,UNNAMED,"Mar 2, 2020",0.99,H3Soft,0,1,False,0
654450,Exorcise The Demons,"Sep 18, 2019",19.99,Midnight Games EIRL,0,20,False,0
1743060,Eco Park Playtest,"Sep 15, 2021",0.0,Unknown,0,0,False,0
1257210,Rabbit Simulator,"Mar 20, 2020",2.49,Meng Games,0,40,False,0
1065630,Beats Warrior: Nian,"Jul 16, 2019",2.99,Liujiajun,0,37,False,0
613980,Top Secret,"Nov 27, 2017",2.99,Sky Nite,0,5,False,0
1180110,DeadShotZ,"Nov 5, 2019",1.99,IndigoWare,0,14,False,0
647570,Transference™,"Sep 18, 2018",4.99,Ubisoft,0,268,False,0
1790580,Castle Mascot,"Oct 29, 2021",1.99,JoyMoon Tech Ltd.,0,2,False,0
504300,Gangs of Space,"Aug 10, 2017",0.0,Little Big MMO,0,309,True,0
1816420,Maze Art: Green,"Dec 2, 2021",1.99,My Label Game Studio,0,2,False,0
1740540,The Lands of Eldyn,"Nov 1, 2021",0.0,theEndian,0,0,True,0
1238810,Battlefield V,"Oct 22, 2020",14.99,DICE,0,82938,False,0
1825980,Blockworks Playtest,"Jan 28, 2022",0.0,Unknown,0,0,False,0
1543550,Eviron's Chronicles,"Apr 22, 2021",0.0,Time Stealers Studio,0,14,False,0
1651090,Crown of Pain,"Feb 15, 2022",4.99,"Jagit Games,Coldwild Games",0,35,True,0
1091460,剑魄 JianPo,"Sep 22, 2021",18.99,离忧先生,0,433,False,0
657780,Rome Circus Maximus: Chariot Race VR,"Sep 26, 2017",2.0,Vicente Rosell Roig,0,3,False,0
1574390,Converter,"Apr 6, 2021",5.99,Funkyzeit Games,0,21,False,0
1916290,One Night With Stalin,"Mar 18, 2022",0.99,Sweet Games,0,0,False,0
1122210,Guns Craft,"Jul 30, 2019",0.49,Boogygames Studios,0,4,False,0
709700,The Thing: Space X,"Sep 20, 2017",0.99,LillyWelland inc.,0,32,False,0
2096100,ONAR Playtest,"Jul 22, 2022",0.0,Unknown,0,0,False,0
289180,A.I.M.2 Clan Wars,"May 22, 2014",2.99,SkyRiver Studios,0,342,False,0
1577120,The Quarry,"Jun 9, 2022",0.0,Supermassive Games,0,3653,False,0
70210,Governor of Poker 2 - Premium Edition,"Oct 11, 2010",14.99,I Sioux Game Productions B.V.,0,202,False,0
1146970,My Vow to My Liege,"Sep 21, 2020",9.99,YETU GAME,0,2946,False,0
928060,Hentai Lady,"Oct 19, 2018",0.59,"Pirotexnik,TeeRax",69,11,False,99
1532260,Sliko,"Mar 27, 2021",0.99,Bissonho,0,31,False,0
55140,MX vs. ATV Reflex,"Nov 26, 2010",19.99,"Double Helix Games,Rainbow Studios,THQ Nordic",0,2717,False,0
345230,The Dark Inside Me,"Jun 6, 2018",7.99,Akçay Karaazmak,0,102,False,0
627410,BlackEye,"Aug 9, 2017",4.99,Dnovel,0,27,False,0
788870,In The Long Run The Game,"Jul 2, 2018",9.99,Zerstoren Games,0,6,False,0
1064860,约拍女神 Private Model,"May 3, 2019",4.99,MCGame,0,85,False,0
849520,Rheum,"May 22, 2018",2.99,SpaceMyFriend,0,16,False,0
516520,Omega Reaction,"Oct 17, 2016",0.0,Nick Van Fossen,0,9,False,0
1989190,Knight Story,"May 18, 2022",9.99,3D PUZZLE,0,14,True,0
1081410,GourMelee,"Jun 6, 2019",7.99,Anthony Tesija,0,11,False,0
2001570,Yakiniku simulator,"Jun 3, 2022",4.99,"SECRET CHARACTER,Napas Torteeka",0,185,False,0
524010,Siege of Centauri,"Sep 12, 2019",14.99,Stardock Entertainment,0,246,False,0
535440,WAR7,"Oct 21, 2016",0.0,Tinycorp,0,10,False,0
1379040,Pixel Ninja,"Aug 10, 2020",0.79,Nacks Soft,0,3,False,0
450150,Campgrounds: The Endorus Expedition Collector's Edition,"Mar 3, 2016",9.99,Jumb-O-Fun,0,2,False,0
1257700,Wacky Golf Land,"Apr 24, 2020",2.79,eStudio NooN,0,5,False,0
1355310,Nightmare Puppeteer,"Sep 21, 2020",0.99,Imagination Rabbit,0,40,False,0
445020,Frozen Synapse 2,"Sep 13, 2018",29.99,Mode 7,0,153,False,0
1863080,Beat Invaders,"Mar 10, 2022",9.99,Raffaele Picca,0,99,True,0
769580,Kingdom of Blades,"Feb 23, 2018",9.99,Chesstar Studios,0,5,False,0
1474090,VAIL Alpha,"Feb 22, 2021",0.0,Unknown,0,0,False,0
1438060,Rolls and Girls,"Nov 7, 2020",0.49,Kotovodk Studio,0,0,False,0
394030,Trigonarium,"Aug 31, 2015",2.99,Kimmo Lahtinen,0,28,False,0
1108780,The Pirate Queen,"Dec 21, 2019",2.99,Cyberfox Studios,0,1,False,0
513490,1943 Berlin Blitz,"Oct 3, 2018",0.0,BBC Media Applications Technologies Limited,0,232,False,0
361790,Winged Sakura: Mindy's Arc 2,"Apr 26, 2019",9.99,WINGED SAKURA GAMES,0,11,True,0
1237090,Bounty For Sharks,"Feb 18, 2020",0.72,Beep2Bleep,0,4,False,0
1810640,Magnet Crusher Playtest,"Feb 23, 2022",0.0,Unknown,0,0,False,0
458450,GAIN,"Jun 14, 2016",4.99,Worldgame entertainement,0,13,False,0
1041450,RRRR2,"Apr 22, 2019",2.19,Dnovel,0,18,False,0
1594300,Police Monster Drift,"May 11, 2021",4.99,RamicSoft,0,0,False,0
1076830,Quest For Wartorn Brotherhood,"May 26, 2019",0.49,Croatian games republic,0,8,False,0
1664130,Mighty Chameleon Brothers,"Jun 28, 2021",0.0,"Gallagher Laird,Kevin McConnell",0,0,False,0
1698880,Journey On Playtest,"Aug 10, 2021",0.0,Unknown,0,0,False,0
1421760,What Comes After,"Nov 5, 2020",4.99,"Pikselnesia,Rolling Glory Jam",0,576,False,0
1836740,Elemgate,"Jul 8, 2022",19.99,CWPGames,0,0,False,0
1510380,Burst Squad,"Jun 11, 2021",1.99,"Junybox64,IronyDev",0,37,False,0
1619200,票者！小慧的打工大作戰,"Jul 14, 2021",12.99,Kato Ooki Game Studio,0,10,False,0
867080,Stones of Yalmrith,"Sep 21, 2018",5.99,Zine FALOUTI,0,3,True,0
1104250,Poly Mole,"Jul 12, 2019",0.99,Haubna,0,9,True,0
593330,Algotica Iterations,"Mar 23, 2017",6.99,Alexander Goodwin,0,91,True,0
1399850,Squares Rage,"Oct 23, 2020",1.99,"AjayMadeThis,Ajay Arora Games",0,9,False,0
455990,Smash Pixel Racing,"Jun 20, 2016",2.99,Jollyfish Games,0,7,True,0
824520,Nobody Knows,"Apr 3, 2018",1.99,wildprophecy,0,3,False,0
1469800,Koma,"Dec 15, 2020",1.99,"404.zero,Bergamot Digital",0,12,False,0
529870,Microgons,"Mar 27, 2017",0.0,DOG HOGGLER,0,52,False,0
691540,Space Fighter,"Sep 14, 2017",0.0,Roger Barton,0,68,True,0
564230,Fire Pro Wrestling World,"Dec 18, 2017",29.99,"Spike Chunsoft Co., Ltd.",0,2381,False,0
456670,Hand of Fate 2,"Nov 7, 2017",7.49,Defiant Development,0,4359,True,0
428340,Marmoset Hexels 3,"Feb 15, 2016",49.0,Marmoset LLC,0,279,False,0
2007000,Shadow of Asha,"Jun 9, 2022",3.89,Pyliot,0,6,False,0
1165600,Lost in Transit,"Jan 17, 2020",2.99,Spikely Games,0,0,False,0
1950240,TERROVOX,"May 4, 2022",1.99,TeemTroom,0,3,False,0
1849800,Cramit's Keep,"Jan 10, 2022",4.99,Socks Off Studios,0,8,False,0
1281980,Catovania,"Jun 3, 2020",0.99,Fatnicko,0,1,False,0
1819780,Vampire Combat,"Dec 3, 2021",3.99,Gamma Ray Chamber,0,2,False,0
287900,Pro Pinball Ultra,"Jul 21, 2016",14.99,Barnstorm Games,0,193,True,0
880800,AKAI NOROI,"Jul 24, 2020",12.99,Aza Game Studio,0,14,False,0
666910,Malfunction,"Jul 27, 2017",0.99,Barlock Games,0,5,False,0
917050,Find The Balance,"Sep 28, 2018",0.99,"Digital Melody,Wastelands Interactive",0,1,False,0
609920,Hotshot Racing,"Sep 10, 2020",3.99,"Sumo Digital Ltd,Lucky Mountain Games",0,931,False,0
1419870,The Book of Shadows,"Jan 28, 2021",5.09,Tiny Goblin Productions,0,9,False,0
448080,Fibbage XL,"Mar 24, 2016",9.99,"Jackbox Games, Inc.",0,233,True,0
2010550,微光之镜 Playtest,"Jun 6, 2022",0.0,Unknown,0,0,False,0
32390,STAR WARS™ Jedi Knight - Mysteries of the Sith™,"Sep 16, 2009",2.99,LucasArts,0,536,False,0
527250,VilleTown,"Sep 23, 2016",4.99,Laugical Games,0,13,False,0
1929360,Tumbleweed Destiny,"Mar 31, 2022",2.99,KIMIDORI SOFT,0,238,False,0
879580,Hyperball,"Feb 20, 2019",7.99,izyl,0,0,False,0
1153070,Hentai Zodiac Puzzle 2,"Oct 24, 2019",0.99,Zodiacus Games,0,0,False,0
600670,Descending,"Nov 14, 2018",11.99,oldnag,0,4,False,0
894960,Evil Reap,"Apr 15, 2022",19.99,EzeyStudio,0,9,False,0
1807030,九霄大陆 Playtest,"Nov 10, 2021",0.0,Unknown,0,0,False,0
1631190,The Invasion,"May 27, 2021",0.9,Gene,0,0,False,0
881510,"The Official GamingTaylor Game, Great Job!","Jul 6, 2018",9.99,Taylor Marsh,0,43,False,0
1775510,Raiders of the Icepeak Mountains,"Nov 12, 2021",3.99,Hosted Games,0,0,True,0
1180420,Windmill Kings,"Jan 29, 2020",4.99,Bigosaur,0,15,False,0
1853720,Timings,"Jan 4, 2022",4.99,QuickBobber,0,1,False,0
1484700,Peaceful Soul Playtest,"Nov 27, 2020",0.0,Unknown,0,0,False,0
1364500,Drive or Die,"Aug 31, 2020",1.99,Sergey Mezhakov,0,3,False,0
284160,BeamNG.drive,"May 29, 2015",24.99,BeamNG,0,127265,False,0
295490,Schrodinger’s Cat And The Raiders Of The Lost Quark,"Sep 23, 2014",9.99,Italic Pig Limited,0,84,True,0
686000,Lightwire,"Aug 24, 2017",0.0,nP Studios,0,1,False,0
1672840,Nyctophobia: Devil Unleashed,"Jul 7, 2021",5.99,Solitary Games,0,40,False,0
1861620,电玩捕鱼,"Mar 24, 2022",0.0,电玩捕鱼,0,0,False,0
1595030,Bad Memories,"May 9, 2021",8.99,bmrec,0,0,True,0
345140,Crystal Rift,"Mar 30, 2016",1.99,Psytec Games Ltd,0,78,True,0
95300,Capsized,"Apr 29, 2011",9.99,Alientrap,0,799,True,0
1751230,Kingdom Traveler,"Dec 3, 2021",7.99,烟熏渔,0,13,False,0
330460,Celestial Command,"Nov 20, 2014",19.99,"Romenics,Artaani,Riya",0,397,True,0
322580,Dungeon Lurk II - Leona,"Oct 27, 2014",9.99,Keys of Nine Entertainment,0,11,False,0
701470,TTV2,"Sep 11, 2017",0.49,Walter Machado,0,141,True,0
1512610,Furries & Scalies: Super Scary Halloween Spooky Times Part II,"Oct 21, 2021",9.99,Stegalosaurus Game Development,0,0,True,0
501420,My Own Pet,"Jul 19, 2016",5.99,JDMSoftware,0,1,False,0
1213650,FEB - Brazilian Elite Force,"Jan 13, 2020",1.99,Bearded Boy Productions,0,4,False,0
665920,SHOWMAKER,"Feb 14, 2018",14.99,Preapp Partners,0,59,False,0
1639610,"Save Me, Sakuya-san!","Jun 2, 2021",2.99,Sigyaad Team,0,440,False,0
1163870,Mecha Knights: Nightmare,"Aug 30, 2021",15.99,Damian Kubiak,0,710,False,0
1296550,Altidudes®,"Jan 26, 2021",1.99,RIDENTEM,0,3,False,0
1640000,Bird's Eye,"Aug 23, 2021",14.99,Apple Dash,0,0,True,0
1950710,1001 Jigsaw. Legends of Mystery 5,"May 29, 2022",4.99,8floor,0,0,False,0
660170,Haunted Hotel: Stay in the Light,"Jun 30, 2017",5.99,JRad Games,0,6,False,0
1570850,Frauki's Adventure!,"Apr 29, 2021",4.99,Casey Clyde,0,20,True,0
645700,第502統合戦闘航空団 ブレイブウィッチーズ VR-Operation Baba_yaga-雪中迎撃戦,"Jun 8, 2017",17.99,ブレイブウィッチーズVR製作委員会,0,8,False,0
384100,Slybots: Frantic Zone,"Jan 18, 2016",6.99,"Team ERROR,Tiny Colossus",0,30,True,0
1861110,BLOCKY.GO!,"Mar 22, 2022",0.0,Raphael Chaoui,0,0,False,0
471270,Leave The Nest,"May 27, 2016",2.99,Kaio Interactive,0,9,False,0
1858070,Clockwise Jinx,"Jan 13, 2022",0.0,Pavel Gorev,0,0,False,0
1156510,Peachleaf Pirates,"Sep 27, 2021",2.79,Dog Kiss Studio,0,33,False,0
262210,Last Knight: Rogue Rider Edition,"Oct 3, 2014",7.99,Toco Games,0,182,False,0
602520,NEKOPARA Vol. 3,"May 25, 2017",9.99,NEKO WORKs,0,11080,False,0
1352560,Cartridge Monsters,"Feb 4, 2021",0.0,Happenstance Games,0,13,False,0
1793060,PlanetDrop - A Tiny Space Adventure,"Nov 4, 2021",0.0,Ukio,0,0,False,0
1183410,you are pig sitter,"Jan 22, 2020",3.99,yukitama,0,2,False,0
847260,Deep Dark Labyrinth,"Jun 21, 2018",0.0,Deep Van,0,5,False,0
329040,Dungeon Kingdom: Sign of the Moon,"Nov 19, 2015",18.99,Hydro Games,0,106,True,0
588980,Speed and Scream,"May 11, 2017",4.99,iNFINITE Production,0,8,False,0
925340,A Winter's Daydream,"Oct 15, 2018",5.99,ebi-hime,0,31,True,0
774511,Megadimension Neptunia VIIR,"Oct 22, 2018",10.49,"IDEA FACTORY,COMPILE HEART",0,611,False,0
1911250,General Practitioner 2,"Apr 28, 2022",7.99,Bruni Multimedia,0,0,True,0
596470,Cartesian,"Feb 17, 2017",0.0,Mark Radocy,0,36,False,0
376760,Big Thinkers Kindergarten,"Aug 18, 2015",6.99,Humongous Entertainment,0,44,True,0
1492330,Century Playtest,"Feb 1, 2021",0.0,Unknown,0,0,False,0
42170,Krater,"Jun 12, 2012",14.99,Fatshark,0,467,False,0
1867810,Mercenaries Rebirth: Call of the Wild Lynx,"Jun 29, 2022",19.99,"ESQUADRA,inc.,RideonJapan",0,18,False,0
454420,Mini Metal,"Apr 22, 2016",9.99,Luandun Games Pte. Ltd.,0,19,True,0
816670,Slayer Of Traitors,"May 13, 2018",0.49,Tero Lunkka,0,9,False,0
979500,雪策边境-BSP,"Mar 21, 2019",7.99,"Chongqing Juxin Technology Co., Ltd",0,11,False,0
1350280,Jonas Willy Online,"Jul 9, 2020",2.99,Vutune,0,9,False,0
1890810,A Tale of Synapse : The Chaos Theories,"Feb 11, 2022",17.99,Souris Lab,0,2,False,0
293180,Overcast - Walden and the Werewolf,"Apr 18, 2014",0.51,Microblast Games,0,1661,False,0
1481460,H.E.L.L. Shuffle Playtest,"Nov 29, 2020",0.0,Unknown,0,0,False,0
764570,Beavers Be Dammed,"Jan 16, 2018",0.0,Wallflower Games,0,281,True,0
42940,Elven Legacy: Siege,"Nov 17, 2009",1.99,1C:InoCo,0,13,False,0
792370,A Rite from the Stars,"Jul 18, 2018",14.99,"Risin' Goat,Flying Beast Labs",0,22,False,0
606270,Chess and Checkers VR,"Mar 14, 2017",4.99,MobileFusion Apps Ltd,0,2,False,0
700100,Spooky Station,"Oct 29, 2019",4.99,"Coletivo Vaca Roxa,Vee,JoyMasher,PKO Game Studio,Spookids Team,Calangames,Expresso Studios,Pastel Studios,Heavy Sheep,LASTONE,Asteristic Game Studio",0,297,False,0
1009030,Hello Emoji: Drawing to Solve Puzzles,"Jan 20, 2019",0.99,Riovox,0,1,False,0
1267230,Labyrinth: The Exit Is Closer,"Apr 1, 2020",0.99,eugeniy_kh,0,5,False,0
1150900,EAGLETALON vs. HORDE OF THE FLIES,"Dec 23, 2019",9.99,"DICO,DLE Inc.",0,1,False,0
1157020,1001 Hugs,"Sep 26, 2019",0.0,Aigul Aubanova,0,49,False,0
1319420,Chasing Static,"Oct 14, 2021",14.99,Headware Games,0,254,False,0
837280,Lost Borderline,"May 3, 2018",0.0,PigeonCube Studios,0,15,False,0
204220,Snapshot,"Aug 30, 2012",9.99,Retro Affect,0,176,True,0
914450,Test Subject 901,"Sep 11, 2018",0.0,SpinVR.ca,0,34,False,0
239120,Final Fantasy III (3D Remake),"May 27, 2014",15.99,Square Enix,0,2205,False,0
1768810,TRIBAL The 12 Gates,"Apr 13, 2022",24.99,Tribal.Games,0,10,False,0
307620,Curses 'N Chaos,"Aug 18, 2015",9.99,Tribute Games Inc.,0,69,False,0
1145530,One day,"Nov 1, 2019",1.99,Zhongce Games,0,51,False,0
326060,Starlight Drifter,"Jun 29, 2018",19.99,Dharker Studio,0,33,False,0
1977900,Bonza Boom,"Jul 1, 2022",0.99,Gillar Limited,0,5,False,0
306440,Oblitus,"Feb 27, 2015",14.99,Connor Ullmann,0,67,False,0
1047810,Tropia,"Apr 17, 2019",3.99,Street Gaming Inc,0,9,False,0
555080,Isyium,"Dec 13, 2016",0.99,Glenn Main,0,4,False,0
621880,Phoenix Dynasty 2,"Jun 8, 2018",0.0,Ntroy LTD,0,167,False,0
1652930,Konduktor Playtest,"Aug 6, 2021",0.0,Unknown,0,0,False,0
550650,Black Squad,"Jun 26, 2019",0.0,"VALOFE,NS STUDIO",0,60278,False,0
349320,The Rainy Port Keelung 雨港基隆,"Mar 30, 2015",24.99,Erotes Studio,0,327,False,0
636480,Ravenfield,"May 18, 2017",14.99,SteelRaven7,0,49412,True,0
1909080,Polychromia,"May 31, 2022",9.99,JohnnyNeverWalked,0,3,False,0
887520,Seat of War,"Aug 24, 2018",0.0,Halfbolt Studios,0,10,False,0
1382200,Liquidators,"Sep 30, 2020",0.0,1986 CL3,0,602,False,0
386560,Psycho Starship Rampage,"Sep 28, 2015",9.99,Ballistic Frogs,0,119,True,0
1660300,Ultimate Physical Wrestling,"Sep 2, 2021",0.0,Takahiro Miyazawa,0,0,False,0
1356880,Factory of Sweets,"Jul 8, 2020",0.49,Alex Game Dev.,0,4,False,0
383780,Judgement,"Sep 15, 2015",4.99,"Nathan Archer,Luke Brown,Dan Kramer",0,9,True,0
35320,Insane 2,"Jan 24, 2012",14.99,Targem Games,0,448,False,0
261470,Distant Worlds: Universe,"May 23, 2014",29.99,Code Force,0,1295,False,0
786680,Dungeons Forever,"Feb 5, 2018",0.0,Timedrop Studios,0,95,True,0
653870,Cavern Crumblers,"Aug 10, 2017",3.99,Asymptotic Games,0,2,True,0
1218300,Gjana's World,"Jan 20, 2020",0.49,Albatross Idea,0,1,False,0
432950,Orange Moon,"Sep 27, 2017",9.99,Betelgeuse Zero,0,68,False,0
1509510,Settlement Survival,"Oct 11, 2021",14.99,Gleamer Studio,0,3213,False,0
966670,The Wanderer: Frankenstein’s Creature,"Oct 30, 2019",15.99,"La Belle Games,ARTE France",0,123,False,0
964110,MonGirlTile,"Dec 21, 2018",1.99,xexai,0,6,False,0
1458560,I'm on Observation Duty 3,"Nov 13, 2020",2.99,Notovia,0,104,True,0
964960,Plunder! All Hands Ahoy,"Sep 12, 2019",0.0,"Scott Grambo,Ross Grambo",0,10,False,0
7760,X-COM: UFO Defense,"Sep 4, 2008",4.99,"MicroProse Software, Inc",0,3035,False,0
1370940,NovaMundi: The Spear of Chaquén,"Apr 13, 2021",12.99,Slashware Interactive,0,5,False,0
331440,bit Dungeon II,"Dec 15, 2014",3.99,Kinto Games LLC,0,1736,False,0
636590,VR SUSHI BAR,"Jun 4, 2017",9.99,mikai inc.,0,6,False,0
767050,Last Day of FEAR,"Dec 23, 2017",3.99,Laush Studio,0,53,False,0
805040,European Mystery: Flowers of Death Collector's Edition,"Mar 5, 2018",9.99,Blam! Games,0,2,False,0
1852880,Last Group Out Playtest,"Dec 31, 2021",0.0,Unknown,0,0,False,0
1116290,Alien Escape,"Jul 18, 2019",4.99,NoFuel Games,0,25,False,0
1491980,Towards The Stars,"Mar 4, 2021",9.99,Peter Tkačov,0,5,True,0
394770,Owys,"Aug 25, 2015",0.99,Gameware Studios,0,15,True,0
1406690,Kasi,"Jan 7, 2021",4.99,Kaikalii,0,127,False,0
903830,Cash Rush,"Aug 17, 2018",4.99,Broxilia LTD,0,26,False,0
816400,Questlike,"Mar 29, 2018",0.99,Spritewrench,0,1,False,0
877340,ATMOTECH EPISODE PRAELUDIUM,"Oct 1, 2018",17.99,ATMODEPTH,0,1,False,0
1436980,最后的夜晚 Babel,"Dec 2, 2020",1.99,Babel Studio,0,28,False,0
1316520,Flain - Tao force & Cubes,"Jun 2, 2020",0.0,zyfun,0,4,False,0
452860,Mad Bullets,"Jun 10, 2016",14.99,isTom Games Kft.,0,277,False,0
1004050,time of the zombies,"Jan 22, 2019",0.99,kessels game studio,0,5,False,0
1407210,Space Rescue: Code Pink,"Feb 22, 2021",9.99,Robin,0,0,True,0
1382630,Fruit Clicker,"Sep 17, 2020",1.99,SeaPuppy Studios,0,2,False,0
1046030,ISLANDERS,"Apr 4, 2019",4.99,"Coatsink,GrizzlyGames",0,13433,True,0
1786590,Elisa Dragon Hunter,"Dec 3, 2021",0.99,Boom Games,0,17,False,0
356550,East Tower - Kuon (East Tower Series Vol. 3),"Jun 26, 2015",8.99,ROSEVERTE,0,20,False,0
348440,Quell Memento,"May 14, 2015",3.99,Fallen Tree Games Ltd,0,164,False,0
1291100,Night Spasm,"May 15, 2020",0.0,Gideon Moes,0,3,False,0
293860,White Noise Online,"May 22, 2014",4.99,Milkstone Studios,0,441,True,0
677160,We Were Here Too,"Feb 2, 2018",9.99,Total Mayhem Games,0,4697,False,0
500190,Firefight,"Jul 11, 2016",9.99,Sean O'Connor,0,58,False,0
1629480,The Last Dance Saloon,"Jan 24, 2022",1.99,Holon Studios,0,2,False,0
638990,UNDYING,"Oct 19, 2021",19.99,Vanimals,0,624,False,0
1304100,The Adventures of Fatman: Intergalactic Indigestion,"May 15, 2020",0.99,SOCKO! Entertainment,0,1,False,0
1507190,Machinika Museum,"Mar 23, 2021",7.99,Littlefield Studio,0,416,False,0
1044490,The Expression Amrilato,"Jun 21, 2019",24.99,SukeraSparo,0,527,True,0
1667270,Lone McLonegan : A Western Adventure,"Nov 3, 2021",9.99,Sonomio Games,0,42,False,0
1265080,溜冰的猪少,"May 31, 2020",0.99,山竹,0,16,False,0
588560,VRobot: VR Giant Robot Destruction Simulator,"Sep 12, 2018",14.99,Luden.io,0,51,False,0
785110,Anime girl Or Bottle?,"Feb 6, 2018",0.49,Nikita Ghost_RUS,0,105,False,0
13560,Tom Clancy's Splinter Cell®,"Apr 1, 2008",9.99,Ubisoft,0,1929,False,0
1263780,Last Fantasy Hentai,"Jun 25, 2020",7.99,Ero Team Triangle,0,0,False,0
1860080,PathlessWoods Playtest,"Jun 1, 2022",0.0,Unknown,0,0,False,0
1128150,祭壇の花/Saidan no Hana,"Aug 29, 2019",5.99,Zacro,0,0,False,0
1622660,Stream Skate,"May 19, 2021",0.0,Pengu Entertainment,0,0,False,0
2013230,Codename: Judgement Playtest,"Jun 30, 2022",0.0,Unknown,0,0,False,0
1234940,Astronarch,"Jan 22, 2021",7.49,Dale Turner,0,555,False,0
1530920,Crush Depth: U-Boat Simulator,"Feb 10, 2021",59.99,Crush Depth Studios,0,64,False,0
678760,Simon the Sorcerer - Mucusade: 25th Anniversary Edition,"Apr 3, 2018",8.99,"MojoTouch,Adventure Soft",0,30,False,0
1629320,Dear Brother,"May 31, 2021",0.0,NGS Studios,0,0,False,0
644010,Racing Glider,"Feb 27, 2020",6.99,Mystik'art,0,33,False,0
1288300,AdaptaTank,"Apr 27, 2020",2.99,JohnPineapple,0,3,False,0
2061580,Brigadoon,"Jul 6, 2022",0.0,JacksonG13,0,0,False,0
978010,Epic of Serinor: Dawnshadow,"Dec 21, 2018",9.99,Benjamin Mathis,0,4,False,0
1212470,Fourthy,"Jan 2, 2020",1.99,cBlck,0,1,False,0
1132220,Iridion 3D,"Apr 8, 2020",12.99,"Shin'en Multimedia,Piko Interactive",0,10,False,0
349690,ARMED SEVEN,"Mar 6, 2015",4.99,ASTRO PORT,0,60,True,0
485500,Smithy,"Jun 3, 2016",0.51,"David Mulder,Tristan Hartz",0,59,False,0
1011510,Wizard And Minion Idle,"Feb 7, 2019",0.0,Oni Gaming,0,539,False,0
1579850,夏まつりのハナビィ Hanaby's Summer Festival,"Jul 16, 2021",19.99,Enigmatic Network,0,35,False,0
2065240,Christmas Town - Passion House,"Jul 7, 2022",1.99,little monster,0,0,False,0
1890710,Flipstown,"Feb 21, 2022",0.99,ImperiumGame,0,19,False,0
706560,Jimmy and the Pulsating Mass,"Aug 7, 2018",14.99,Kasey Ozymy,0,367,False,0
679960,Brain Crush,"Aug 18, 2017",0.99,Chano H. Hansen,0,1,False,0
353330,Love at First Sight,"May 18, 2015",9.99,Creepy Cute,0,1149,True,0
517300,Publisher Tycoon,"Nov 28, 2016",6.99,14Dimension Enterprise,0,6,False,0
1184720,Later,"Jan 3, 2020",6.99,Little Thingie,0,2,False,0
483680,PolyDome,"Aug 9, 2016",0.0,Plan8,0,44,False,0
921660,Quirky Crystal RPG,"Feb 20, 2019",0.99,Brewsterland Studios,0,1,False,0
521920,Death's Hangover,"Jan 20, 2017",4.99,Retro Army Limited,0,400,False,0
752810,NOLA is Burning,"Nov 17, 2017",2.99,Choice of Games,0,2,True,0
949570,Rand-O-mazE,"Oct 24, 2018",0.99,Sublemonal,0,0,False,0
1448320,Boat Warfare,"Jul 1, 2021",9.99,Ty Victorson,0,1,False,0
1739070,Bone's Cafe,"Apr 8, 2022",9.99,Acute Owl Studio,0,89,False,0
894160,Oh Boy Cheese,"Aug 3, 2018",0.99,Ryan Bissonnette,0,10,False,0
1090690,Sapper,"Dec 18, 2019",19.99,"Fabrice Roisné-Hamelin,Vincent Khadige,Anthony Rabaux,Alexandre Fourquet,Gaëtan Cloarec,Louis Bayard,Adrien Côté-Yang-Ting",0,4,False,0
542910,Crumbled World,"Dec 1, 2016",5.99,Clone Corps,0,4,True,0
1680900,Escape from Nowhere,"Jul 17, 2021",9.99,PancakeGames,0,0,False,0
1691210,WICKED AEONS Playtest,"Oct 13, 2021",0.0,Unknown,0,0,False,0
1807250,Scroll Of Life,"Nov 27, 2021",0.99,Max Pedro,0,4,False,0
1247160,WarDogs: Red's Return,"Apr 29, 2021",3.99,Mito Games,0,32,False,0
1674470,ELYON,"Oct 20, 2021",0.0,"Bluehole Studio, Inc.",0,2394,False,0
352360,Reflections,"Jun 26, 2015",9.99,Broken Window Studios,0,40,True,0
462070,IWO: Bloodbath in the Bonins,"May 19, 2016",9.99,Guerilla Tea Games,0,11,False,0
1113950,Puzzle: Fire Sticks,"Oct 11, 2019",0.9,RedBoss Games,0,13,False,0
434390,Lost Bros,"Feb 25, 2016",2.99,Wheat Muffin Games,0,11,False,0
1179220,Gaijin Troubles,"Feb 3, 2020",9.99,Grim's Studio,0,36,False,0
1739240,GUN &amp; BUCKLER Playtest,"Oct 1, 2021",0.0,Unknown,0,0,False,0
838840,Secret of Harrow Manor,"Apr 24, 2018",2.99,Only Human Studios,0,5,True,0
998730,Hail To The King,"Jan 4, 2019",1.99,Almighty Games,0,7,True,0
31800,Nancy Drew®: Danger by Design,"Oct 10, 2009",6.99,HeR Interactive,0,79,False,0
1722440,Bunch of Games,"Sep 13, 2021",2.99,Frenzy,0,3,False,0
1262120,Evil Heart Fever,"Mar 24, 2020",0.99,Sinned Games,0,11,False,0
1774960,我是大侠,"Oct 22, 2021",4.99,"7-429,7-429",0,0,False,0
487590,Pepe Porcupine,"Jun 6, 2016",0.99,EnsenaSoft,0,67,False,0
485340,The Orchard of Stray Sheep,"Jun 20, 2016",9.99,Namaage,0,31,True,0
1516490,CompactO - Idle Game,"Jun 30, 2021",2.99,CryptoGrounds Games LLC,0,48,False,0
681990,Battle Squares,"Aug 23, 2018",6.99,Caleb Chalmers,0,15,False,0
1996930,Pacifish,"Jun 7, 2022",0.0,Conifer Studios,0,0,False,0
1260700,Hentai Babes - Nations,"Apr 5, 2020",1.99,ZangGames,0,0,False,0
1552830,Veg Out Crew,"Jul 16, 2021",2.99,Guy Kimpton,0,2,False,0
1272240,Beat The Machine: Rebooted,"Jul 14, 2020",19.99,Sanguine Studios,0,3,False,0
1516250,Memories of Fireflies,"Feb 12, 2021",9.99,fallen_coconut,0,0,False,0
1814870,Fire in the Beastlands,"Dec 2, 2021",19.99,Chimney Castle,0,8,False,0
250260,Jazzpunk: Director's Cut,"Feb 7, 2014",14.99,Necrophone Games,0,5733,True,0
1141990,Elite Escape,"Oct 18, 2019",3.99,Przestraszeni,0,11,False,0
896940,Switcher,"Aug 9, 2018",2.99,"Lenglet Stéphane,Cédric Cathelain",0,0,False,0
7020,Rogue Trooper,"Mar 29, 2007",9.99,Rebellion,0,355,False,0
1744650,Iris Covenant –Song of the Forgotten Heroes–,"Oct 1, 2021",9.99,MaraStudio,0,2,False,0
1935630,HoopsFPS,"Apr 8, 2022",2.0,"Ronald Elizondo,Justin Green(Musician)",0,0,False,0
801340,Healer Simulator,"Mar 29, 2018",1.99,A.Filimonov,0,1,False,0
483490,Circuitous ®,"Jul 9, 2019",3.99,The Owl Prophecy,0,7,False,0
1997790,Soul Night,"May 28, 2022",24.99,Donkoon,0,9,False,0
987210,Crossroads: Lucky Edition,"Mar 20, 2019",0.0,icon.games,0,33,False,0
373620,Explosionade,"Sep 23, 2015",3.99,Mommy's Best Games,0,51,False,0
433210,Rhino's Rage,"Mar 4, 2016",4.99,Defroids,0,42,False,0
568460,Ghostory,"Oct 23, 2017",6.99,RigidCore Games,0,46,True,0
1803420,They Look Like People,"Nov 29, 2021",1.99,Aaron Wise,0,16,False,0
1484560,Ecchi Spirit,"May 8, 2021",4.99,Grim's Studio,0,0,False,0
2013060,FIGHTING GIRL SAKURA-R,"Jul 7, 2022",9.99,UMAI NEKO,0,0,False,0
410150,Swapperoo,"Dec 18, 2015",0.74,Fallen Tree Games Ltd,0,59,False,0
1681770,Video Horror Society Playtest,"May 27, 2022",0.0,Unknown,0,0,False,0
1390370,Winds Rhapsody,"Aug 23, 2020",0.0,Ocean's Dream,0,39,False,0
453990,Mibibli's Quest,"Aug 4, 2016",5.99,Resni,0,70,False,0
595780,Rogue Port - Blue Nightmare,"Mar 31, 2017",0.51,Volens Nolens Games,0,33,False,0
1088160,Led It Rain VR,"Jul 12, 2019",0.0,Ataverti,0,18,False,0
1234260,Deadly Land,"Feb 24, 2020",5.99,SchmidtGames,0,94,False,0
1165020,Legend of Everything,"Nov 8, 2019",11.99,Kidalang,0,4,True,0
1905900,King Rabbit - Race,"Jun 22, 2022",0.0,RareSloth,0,0,False,0
1506820,Kiki & Ana - The Child,"Mar 13, 2021",1.99,Horror Shop,0,36,False,0
835600,Techwars Deathmatch,"Apr 17, 2018",4.99,Argus Games,0,12,False,0
981010,UNIDENTIFIED,"Nov 29, 2018",15.99,DARKSIDEMOON,0,0,False,0
1624870,Mystery Solitaire Powerful Alchemist,"Jun 9, 2021",4.99,Somer Games,0,3,False,0
1574700,Motorcycle Mechanic Simulator 2021: Prologue,"Jun 4, 2021",0.0,Play2Chill S.A.,0,0,False,0
1828100,Hacker Simulator: Free Trial,"Feb 15, 2022",0.0,Save All Studio,0,0,False,0
1264730,Total Arcade Racing,"May 6, 2021",9.99,Pretty Fly Games,0,20,False,0
525760,Awesome Obstacle Challenge,"Sep 22, 2016",7.99,VRoximity LLC,0,8,False,0
1890290,Ash & Rust Playtest,"Mar 14, 2022",0.0,Unknown,0,0,False,0
1744450,Indirection,"Jan 8, 2022",2.99,Jacob Allen,0,7,True,0
518620,Ballistick,"Oct 14, 2016",1.99,Bomb Shelter Games,0,66,True,0
545040,Feather,"Apr 5, 2019",2.99,Samurai Punk,0,446,False,0
645940,OneScreen Solar Sails,"Jun 16, 2017",1.99,Anti-Ded GameDev,0,26,False,0
80,Counter-Strike: Condition Zero,"Mar 1, 2004",9.99,Valve,0,19314,True,0
1257660,Time Rift,"Feb 17, 2022",9.99,"Lightshards,Abiding Bridge",0,110,False,0
343860,Tacoma,"Aug 1, 2017",19.99,Fullbright,0,3323,True,0
527770,Russian SuperHero Dead Ivan,"Oct 19, 2016",0.54,Anatoliy Loginovskikh,0,111,False,0
1246170,ZYNET,"Sep 24, 2020",19.99,Tankafide Studios,0,3,False,0
801250,GOHOROBO,"Mar 20, 2018",3.99,MAFIS,0,1,False,0
974320,Hentai Dreams,"Dec 10, 2018",0.99,Squids Around,0,0,False,0
1543030,Sword and Fairy 7,"Oct 21, 2021",29.99,软星科技（北京）有限公司,0,8876,False,0
210950,Rune Classic,"Jun 13, 2012",9.99,Human Head Studios,0,698,False,0
1037130,Dandy Ace,"Mar 25, 2021",19.99,Mad Mimic,0,769,False,0
403120,THE GAME OF LIFE,"Nov 3, 2015",4.99,Marmalade Game Studio Ltd,0,1508,False,0
1437500,Dread X Collection 3,"Oct 23, 2020",9.99,"DreadXP,Torple Dook,Adam Pype & Viktor Kraus,KIRA,corpsepile,Breogan Hackett,Redact Games,Modus Interactive,Basalt Tower,Blood Machine,Bryce Bucher,DIRIGO GAMES,Moya Horror,Wayward Preacher,Amon26",0,238,False,0
514820,Wasps!,"Aug 31, 2016",4.99,Mad Vulture Games,0,6,False,0
916860,Puzzle Monarch: Super Natural,"Aug 21, 2018",4.99,Ripknot Systems,0,7,False,0
953820,Parkan: Iron Strategy,"Nov 6, 2018",2.99,GameXP.com,0,21,False,0
556140,We Are Stars,"Dec 16, 2016",9.99,NSC Creative,0,37,False,0
806990,EverHero - The Fantasy Shooter,"Apr 6, 2018",4.99,That Table Games,0,5,False,0
1343480,Flow Gear Racing,"Mar 29, 2021",14.99,CHF Software,0,0,False,0
705860,SpaceWalker,"Jan 3, 2018",0.0,TM xR Lab,0,15,False,0
467940,Memoir En Code: Reissue,"Sep 21, 2016",4.99,Kalopsia Games,0,16,True,0
1975120,The Lost Dachshund,"May 17, 2022",0.0,"Little Glyph Games,Fiddlepoke Games,Weenie Walker Games",0,0,False,0
1368120,Messy Room Simulator,"Sep 21, 2020",4.99,Kether Studio,0,23,False,0
424760,Bladestar,"Jan 15, 2016",4.99,"Fair Weather Studios, LLC",0,61,False,0
1713450,Cat Jump,"Aug 17, 2021",0.99,CatDev Games,0,3,False,0
351450,Scribble Space,"Jun 1, 2015",1.99,Coty Getzelman,0,60,True,0
1035550,Galaxy Forces VR,"Aug 30, 2019",0.0,Team Galaxy,0,14,False,0
12520,18 Wheels of Steel: American Long Haul,"Jan 29, 2008",9.99,SCS Software,0,318,False,0
788930,Razerwire:Nanowars,"Feb 28, 2018",0.49,Hammer and Ravens,0,80,False,0
588990,The Homestead Invasion,"Jan 10, 2018",8.99,Ore,0,15,False,0
1491400,Sucker Punch VR,"Nov 18, 2021",19.99,"AR Glimpse, LLC",0,9,False,0
1799890,Brightness,"Mar 11, 2022",5.99,Maestro Games,0,0,False,0
980160,UBERCOLD,"Jun 24, 2019",0.0,"Side Group,UBERTEAM",0,21,False,0
1570050,Break through 50,"May 21, 2021",0.99,hubiao,0,8,True,0
427970,Heathen Engineering's Terran,"Mar 20, 2019",39.99,Heathen Engineering,0,5,True,0
1261530,Ponpu,"Dec 2, 2020",14.99,Purple Tree Studio,0,43,False,0
1542450,Kosmonavtes: Academy Escape,"Feb 22, 2021",1.99,LKMAD,0,2,True,0
1735120,Abandoned,"Oct 5, 2021",1.99,Krenliper,0,2,False,0
661070,Perigee,"Feb 28, 2018",1.99,Boejunda LLC,0,2,False,0
1163560,SuperEpic: The Entertainment War,"Dec 12, 2019",17.99,Undercoders,0,49,False,0
841270,Trap welcome to Beryl Part 1,"May 2, 2018",0.0,Jucar,0,176,False,0
403040,Driver Booster 3 for STEAM,"Oct 28, 2015",0.0,IObit,0,463,False,0
540740,Perfect,"Dec 16, 2016",9.99,nDreams / Near Light,0,29,False,0
1103970,Departure Dash,"Sep 10, 2019",1.99,Metawe,0,1,False,0
954530,The Momo Game,"Oct 16, 2018",1.99,Caffeine,0,53,False,0
96900,Slam Bolt Scrappers,"Mar 14, 2013",2.99,Fire Hose Games,0,23,False,0
1097580,CUSTOM ORDER MAID 3D2 It's a Night Magic,"Jul 30, 2019",40.0,KISS,0,1071,False,0
914900,Super Strawberry Man,"Nov 2, 2018",1.99,Anamik Majumdar,0,4,True,0
989010,The Scenic Treasures - Japanese Learning,"Dec 31, 2018",39.99,Bizengames,0,1,False,0
1156470,Ghouls Underground,"Nov 22, 2019",14.99,Choloco,0,1,False,0
933300,Wuxia Master,"Sep 29, 2018",10.0,甲山林娛樂股份有限公司,0,248,False,0
1168530,登塔者们 Babel Climbers,"Feb 29, 2020",9.99,Nianless,0,1,False,0
1205170,Super Magbot,"Jun 22, 2021",4.49,Astral Pixel,0,135,False,0
1163550,Captain Tsubasa: Rise of New Champions,"Sep 28, 2020",59.99,TAMSOFT CORPORATION,0,2273,False,0
1267770,Linda & Joan Prologue: “Four Months Earlier”,"Jul 14, 2020",0.0,False Vacuum Games,0,32,False,0
520230,TwinForce,"Sep 20, 2016",4.99,ETI,0,7,False,0
1835000,Bean Playtest,"Dec 21, 2021",0.0,Unknown,0,0,False,0
354960,An Imp? A Fiend!,"Mar 16, 2015",0.99,Blaze Epic,0,36,False,0
610750,Games&Girls,"Apr 18, 2017",1.99,Yume Creations,0,200,True,0
1623620,Superstar Streetz,"Jan 4, 2022",0.0,Gunther-Gerben Boxhammer,0,0,False,0
683240,Apocalypse Knights 2.0 - The Angel Awakens,"Aug 29, 2017",4.99,InterServ International,0,6,False,0
1240370,Shell Corp,"Aug 21, 2020",12.99,Practical Yolk Games,0,8,False,0
1798690,Blackjack Avenue,"Jun 21, 2022",2.99,Tyler Stansfield Jaggers,0,5,False,0
350640,Sherlock Holmes: The Devil's Daughter,"Jun 10, 2016",5.99,Frogwares,0,9528,False,0
1298000,Hidden,"Jul 13, 2020",0.99,Olsc,0,2,False,0
386600,Pixel Fodder,"Jul 20, 2015",0.0,Wacha,0,111,False,0
1112950,Japocaliptyca/ Япокалиптика,"Jul 25, 2019",0.99,azimut team,0,0,True,0
985600,The Last Aura,"Jul 15, 2019",5.99,Leyline Games,0,0,True,0
446330,Guns of Infinity,"Mar 29, 2016",4.99,Hosted Games,0,87,True,0
1935410,The Smash Cars Tournament,"Apr 11, 2022",4.99,DoraGames,0,1,False,0
312980,Graviteam Tactics: Mius-Front,"Mar 4, 2016",34.99,Graviteam,0,668,False,0
1016430,Tokyo Snap,"Aug 1, 2019",2.99,Cozy Game Pals,0,15,True,0
1659800,Sweet House,"Jul 20, 2021",1.99,Bambuseae Games,0,293,False,0
1128370,Try again!,"Jan 2, 2020",1.99,Antizero company,0,23,False,0
1233230,You Are A Bird,"Mar 6, 2020",19.99,othercrow,0,6,False,0
355490,Stratus: Battle For The Sky,"Dec 2, 2016",15.99,"Storm Isle Productions,Polywickstudio",0,20,True,0
718990,Drone Infiltrator,"Dec 18, 2017",10.99,U24 Solutions,0,0,False,0
2062150,Quadrobat,"Jul 7, 2022",0.99,Trinal Games,0,1,True,0
1740000,Cute Honey: Bunny Girl,"Nov 25, 2021",4.99,Lovely Games,0,451,False,0
518680,Kapsul Infinite,"Aug 25, 2016",1.99,Luke O'Connor,0,5,False,0
2020630,廃村巡り | Haisonmeguri,"Jul 15, 2022",2.99,とらんぽ（Torampo）,0,35,False,0
318090,DICETINY: The Lord of the Dice,"Jul 21, 2016",0.99,Fakedice,0,164,False,0
780850,Recreational Dreaming,"Jan 31, 2018",5.99,"Donald Dunbar,Ryan Donaldson",0,7,False,0
509260,Northern Regime,"Feb 17, 2017",10.99,Axel Anderson,0,9,False,0
657280,Rytmik Studio,"Nov 15, 2017",29.99,"CINEMAX, s.r.o.",0,202,False,0
603400,FOX n FORESTS,"May 17, 2018",9.99,"Bonus Level Entertainment,Independent Arts Software",0,113,True,0
1367770,Flying propeller,"Jul 31, 2020",0.99,Laush Dmitriy Sergeevich,0,4,False,0
1817910,TechnoMagic,"Feb 2, 2022",0.0,Cyber Plus Ltd,0,0,False,0
559030,Siege Saga,"Feb 28, 2018",4.99,PlayZilla.tk,0,24,False,0
1845370,Dungeonball,"Dec 13, 2021",4.99,Sokpop Collective,0,3,False,0
469920,hackmud,"Sep 22, 2016",19.99,Drizzly Bear,0,511,True,0
411550,Island Tribe,"Oct 19, 2015",2.99,Realore,0,27,False,0
1324860,Heretic's Lot: Prologue,"Jun 8, 2020",0.0,Golden Cup Games,0,8,False,0
1375440,Avoidvania,"Sep 25, 2021",10.99,RED STUDIO,0,6,False,0
